time,longitude,latitude,pressure_hPa,geopotential height_m,temperature_C,dew point temperature_C,ice point temperature_C,relative humidity_%,humidity wrt ice_%,mixing ratio_g/kg,wind direction_degree,wind speed_m/s
2025-05-17 20:14:54,-97.4380,35.1809, 969.7,  345, 27.1, 18.4, 18.4, 59, 59,13.88,100, 4.1
2025-05-17 20:14:55,-97.4381,35.1808, 968.4,  357, 26.6, 17.8, 17.8, 59, 59,13.35, 92, 3.4
2025-05-17 20:14:56,-97.4381,35.1808, 967.5,  365, 26.6, 17.5, 17.5, 57, 57,13.12, 89, 3.2
2025-05-17 20:14:57,-97.4382,35.1808, 966.6,  373, 26.6, 17.4, 17.4, 57, 57,13.00, 88, 3.3
2025-05-17 20:14:58,-97.4383,35.1808, 965.8,  381, 26.6, 17.3, 17.3, 57, 57,12.93, 88, 3.5
2025-05-17 20:14:59,-97.4383,35.1808, 964.9,  388, 26.5, 17.2, 17.2, 57, 57,12.87, 89, 3.7
2025-05-17 20:15:00,-97.4384,35.1808, 964.2,  395, 26.4, 17.1, 17.1, 57, 57,12.83, 90, 3.9
2025-05-17 20:15:01,-97.4385,35.1808, 963.5,  401, 26.3, 17.1, 17.1, 57, 57,12.80, 90, 4.0
2025-05-17 20:15:02,-97.4385,35.1808, 963.0,  407, 26.3, 17.0, 17.0, 57, 57,12.77, 91, 4.2
2025-05-17 20:15:03,-97.4385,35.1808, 962.4,  412, 26.2, 17.0, 17.0, 57, 57,12.73, 91, 4.4
2025-05-17 20:15:04,-97.4385,35.1808, 961.8,  417, 26.1, 16.9, 16.9, 57, 57,12.70, 92, 4.5
2025-05-17 20:15:05,-97.4385,35.1808, 961.2,  423, 26.1, 16.9, 16.9, 57, 57,12.70, 92, 4.7
2025-05-17 20:15:06,-97.4386,35.1808, 960.5,  429, 26.0, 16.9, 16.9, 57, 57,12.71, 93, 4.8
2025-05-17 20:15:07,-97.4386,35.1808, 959.8,  436, 25.9, 16.9, 16.9, 57, 57,12.69, 93, 4.9
2025-05-17 20:15:08,-97.4387,35.1808, 958.9,  444, 25.8, 16.8, 16.8, 58, 58,12.68, 94, 5.1
2025-05-17 20:15:09,-97.4388,35.1807, 958.1,  451, 25.8, 16.9, 16.9, 58, 58,12.70, 94, 5.2
2025-05-17 20:15:10,-97.4388,35.1808, 957.2,  459, 25.7, 16.8, 16.8, 58, 58,12.70, 95, 5.3
2025-05-17 20:15:11,-97.4389,35.1808, 956.4,  467, 25.6, 16.8, 16.8, 58, 58,12.65, 95, 5.5
2025-05-17 20:15:12,-97.4389,35.1808, 955.6,  474, 25.5, 16.7, 16.7, 58, 58,12.64, 96, 5.6
2025-05-17 20:15:13,-97.4390,35.1808, 954.8,  481, 25.5, 16.7, 16.7, 58, 58,12.62, 96, 5.7
2025-05-17 20:15:14,-97.4391,35.1808, 954.1,  488, 25.4, 16.7, 16.7, 59, 59,12.62, 96, 5.8
2025-05-17 20:15:15,-97.4392,35.1808, 953.4,  495, 25.3, 16.7, 16.7, 59, 59,12.64, 97, 5.9
2025-05-17 20:15:16,-97.4393,35.1808, 952.7,  501, 25.3, 16.7, 16.7, 59, 59,12.65, 97, 6.0
2025-05-17 20:15:17,-97.4394,35.1808, 952.0,  507, 25.3, 16.7, 16.7, 59, 59,12.67, 97, 6.2
2025-05-17 20:15:18,-97.4394,35.1809, 951.3,  514, 25.2, 16.8, 16.8, 59, 59,12.71, 98, 6.3
2025-05-17 20:15:19,-97.4395,35.1809, 950.6,  521, 25.2, 16.7, 16.7, 60, 60,12.70, 98, 6.4
2025-05-17 20:15:20,-97.4395,35.1809, 949.8,  528, 25.1, 16.7, 16.7, 60, 60,12.70, 98, 6.5
2025-05-17 20:15:21,-97.4395,35.1809, 949.0,  535, 25.0, 16.8, 16.8, 60, 60,12.74, 98, 6.6
2025-05-17 20:15:22,-97.4396,35.1809, 948.2,  543, 24.9, 16.7, 16.7, 61, 61,12.74, 99, 6.7
2025-05-17 20:15:23,-97.4397,35.1809, 947.4,  550, 24.9, 16.7, 16.7, 61, 61,12.74, 99, 6.8
2025-05-17 20:15:24,-97.4398,35.1809, 946.7,  557, 24.8, 16.7, 16.7, 61, 61,12.74, 99, 6.9
2025-05-17 20:15:25,-97.4399,35.1809, 945.8,  565, 24.7, 16.7, 16.7, 61, 61,12.74, 99, 7.0
2025-05-17 20:15:26,-97.4400,35.1809, 944.8,  575, 24.6, 16.7, 16.7, 61, 61,12.74, 99, 7.1
2025-05-17 20:15:27,-97.4402,35.1809, 943.7,  585, 24.6, 16.7, 16.7, 61, 61,12.74, 99, 7.2
2025-05-17 20:15:28,-97.4403,35.1809, 942.7,  594, 24.5, 16.6, 16.6, 62, 62,12.71,100, 7.3
2025-05-17 20:15:29,-97.4404,35.1810, 941.8,  602, 24.4, 16.6, 16.6, 62, 62,12.70,100, 7.4
2025-05-17 20:15:30,-97.4404,35.1809, 941.1,  609, 24.4, 16.6, 16.6, 62, 62,12.71,100, 7.4
2025-05-17 20:15:31,-97.4405,35.1809, 940.5,  614, 24.3, 16.6, 16.6, 62, 62,12.73,100, 7.5
2025-05-17 20:15:32,-97.4405,35.1809, 939.9,  620, 24.2, 16.6, 16.6, 63, 63,12.74,100, 7.6
2025-05-17 20:15:33,-97.4405,35.1810, 939.3,  625, 24.1, 16.6, 16.6, 63, 63,12.74,100, 7.7
2025-05-17 20:15:34,-97.4406,35.1810, 938.8,  631, 24.1, 16.6, 16.6, 63, 63,12.75,101, 7.8
2025-05-17 20:15:35,-97.4406,35.1811, 938.2,  636, 24.0, 16.6, 16.6, 63, 63,12.73,101, 7.9
2025-05-17 20:15:36,-97.4407,35.1811, 937.7,  640, 23.9, 16.5, 16.5, 63, 63,12.66,101, 8.0
2025-05-17 20:15:37,-97.4408,35.1811, 937.3,  645, 23.8, 16.4, 16.4, 63, 63,12.64,101, 8.0
2025-05-17 20:15:38,-97.4410,35.1811, 936.6,  651, 23.7, 16.4, 16.4, 64, 64,12.63,101, 8.1
2025-05-17 20:15:39,-97.4411,35.1811, 935.8,  658, 23.7, 16.4, 16.4, 64, 64,12.63,102, 8.2
2025-05-17 20:15:40,-97.4412,35.1811, 935.1,  665, 23.6, 16.4, 16.4, 64, 64,12.66,102, 8.3
2025-05-17 20:15:41,-97.4413,35.1811, 934.4,  671, 23.6, 16.5, 16.5, 64, 64,12.70,102, 8.4
2025-05-17 20:15:42,-97.4413,35.1811, 933.7,  677, 23.5, 16.5, 16.5, 65, 65,12.71,102, 8.4
2025-05-17 20:15:43,-97.4415,35.1811, 933.1,  684, 23.4, 16.4, 16.4, 65, 65,12.69,103, 8.5
2025-05-17 20:15:44,-97.4416,35.1811, 932.4,  690, 23.4, 16.4, 16.4, 65, 65,12.67,103, 8.6
2025-05-17 20:15:45,-97.4417,35.1812, 931.8,  696, 23.3, 16.4, 16.4, 65, 65,12.67,103, 8.7
2025-05-17 20:15:46,-97.4418,35.1812, 931.2,  701, 23.3, 16.4, 16.4, 65, 65,12.71,104, 8.8
2025-05-17 20:15:47,-97.4419,35.1813, 930.5,  708, 23.2, 16.4, 16.4, 66, 66,12.72,104, 8.8
2025-05-17 20:15:48,-97.4420,35.1813, 929.7,  715, 23.2, 16.4, 16.4, 66, 66,12.69,104, 8.9
2025-05-17 20:15:49,-97.4421,35.1813, 928.9,  723, 23.1, 16.3, 16.3, 66, 66,12.64,105, 9.0
2025-05-17 20:15:50,-97.4421,35.1814, 928.2,  729, 23.0, 16.2, 16.2, 66, 66,12.61,105, 9.1
2025-05-17 20:15:51,-97.4422,35.1814, 927.6,  735, 23.0, 16.2, 16.2, 66, 66,12.58,106, 9.1
2025-05-17 20:15:52,-97.4423,35.1814, 927.2,  739, 22.9, 16.2, 16.2, 66, 66,12.59,106, 9.2
2025-05-17 20:15:53,-97.4424,35.1814, 926.8,  743, 22.9, 16.3, 16.3, 66, 66,12.64,106, 9.3
2025-05-17 20:15:54,-97.4425,35.1813, 926.3,  747, 22.8, 16.3, 16.3, 67, 67,12.69,107, 9.4
2025-05-17 20:15:55,-97.4426,35.1813, 925.8,  752, 22.8, 16.3, 16.3, 67, 67,12.71,107, 9.4
2025-05-17 20:15:55,-97.4426,35.1814, 925.2,  758, 22.7, 16.3, 16.3, 67, 67,12.72,108, 9.5
2025-05-17 20:15:56,-97.4427,35.1814, 925.0,  760, 22.7, 16.3, 16.3, 67, 67,12.72,109, 9.6
2025-05-17 20:15:57,-97.4428,35.1814, 924.6,  763, 22.7, 16.3, 16.3, 67, 67,12.72,109, 9.6
2025-05-17 20:15:58,-97.4429,35.1814, 924.1,  768, 22.6, 16.3, 16.3, 68, 68,12.73,109, 9.6
2025-05-17 20:15:59,-97.4430,35.1815, 923.5,  773, 22.6, 16.3, 16.3, 68, 68,12.74,110, 9.7
2025-05-17 20:16:00,-97.4431,35.1815, 923.0,  779, 22.5, 16.4, 16.4, 68, 68,12.79,110, 9.7
2025-05-17 20:16:01,-97.4432,35.1816, 922.4,  784, 22.5, 16.5, 16.5, 69, 69,12.89,111, 9.8
2025-05-17 20:16:02,-97.4433,35.1816, 921.9,  789, 22.5, 16.5, 16.5, 69, 69,12.92,112, 9.8
2025-05-17 20:16:03,-97.4434,35.1817, 921.4,  794, 22.4, 16.4, 16.4, 69, 69,12.87,112, 9.9
2025-05-17 20:16:04,-97.4436,35.1817, 920.8,  799, 22.4, 16.4, 16.4, 69, 69,12.81,113, 9.9
2025-05-17 20:16:05,-97.4437,35.1817, 920.1,  806, 22.3, 16.3, 16.3, 69, 69,12.80,114,10.0
2025-05-17 20:16:06,-97.4438,35.1817, 919.3,  813, 22.2, 16.3, 16.3, 69, 69,12.79,114,10.0
2025-05-17 20:16:07,-97.4440,35.1818, 918.5,  821, 22.1, 16.3, 16.3, 69, 69,12.77,115,10.1
2025-05-17 20:16:08,-97.4441,35.1818, 917.8,  827, 22.1, 16.2, 16.2, 69, 69,12.73,116,10.1
2025-05-17 20:16:09,-97.4441,35.1819, 917.3,  833, 22.0, 16.2, 16.2, 70, 70,12.72,117,10.1
2025-05-17 20:16:10,-97.4442,35.1820, 916.8,  837, 22.0, 16.3, 16.3, 70, 70,12.83,118,10.1
2025-05-17 20:16:11,-97.4443,35.1821, 916.4,  841, 22.0, 16.5, 16.5, 71, 71,12.95,119,10.2
2025-05-17 20:16:12,-97.4444,35.1821, 916.0,  845, 22.0, 16.5, 16.5, 71, 71,12.99,120,10.2
2025-05-17 20:16:13,-97.4445,35.1821, 915.5,  850, 22.0, 16.5, 16.5, 71, 71,13.03,121,10.2
2025-05-17 20:16:14,-97.4445,35.1821, 915.0,  855, 22.0, 16.7, 16.7, 72, 72,13.14,121,10.2
2025-05-17 20:16:15,-97.4446,35.1822, 914.4,  860, 21.9, 16.7, 16.7, 72, 72,13.17,123,10.3
2025-05-17 20:16:16,-97.4447,35.1822, 913.8,  866, 21.9, 16.7, 16.7, 72, 72,13.15,124,10.3
2025-05-17 20:16:17,-97.4448,35.1822, 913.2,  871, 21.8, 16.6, 16.6, 72, 72,13.15,125,10.3
2025-05-17 20:16:18,-97.4449,35.1823, 912.6,  877, 21.8, 16.6, 16.6, 73, 73,13.13,126,10.3
2025-05-17 20:16:19,-97.4450,35.1823, 912.1,  882, 21.7, 16.6, 16.6, 73, 73,13.13,127,10.4
2025-05-17 20:16:20,-97.4451,35.1824, 911.6,  887, 21.7, 16.6, 16.6, 73, 73,13.18,128,10.4
2025-05-17 20:16:21,-97.4453,35.1824, 911.2,  891, 21.6, 16.7, 16.7, 73, 73,13.20,129,10.4
2025-05-17 20:16:22,-97.4454,35.1825, 910.7,  896, 21.6, 16.7, 16.7, 74, 74,13.26,130,10.5
2025-05-17 20:16:23,-97.4455,35.1826, 910.1,  901, 21.5, 16.8, 16.8, 74, 74,13.34,132,10.5
2025-05-17 20:16:24,-97.4456,35.1827, 909.6,  906, 21.5, 16.8, 16.8, 75, 75,13.38,133,10.6
2025-05-17 20:16:25,-97.4456,35.1828, 909.0,  912, 21.5, 16.9, 16.9, 75, 75,13.40,134,10.7
2025-05-17 20:16:26,-97.4457,35.1828, 908.4,  917, 21.5, 16.8, 16.8, 75, 75,13.40,135,10.7
2025-05-17 20:16:27,-97.4457,35.1829, 907.8,  923, 21.4, 16.8, 16.8, 75, 75,13.35,137,10.8
2025-05-17 20:16:28,-97.4458,35.1829, 907.1,  930, 21.3, 16.8, 16.8, 75, 75,13.36,138,10.9
2025-05-17 20:16:29,-97.4459,35.1830, 906.4,  937, 21.3, 16.9, 16.9, 76, 76,13.49,139,11.0
2025-05-17 20:16:30,-97.4460,35.1831, 905.7,  944, 21.3, 17.2, 17.2, 77, 77,13.73,140,11.1
2025-05-17 20:16:31,-97.4460,35.1832, 905.0,  950, 21.4, 17.5, 17.5, 79, 79,14.04,141,11.2
2025-05-17 20:16:32,-97.4461,35.1833, 904.4,  956, 21.4, 17.7, 17.7, 80, 80,14.26,142,11.3
2025-05-17 20:16:33,-97.4462,35.1834, 903.8,  962, 21.4, 17.8, 17.8, 80, 80,14.30,143,11.4
2025-05-17 20:16:34,-97.4463,35.1835, 903.1,  968, 21.4, 17.7, 17.7, 80, 80,14.28,144,11.5
2025-05-17 20:16:35,-97.4463,35.1835, 902.5,  974, 21.3, 17.7, 17.7, 80, 80,14.29,145,11.6
2025-05-17 20:16:36,-97.4463,35.1836, 901.8,  981, 21.3, 17.8, 17.8, 81, 81,14.40,146,11.8
2025-05-17 20:16:37,-97.4464,35.1837, 901.1,  988, 21.3, 18.1, 18.1, 82, 82,14.64,147,11.9
2025-05-17 20:16:38,-97.4465,35.1838, 900.5,  993, 21.3, 18.4, 18.4, 84, 84,14.99,148,12.0
2025-05-17 20:16:39,-97.4466,35.1840, 900.0,  998, 21.3, 18.6, 18.6, 84, 84,15.14,148,12.1
2025-05-17 20:16:40,-97.4466,35.1841, 899.5, 1003, 21.3, 18.6, 18.6, 85, 85,15.19,149,12.2
2025-05-17 20:16:41,-97.4467,35.1842, 899.1, 1007, 21.3, 18.7, 18.7, 85, 85,15.26,149,12.4
2025-05-17 20:16:42,-97.4467,35.1843, 898.6, 1012, 21.3, 18.9, 18.9, 86, 86,15.45,150,12.5
2025-05-17 20:16:43,-97.4468,35.1844, 898.0, 1017, 21.3, 19.0, 19.0, 87, 87,15.60,150,12.6
2025-05-17 20:16:44,-97.4469,35.1845, 897.5, 1022, 21.3, 19.1, 19.1, 87, 87,15.64,151,12.7
2025-05-17 20:16:45,-97.4470,35.1845, 897.0, 1027, 21.2, 19.0, 19.0, 87, 87,15.62,151,12.8
2025-05-17 20:16:46,-97.4471,35.1847, 896.5, 1032, 21.2, 19.0, 19.0, 87, 87,15.55,152,12.9
2025-05-17 20:16:47,-97.4472,35.1848, 896.0, 1037, 21.1, 19.0, 19.0, 87, 87,15.57,152,13.0
2025-05-17 20:16:48,-97.4473,35.1849, 895.5, 1042, 21.1, 19.0, 19.0, 88, 88,15.65,152,13.1
2025-05-17 20:16:49,-97.4473,35.1850, 895.0, 1046, 21.1, 19.1, 19.1, 88, 88,15.70,152,13.2
2025-05-17 20:16:50,-97.4474,35.1851, 894.6, 1051, 21.1, 19.1, 19.1, 88, 88,15.71,153,13.3
2025-05-17 20:16:51,-97.4474,35.1852, 894.1, 1055, 21.0, 19.1, 19.1, 89, 89,15.72,153,13.4
2025-05-17 20:16:52,-97.4474,35.1853, 893.6, 1060, 21.0, 19.1, 19.1, 89, 89,15.72,153,13.5
2025-05-17 20:16:53,-97.4475,35.1854, 893.1, 1065, 21.0, 19.1, 19.1, 89, 89,15.74,153,13.6
2025-05-17 20:16:54,-97.4475,35.1855, 892.5, 1071, 20.9, 19.1, 19.1, 89, 89,15.80,153,13.6
2025-05-17 20:16:55,-97.4476,35.1857, 891.9, 1077, 20.9, 19.1, 19.1, 90, 90,15.82,154,13.7
2025-05-17 20:16:56,-97.4476,35.1858, 891.2, 1083, 20.9, 19.1, 19.1, 90, 90,15.83,154,13.8
2025-05-17 20:16:57,-97.4477,35.1859, 890.6, 1089, 20.8, 19.1, 19.1, 90, 90,15.85,154,13.8
2025-05-17 20:16:58,-97.4478,35.1860, 890.0, 1095, 20.8, 19.2, 19.2, 90, 90,15.87,154,13.9
2025-05-17 20:16:59,-97.4479,35.1861, 889.5, 1100, 20.7, 19.2, 19.2, 91, 91,15.89,154,13.9
2025-05-17 20:17:00,-97.4480,35.1862, 889.0, 1105, 20.7, 19.2, 19.2, 91, 91,15.93,154,14.0
2025-05-17 20:17:01,-97.4481,35.1863, 888.5, 1110, 20.7, 19.2, 19.2, 91, 91,15.93,154,14.0
2025-05-17 20:17:02,-97.4482,35.1864, 888.1, 1114, 20.7, 19.1, 19.1, 91, 91,15.90,155,14.1
2025-05-17 20:17:03,-97.4483,35.1866, 887.7, 1118, 20.7, 19.1, 19.1, 91, 91,15.90,155,14.1
2025-05-17 20:17:04,-97.4483,35.1867, 887.3, 1122, 20.6, 19.2, 19.2, 91, 91,15.93,155,14.1
2025-05-17 20:17:05,-97.4483,35.1869, 886.8, 1127, 20.6, 19.1, 19.1, 91, 91,15.92,155,14.1
2025-05-17 20:17:06,-97.4484,35.1870, 886.3, 1132, 20.6, 19.1, 19.1, 91, 91,15.89,155,14.2
2025-05-17 20:17:07,-97.4484,35.1871, 885.7, 1137, 20.5, 19.1, 19.1, 91, 91,15.87,156,14.2
2025-05-17 20:17:08,-97.4485,35.1871, 885.3, 1141, 20.5, 19.1, 19.1, 91, 91,15.86,156,14.2
2025-05-17 20:17:09,-97.4486,35.1872, 884.9, 1145, 20.5, 19.1, 19.1, 91, 91,15.87,156,14.2
2025-05-17 20:17:10,-97.4487,35.1874, 884.5, 1149, 20.5, 19.1, 19.1, 91, 91,15.88,156,14.2
2025-05-17 20:17:11,-97.4488,35.1875, 884.1, 1153, 20.5, 19.1, 19.1, 91, 91,15.89,156,14.2
2025-05-17 20:17:12,-97.4489,35.1876, 883.6, 1158, 20.5, 19.1, 19.1, 92, 92,15.90,157,14.1
2025-05-17 20:17:13,-97.4489,35.1878, 883.2, 1162, 20.5, 19.0, 19.0, 91, 91,15.89,157,14.1
2025-05-17 20:17:14,-97.4490,35.1879, 882.7, 1166, 20.5, 19.0, 19.0, 91, 91,15.85,157,14.1
2025-05-17 20:17:15,-97.4490,35.1880, 882.3, 1171, 20.4, 19.0, 19.0, 91, 91,15.81,158,14.1
2025-05-17 20:17:16,-97.4490,35.1881, 881.7, 1176, 20.4, 18.9, 18.9, 91, 91,15.77,158,14.1
2025-05-17 20:17:17,-97.4490,35.1882, 881.1, 1183, 20.4, 18.8, 18.8, 91, 91,15.72,158,14.1
2025-05-17 20:17:18,-97.4491,35.1883, 880.4, 1189, 20.4, 18.8, 18.8, 90, 90,15.65,158,14.1
2025-05-17 20:17:19,-97.4492,35.1884, 879.8, 1196, 20.4, 18.7, 18.7, 90, 90,15.62,159,14.1
2025-05-17 20:17:20,-97.4492,35.1885, 879.2, 1202, 20.4, 18.7, 18.7, 90, 90,15.64,159,14.1
2025-05-17 20:17:21,-97.4493,35.1886, 878.6, 1207, 20.4, 18.7, 18.7, 90, 90,15.66,159,14.0
2025-05-17 20:17:22,-97.4493,35.1888, 878.1, 1212, 20.3, 18.7, 18.7, 90, 90,15.63,159,14.0
2025-05-17 20:17:23,-97.4494,35.1889, 877.5, 1218, 20.3, 18.7, 18.7, 90, 90,15.61,160,14.0
2025-05-17 20:17:24,-97.4494,35.1891, 876.9, 1224, 20.3, 18.6, 18.6, 90, 90,15.60,160,14.0
2025-05-17 20:17:25,-97.4494,35.1892, 876.4, 1229, 20.2, 18.6, 18.6, 90, 90,15.58,160,14.1
2025-05-17 20:17:26,-97.4494,35.1893, 875.9, 1234, 20.2, 18.6, 18.6, 90, 90,15.56,161,14.1
2025-05-17 20:17:27,-97.4494,35.1894, 875.5, 1238, 20.2, 18.5, 18.5, 90, 90,15.52,161,14.1
2025-05-17 20:17:28,-97.4495,35.1895, 875.0, 1243, 20.2, 18.5, 18.5, 90, 90,15.49,161,14.1
2025-05-17 20:17:29,-97.4496,35.1896, 874.6, 1247, 20.1, 18.5, 18.5, 90, 90,15.47,162,14.1
2025-05-17 20:17:30,-97.4496,35.1897, 874.1, 1252, 20.1, 18.5, 18.5, 90, 90,15.46,162,14.1
2025-05-17 20:17:31,-97.4497,35.1898, 873.6, 1256, 20.1, 18.4, 18.4, 90, 90,15.45,162,14.1
2025-05-17 20:17:32,-97.4498,35.1899, 873.2, 1260, 20.1, 18.4, 18.4, 90, 90,15.43,163,14.1
2025-05-17 20:17:33,-97.4499,35.1900, 872.9, 1264, 20.0, 18.4, 18.4, 90, 90,15.41,163,14.1
2025-05-17 20:17:34,-97.4500,35.1902, 872.5, 1267, 20.0, 18.4, 18.4, 90, 90,15.40,164,14.2
2025-05-17 20:17:35,-97.4500,35.1903, 872.1, 1272, 20.0, 18.4, 18.4, 90, 90,15.42,164,14.2
2025-05-17 20:17:36,-97.4501,35.1905, 871.5, 1277, 20.0, 18.4, 18.4, 91, 91,15.43,165,14.2
2025-05-17 20:17:37,-97.4502,35.1906, 870.8, 1284, 19.9, 18.4, 18.4, 91, 91,15.42,165,14.2
2025-05-17 20:17:38,-97.4502,35.1907, 870.1, 1291, 19.9, 18.3, 18.3, 90, 90,15.35,166,14.2
2025-05-17 20:17:39,-97.4502,35.1908, 869.5, 1298, 19.9, 18.2, 18.2, 90, 90,15.26,166,14.2
2025-05-17 20:17:40,-97.4502,35.1910, 868.9, 1303, 19.9, 18.1, 18.1, 89, 89,15.17,167,14.2
2025-05-17 20:17:41,-97.4502,35.1911, 868.5, 1308, 19.9, 18.0, 18.0, 89, 89,15.09,167,14.2
2025-05-17 20:17:42,-97.4502,35.1913, 868.0, 1312, 19.9, 17.9, 17.9, 88, 88,15.04,168,14.2
2025-05-17 20:17:43,-97.4502,35.1914, 867.5, 1317, 19.9, 17.9, 17.9, 88, 88,15.03,168,14.1
2025-05-17 20:17:44,-97.4502,35.1916, 866.9, 1323, 19.9, 17.9, 17.9, 88, 88,15.03,169,14.1
2025-05-17 20:17:45,-97.4503,35.1917, 866.3, 1330, 19.9, 17.9, 17.9, 88, 88,15.01,169,14.1
2025-05-17 20:17:46,-97.4504,35.1918, 865.7, 1336, 19.8, 17.8, 17.8, 88, 88,14.99,170,14.1
2025-05-17 20:17:47,-97.4504,35.1919, 865.1, 1341, 19.8, 17.8, 17.8, 88, 88,14.99,171,14.1
2025-05-17 20:17:48,-97.4504,35.1920, 864.6, 1346, 19.8, 17.8, 17.8, 89, 89,15.02,171,14.1
2025-05-17 20:17:49,-97.4504,35.1921, 864.0, 1352, 19.7, 17.8, 17.8, 89, 89,15.04,172,14.1
2025-05-17 20:17:50,-97.4504,35.1922, 863.4, 1358, 19.7, 17.8, 17.8, 89, 89,15.05,172,14.0
2025-05-17 20:17:51,-97.4504,35.1924, 862.8, 1364, 19.6, 17.8, 17.8, 89, 89,15.05,172,14.0
2025-05-17 20:17:52,-97.4504,35.1925, 862.2, 1370, 19.6, 17.8, 17.8, 89, 89,15.01,173,14.0
2025-05-17 20:17:53,-97.4505,35.1926, 861.7, 1376, 19.5, 17.7, 17.7, 89, 89,14.97,173,14.0
2025-05-17 20:17:54,-97.4505,35.1928, 861.1, 1381, 19.5, 17.7, 17.7, 90, 90,14.99,174,14.0
2025-05-17 20:17:55,-97.4505,35.1928, 860.6, 1387, 19.4, 17.7, 17.7, 90, 90,15.01,174,14.0
2025-05-17 20:17:56,-97.4505,35.1930, 860.0, 1392, 19.4, 17.7, 17.7, 90, 90,15.02,175,14.0
2025-05-17 20:17:57,-97.4505,35.1931, 859.5, 1397, 19.3, 17.7, 17.7, 91, 91,15.01,175,14.1
2025-05-17 20:17:58,-97.4505,35.1932, 859.0, 1403, 19.3, 17.7, 17.7, 91, 91,14.99,175,14.1
2025-05-17 20:17:59,-97.4505,35.1934, 858.5, 1408, 19.2, 17.7, 17.7, 91, 91,14.98,176,14.1
2025-05-17 20:18:00,-97.4505,35.1935, 858.0, 1413, 19.2, 17.7, 17.7, 91, 91,14.98,176,14.2
2025-05-17 20:18:01,-97.4505,35.1936, 857.4, 1419, 19.2, 17.6, 17.6, 91, 91,14.93,176,14.2
2025-05-17 20:18:02,-97.4505,35.1937, 856.9, 1424, 19.1, 17.5, 17.5, 90, 90,14.85,177,14.3
2025-05-17 20:18:03,-97.4506,35.1938, 856.4, 1429, 19.1, 17.5, 17.5, 90, 90,14.82,177,14.4
2025-05-17 20:18:04,-97.4506,35.1939, 855.9, 1434, 19.1, 17.5, 17.5, 90, 90,14.81,177,14.4
2025-05-17 20:18:05,-97.4506,35.1940, 855.4, 1439, 19.1, 17.4, 17.4, 90, 90,14.79,177,14.5
2025-05-17 20:18:06,-97.4507,35.1942, 854.9, 1444, 19.1, 17.4, 17.4, 90, 90,14.78,178,14.5
2025-05-17 20:18:07,-97.4507,35.1943, 854.4, 1449, 19.1, 17.4, 17.4, 90, 90,14.77,178,14.6
2025-05-17 20:18:08,-97.4507,35.1945, 853.8, 1454, 19.1, 17.4, 17.4, 90, 90,14.75,178,14.7
2025-05-17 20:18:09,-97.4507,35.1946, 853.3, 1460, 19.0, 17.3, 17.3, 90, 90,14.70,179,14.8
2025-05-17 20:18:10,-97.4506,35.1948, 852.8, 1465, 19.0, 17.2, 17.2, 89, 89,14.61,179,14.8
2025-05-17 20:18:11,-97.4506,35.1949, 852.2, 1471, 19.0, 17.1, 17.1, 88, 88,14.52,179,14.9
2025-05-17 20:18:12,-97.4505,35.1951, 851.6, 1477, 19.0, 17.0, 17.0, 88, 88,14.47,180,15.0
2025-05-17 20:18:13,-97.4505,35.1952, 851.1, 1483, 19.0, 16.9, 16.9, 88, 88,14.40,180,15.1
2025-05-17 20:18:14,-97.4505,35.1954, 850.5, 1488, 19.0, 16.8, 16.8, 87, 87,14.28,180,15.1
2025-05-17 20:18:14,-97.4505,35.1954, 850.1, 1493, 19.1, 16.6, 16.6, 86, 86,14.12,181,15.2
2025-05-17 20:18:15,-97.4505,35.1955, 850.0, 1493, 19.1, 16.6, 16.6, 85, 85,14.11,181,15.3
2025-05-17 20:18:16,-97.4506,35.1957, 849.7, 1497, 19.1, 16.5, 16.5, 85, 85,14.04,181,15.3
2025-05-17 20:18:17,-97.4506,35.1958, 849.3, 1500, 19.1, 16.5, 16.5, 85, 85,14.02,182,15.3
2025-05-17 20:18:18,-97.4506,35.1960, 849.0, 1504, 19.1, 16.5, 16.5, 85, 85,14.01,182,15.4
2025-05-17 20:18:19,-97.4506,35.1961, 848.6, 1508, 19.1, 16.4, 16.4, 85, 85,13.99,182,15.4
2025-05-17 20:18:20,-97.4506,35.1962, 848.1, 1513, 19.0, 16.4, 16.4, 85, 85,14.00,183,15.5
2025-05-17 20:18:21,-97.4506,35.1963, 847.6, 1518, 19.0, 16.4, 16.4, 85, 85,14.01,183,15.5
2025-05-17 20:18:22,-97.4506,35.1964, 847.0, 1524, 19.0, 16.4, 16.4, 85, 85,13.99,184,15.6
2025-05-17 20:18:23,-97.4506,35.1965, 846.5, 1529, 18.9, 16.4, 16.4, 85, 85,13.98,184,15.6
2025-05-17 20:18:24,-97.4506,35.1967, 845.9, 1535, 18.9, 16.3, 16.3, 85, 85,13.95,185,15.7
2025-05-17 20:18:25,-97.4505,35.1968, 845.3, 1541, 18.9, 16.3, 16.3, 85, 85,13.89,185,15.7
2025-05-17 20:18:26,-97.4505,35.1970, 844.7, 1547, 18.8, 16.2, 16.2, 85, 85,13.85,186,15.8
2025-05-17 20:18:27,-97.4505,35.1972, 844.2, 1552, 18.8, 16.1, 16.1, 85, 85,13.80,186,15.8
2025-05-17 20:18:28,-97.4505,35.1973, 843.7, 1557, 18.8, 16.0, 16.0, 84, 84,13.69,187,15.9
2025-05-17 20:18:29,-97.4505,35.1975, 843.3, 1561, 18.8, 15.9, 15.9, 83, 83,13.58,187,15.9
2025-05-17 20:18:30,-97.4505,35.1976, 843.0, 1565, 18.7, 15.8, 15.8, 83, 83,13.49,187,16.0
2025-05-17 20:18:31,-97.4505,35.1977, 842.7, 1568, 18.7, 15.7, 15.7, 82, 82,13.40,188,16.0
2025-05-17 20:18:32,-97.4504,35.1978, 842.2, 1572, 18.7, 15.6, 15.6, 82, 82,13.33,188,16.1
2025-05-17 20:18:33,-97.4504,35.1980, 841.8, 1577, 18.7, 15.5, 15.5, 82, 82,13.27,189,16.1
2025-05-17 20:18:34,-97.4503,35.1981, 841.2, 1583, 18.7, 15.4, 15.4, 81, 81,13.20,189,16.1
2025-05-17 20:18:35,-97.4503,35.1982, 840.7, 1588, 18.7, 15.3, 15.3, 81, 81,13.14,189,16.2
2025-05-17 20:18:36,-97.4502,35.1984, 840.2, 1593, 18.7, 15.2, 15.2, 80, 80,13.07,189,16.2
2025-05-17 20:18:37,-97.4502,35.1986, 839.8, 1597, 18.7, 15.2, 15.2, 80, 80,13.04,190,16.2
2025-05-17 20:18:38,-97.4501,35.1987, 839.4, 1601, 18.7, 15.2, 15.2, 80, 80,13.05,190,16.2
2025-05-17 20:18:39,-97.4501,35.1989, 839.0, 1605, 18.6, 15.2, 15.2, 80, 80,13.02,190,16.3
2025-05-17 20:18:40,-97.4500,35.1990, 838.5, 1610, 18.6, 15.2, 15.2, 80, 80,13.03,190,16.3
2025-05-17 20:18:41,-97.4500,35.1992, 838.0, 1616, 18.6, 15.2, 15.2, 81, 81,13.11,190,16.3
2025-05-17 20:18:42,-97.4499,35.1993, 837.5, 1621, 18.5, 15.3, 15.3, 82, 82,13.18,190,16.3
2025-05-17 20:18:43,-97.4499,35.1995, 836.9, 1627, 18.4, 15.4, 15.4, 82, 82,13.25,190,16.3
2025-05-17 20:18:44,-97.4499,35.1997, 836.3, 1633, 18.4, 15.4, 15.4, 83, 83,13.26,191,16.3
2025-05-17 20:18:45,-97.4499,35.1998, 835.7, 1639, 18.3, 15.4, 15.4, 83, 83,13.26,191,16.3
2025-05-17 20:18:46,-97.4499,35.1999, 835.2, 1645, 18.3, 15.3, 15.3, 83, 83,13.19,191,16.3
2025-05-17 20:18:47,-97.4499,35.2000, 834.6, 1650, 18.2, 15.0, 15.0, 81, 81,12.94,191,16.3
2025-05-17 20:18:48,-97.4498,35.2001, 834.0, 1657, 18.3, 14.5, 14.5, 78, 78,12.53,191,16.3
2025-05-17 20:18:49,-97.4498,35.2003, 833.4, 1663, 18.4, 14.0, 14.0, 76, 76,12.18,191,16.3
2025-05-17 20:18:50,-97.4497,35.2004, 832.7, 1670, 18.4, 13.8, 13.8, 75, 75,12.03,190,16.2
2025-05-17 20:18:51,-97.4497,35.2005, 832.1, 1677, 18.4, 13.8, 13.8, 75, 75,12.01,190,16.2
2025-05-17 20:18:52,-97.4496,35.2007, 831.5, 1683, 18.4, 13.8, 13.8, 75, 75,11.99,190,16.2
2025-05-17 20:18:53,-97.4496,35.2009, 830.9, 1689, 18.3, 13.8, 13.8, 75, 75,11.99,190,16.2
2025-05-17 20:18:54,-97.4496,35.2010, 830.4, 1694, 18.3, 13.7, 13.7, 75, 75,11.98,190,16.2
2025-05-17 20:18:55,-97.4496,35.2012, 829.8, 1700, 18.3, 13.7, 13.7, 75, 75,11.95,190,16.2
2025-05-17 20:18:56,-97.4496,35.2013, 829.2, 1706, 18.2, 13.6, 13.6, 75, 75,11.92,190,16.2
2025-05-17 20:18:57,-97.4495,35.2014, 828.6, 1713, 18.2, 13.6, 13.6, 75, 75,11.90,190,16.2
2025-05-17 20:18:58,-97.4495,35.2016, 828.0, 1719, 18.1, 13.5, 13.5, 74, 74,11.82,190,16.2
2025-05-17 20:18:59,-97.4494,35.2017, 827.4, 1725, 18.1, 13.3, 13.3, 74, 74,11.71,191,16.1
2025-05-17 20:19:00,-97.4494,35.2019, 826.7, 1732, 18.1, 13.2, 13.2, 73, 73,11.63,191,16.1
2025-05-17 20:19:01,-97.4494,35.2020, 826.1, 1739, 18.0, 13.2, 13.2, 73, 73,11.62,191,16.2
2025-05-17 20:19:02,-97.4493,35.2022, 825.4, 1746, 18.0, 13.1, 13.1, 73, 73,11.59,191,16.2
2025-05-17 20:19:03,-97.4493,35.2023, 824.8, 1752, 17.9, 13.1, 13.1, 73, 73,11.55,191,16.2
2025-05-17 20:19:04,-97.4493,35.2024, 824.2, 1758, 17.9, 13.0, 13.0, 73, 73,11.51,191,16.2
2025-05-17 20:19:05,-97.4493,35.2025, 823.7, 1764, 17.8, 13.0, 13.0, 73, 73,11.49,191,16.2
2025-05-17 20:19:06,-97.4493,35.2027, 823.2, 1769, 17.8, 12.9, 12.9, 73, 73,11.47,192,16.2
2025-05-17 20:19:07,-97.4493,35.2028, 822.7, 1774, 17.8, 12.9, 12.9, 73, 73,11.44,192,16.3
2025-05-17 20:19:08,-97.4493,35.2030, 822.2, 1780, 17.7, 12.9, 12.9, 74, 74,11.47,192,16.3
2025-05-17 20:19:09,-97.4492,35.2032, 821.6, 1785, 17.7, 13.0, 13.0, 74, 74,11.53,192,16.3
2025-05-17 20:19:10,-97.4491,35.2034, 821.1, 1791, 17.6, 13.0, 13.0, 74, 74,11.50,193,16.3
2025-05-17 20:19:11,-97.4491,35.2035, 820.6, 1797, 17.5, 12.9, 12.9, 74, 74,11.44,193,16.3
2025-05-17 20:19:12,-97.4490,35.2036, 820.0, 1802, 17.5, 12.8, 12.8, 74, 74,11.40,193,16.4
2025-05-17 20:19:13,-97.4489,35.2037, 819.5, 1808, 17.5, 12.8, 12.8, 74, 74,11.41,193,16.4
2025-05-17 20:19:14,-97.4489,35.2038, 819.0, 1813, 17.4, 12.8, 12.8, 74, 74,11.39,194,16.4
2025-05-17 20:19:15,-97.4489,35.2039, 818.5, 1817, 17.4, 12.7, 12.7, 74, 74,11.33,194,16.4
2025-05-17 20:19:16,-97.4488,35.2041, 818.1, 1822, 17.4, 12.6, 12.6, 74, 74,11.28,194,16.5
2025-05-17 20:19:17,-97.4488,35.2042, 817.6, 1827, 17.3, 12.5, 12.5, 73, 73,11.23,194,16.5
2025-05-17 20:19:18,-97.4488,35.2044, 817.2, 1832, 17.3, 12.4, 12.4, 73, 73,11.13,195,16.5
2025-05-17 20:19:19,-97.4487,35.2046, 816.6, 1838, 17.4, 12.2, 12.2, 72, 72,10.97,195,16.5
2025-05-17 20:19:20,-97.4487,35.2047, 816.0, 1844, 17.4, 11.9, 11.9, 70, 70,10.76,195,16.5
2025-05-17 20:19:21,-97.4486,35.2049, 815.3, 1851, 17.4, 11.4, 11.4, 68, 68,10.42,195,16.5
2025-05-17 20:19:22,-97.4485,35.2050, 814.7, 1858, 17.5, 10.7, 10.7, 64, 64, 9.97,196,16.4
2025-05-17 20:19:23,-97.4484,35.2052, 814.0, 1865, 17.6, 10.3, 10.3, 62, 62, 9.71,196,16.4
2025-05-17 20:19:24,-97.4483,35.2054, 813.4, 1871, 17.6, 10.3, 10.3, 62, 62, 9.70,196,16.4
2025-05-17 20:19:25,-97.4483,35.2055, 812.9, 1877, 17.5, 10.3, 10.3, 62, 62, 9.71,196,16.4
2025-05-17 20:19:26,-97.4482,35.2057, 812.4, 1882, 17.5, 10.2, 10.2, 62, 62, 9.69,196,16.4
2025-05-17 20:19:27,-97.4482,35.2059, 811.9, 1887, 17.5, 10.2, 10.2, 62, 62, 9.66,196,16.3
2025-05-17 20:19:28,-97.4482,35.2060, 811.4, 1892, 17.5, 10.1, 10.1, 62, 62, 9.60,196,16.3
2025-05-17 20:19:29,-97.4481,35.2061, 811.0, 1896, 17.4, 10.0, 10.0, 62, 62, 9.58,197,16.3
2025-05-17 20:19:30,-97.4481,35.2062, 810.7, 1900, 17.4, 10.0, 10.0, 62, 62, 9.57,197,16.2
2025-05-17 20:19:31,-97.4481,35.2063, 810.3, 1904, 17.4, 10.0, 10.0, 62, 62, 9.55,197,16.2
2025-05-17 20:19:32,-97.4480,35.2064, 809.9, 1909, 17.4,  9.9,  9.9, 62, 62, 9.52,197,16.2
2025-05-17 20:19:33,-97.4479,35.2065, 809.4, 1914, 17.3,  9.9,  9.9, 62, 62, 9.53,197,16.1
2025-05-17 20:19:34,-97.4479,35.2067, 808.9, 1919, 17.3, 10.0, 10.0, 62, 62, 9.56,197,16.1
2025-05-17 20:19:35,-97.4478,35.2068, 808.4, 1924, 17.2,  9.9,  9.9, 62, 62, 9.51,197,16.1
2025-05-17 20:19:36,-97.4478,35.2070, 807.9, 1929, 17.2,  9.8,  9.8, 62, 62, 9.43,197,16.1
2025-05-17 20:19:37,-97.4477,35.2072, 807.4, 1935, 17.2,  9.7,  9.7, 62, 62, 9.41,197,16.1
2025-05-17 20:19:38,-97.4477,35.2073, 806.9, 1940, 17.1,  9.7,  9.7, 61, 61, 9.39,198,16.1
2025-05-17 20:19:39,-97.4477,35.2074, 806.4, 1945, 17.1,  9.6,  9.6, 61, 61, 9.37,198,16.1
2025-05-17 20:19:40,-97.4476,35.2075, 805.9, 1950, 17.1,  9.6,  9.6, 61, 61, 9.35,198,16.0
2025-05-17 20:19:41,-97.4476,35.2076, 805.5, 1955, 17.0,  9.6,  9.6, 62, 62, 9.35,198,16.0
2025-05-17 20:19:42,-97.4475,35.2078, 805.1, 1960, 17.0,  9.6,  9.6, 62, 62, 9.38,198,16.0
2025-05-17 20:19:43,-97.4474,35.2079, 804.6, 1965, 16.9,  9.6,  9.6, 62, 62, 9.36,198,16.1
2025-05-17 20:19:44,-97.4473,35.2081, 804.1, 1970, 16.9,  9.4,  9.4, 61, 61, 9.26,198,16.1
2025-05-17 20:19:45,-97.4473,35.2082, 803.5, 1976, 16.9,  9.2,  9.2, 61, 61, 9.13,199,16.1
2025-05-17 20:19:46,-97.4472,35.2084, 803.0, 1982, 16.9,  9.0,  9.0, 60, 60, 9.01,199,16.1
2025-05-17 20:19:47,-97.4472,35.2085, 802.4, 1988, 16.9,  8.9,  8.9, 59, 59, 8.93,199,16.1
2025-05-17 20:19:48,-97.4472,35.2086, 801.9, 1993, 16.8,  8.8,  8.8, 59, 59, 8.92,199,16.1
2025-05-17 20:19:49,-97.4471,35.2087, 801.4, 1999, 16.8,  8.9,  8.9, 60, 60, 8.94,200,16.1
2025-05-17 20:19:50,-97.4470,35.2089, 800.9, 2004, 16.7,  8.9,  8.9, 60, 60, 8.99,200,16.1
2025-05-17 20:19:51,-97.4469,35.2090, 800.4, 2009, 16.7,  9.0,  9.0, 60, 60, 9.02,200,16.1
2025-05-17 20:19:52,-97.4468,35.2092, 799.9, 2014, 16.6,  9.0,  9.0, 61, 61, 9.02,201,16.1
2025-05-17 20:19:53,-97.4468,35.2094, 799.5, 2019, 16.6,  8.9,  8.9, 60, 60, 8.97,201,16.1
2025-05-17 20:19:54,-97.4468,35.2095, 799.0, 2024, 16.6,  8.7,  8.7, 60, 60, 8.86,201,16.1
2025-05-17 20:19:55,-97.4467,35.2096, 798.6, 2029, 16.6,  8.5,  8.5, 59, 59, 8.73,202,16.1
2025-05-17 20:19:56,-97.4467,35.2098, 798.1, 2034, 16.6,  8.3,  8.3, 58, 58, 8.65,202,16.1
2025-05-17 20:19:57,-97.4466,35.2099, 797.6, 2039, 16.6,  8.3,  8.3, 58, 58, 8.64,203,16.0
2025-05-17 20:19:58,-97.4465,35.2100, 797.1, 2045, 16.6,  8.2,  8.2, 58, 58, 8.59,203,16.0
2025-05-17 20:19:59,-97.4464,35.2102, 796.5, 2051, 16.5,  8.0,  8.0, 57, 57, 8.47,204,16.0
2025-05-17 20:20:00,-97.4464,35.2103, 796.0, 2056, 16.5,  7.9,  7.9, 57, 57, 8.43,204,15.9
2025-05-17 20:20:01,-97.4463,35.2105, 795.5, 2062, 16.4,  8.1,  8.1, 58, 58, 8.54,205,15.9
2025-05-17 20:20:02,-97.4463,35.2106, 795.0, 2067, 16.4,  8.1,  8.1, 58, 58, 8.57,205,15.8
2025-05-17 20:20:03,-97.4462,35.2107, 794.4, 2073, 16.4,  7.8,  7.8, 57, 57, 8.37,206,15.7
2025-05-17 20:20:04,-97.4462,35.2108, 793.8, 2079, 16.4,  7.1,  7.1, 54, 54, 7.99,206,15.7
2025-05-17 20:20:05,-97.4461,35.2109, 793.3, 2085, 16.5,  6.2,  6.2, 50, 50, 7.50,206,15.6
2025-05-17 20:20:06,-97.4459,35.2110, 792.7, 2091, 16.7,  5.0,  5.0, 46, 46, 6.89,207,15.5
2025-05-17 20:20:07,-97.4458,35.2112, 792.2, 2097, 16.8,  4.3,  4.3, 43, 43, 6.59,207,15.4
2025-05-17 20:20:08,-97.4457,35.2113, 791.6, 2103, 16.8,  4.3,  4.3, 43, 43, 6.61,208,15.4
2025-05-17 20:20:09,-97.4456,35.2114, 791.1, 2109, 16.8,  4.0,  4.0, 42, 42, 6.46,208,15.3
2025-05-17 20:20:10,-97.4455,35.2116, 790.6, 2114, 16.9,  3.0,  3.0, 39, 39, 6.02,208,15.2
2025-05-17 20:20:11,-97.4455,35.2117, 790.1, 2119, 17.1,  2.4,  2.4, 37, 37, 5.76,209,15.1
2025-05-17 20:20:12,-97.4454,35.2117, 789.7, 2124, 17.1,  2.4,  2.4, 37, 37, 5.76,209,15.0
2025-05-17 20:20:13,-97.4453,35.2118, 789.2, 2129, 17.1,  2.5,  2.5, 38, 38, 5.81,209,14.9
2025-05-17 20:20:14,-97.4452,35.2119, 788.8, 2134, 17.0,  2.5,  2.5, 38, 38, 5.83,210,14.9
2025-05-17 20:20:15,-97.4451,35.2121, 788.3, 2139, 17.0,  2.5,  2.5, 38, 38, 5.80,210,14.8
2025-05-17 20:20:16,-97.4449,35.2122, 787.7, 2146, 16.9,  2.3,  2.3, 37, 37, 5.72,210,14.7
2025-05-17 20:20:17,-97.4448,35.2123, 787.1, 2152, 16.9,  2.0,  2.0, 37, 37, 5.61,210,14.6
2025-05-17 20:20:18,-97.4448,35.2124, 786.6, 2157, 16.9,  1.7,  1.7, 36, 36, 5.51,211,14.6
2025-05-17 20:20:19,-97.4447,35.2125, 786.1, 2163, 16.9,  1.4,  1.4, 35, 35, 5.40,211,14.5
2025-05-17 20:20:20,-97.4447,35.2126, 785.6, 2168, 16.9,  1.3,  1.3, 35, 35, 5.37,211,14.5
2025-05-17 20:20:21,-97.4446,35.2127, 785.2, 2172, 16.9,  1.3,  1.3, 35, 35, 5.38,211,14.4
2025-05-17 20:20:22,-97.4446,35.2128, 784.8, 2177, 16.9,  1.4,  1.4, 35, 35, 5.38,211,14.4
2025-05-17 20:20:23,-97.4445,35.2129, 784.5, 2181, 16.8,  1.4,  1.4, 35, 35, 5.40,212,14.3
2025-05-17 20:20:24,-97.4445,35.2131, 784.1, 2185, 16.8,  1.4,  1.4, 35, 35, 5.41,212,14.3
2025-05-17 20:20:25,-97.4444,35.2132, 783.7, 2189, 16.7,  1.4,  1.4, 36, 36, 5.42,212,14.3
2025-05-17 20:20:26,-97.4444,35.2133, 783.3, 2193, 16.7,  1.4,  1.4, 36, 36, 5.40,212,14.3
2025-05-17 20:20:27,-97.4443,35.2134, 782.9, 2198, 16.7,  1.3,  1.3, 35, 35, 5.38,213,14.3
2025-05-17 20:20:28,-97.4442,35.2135, 782.4, 2203, 16.6,  1.2,  1.2, 35, 35, 5.35,213,14.3
2025-05-17 20:20:29,-97.4441,35.2136, 781.9, 2208, 16.6,  1.2,  1.2, 35, 35, 5.34,213,14.3
2025-05-17 20:20:30,-97.4440,35.2137, 781.5, 2213, 16.5,  1.1,  1.1, 35, 35, 5.31,214,14.4
2025-05-17 20:20:31,-97.4438,35.2138, 781.0, 2218, 16.5,  1.0,  1.0, 35, 35, 5.28,214,14.4
2025-05-17 20:20:32,-97.4437,35.2139, 780.6, 2223, 16.4,  0.9,  0.9, 35, 35, 5.25,214,14.5
2025-05-17 20:20:33,-97.4436,35.2141, 780.2, 2227, 16.4,  0.8,  0.8, 35, 35, 5.19,215,14.5
2025-05-17 20:20:34,-97.4436,35.2142, 779.8, 2231, 16.4,  0.4,  0.4, 34, 34, 5.06,215,14.5
2025-05-17 20:20:35,-97.4435,35.2143, 779.4, 2236, 16.4, -0.3, -0.3, 32, 32, 4.79,216,14.6
2025-05-17 20:20:36,-97.4434,35.2144, 779.0, 2240, 16.5, -1.6, -1.4, 29, 29, 4.36,216,14.7
2025-05-17 20:20:37,-97.4433,35.2144, 778.5, 2246, 16.6, -2.5, -2.2, 27, 27, 4.08,216,14.7
2025-05-17 20:20:38,-97.4432,35.2145, 777.9, 2252, 16.6, -2.8, -2.5, 26, 26, 4.00,217,14.8
2025-05-17 20:20:39,-97.4431,35.2146, 777.4, 2258, 16.6, -3.2, -2.8, 26, 26, 3.89,217,14.8
2025-05-17 20:20:40,-97.4430,35.2147, 776.8, 2264, 16.6, -3.5, -3.1, 25, 25, 3.79,218,14.9
2025-05-17 20:20:41,-97.4429,35.2148, 776.3, 2270, 16.6, -3.6, -3.2, 25, 25, 3.76,218,14.9
2025-05-17 20:20:42,-97.4428,35.2149, 775.7, 2276, 16.6, -3.6, -3.2, 25, 25, 3.79,218,15.0
2025-05-17 20:20:43,-97.4428,35.2150, 775.2, 2282, 16.5, -3.5, -3.1, 25, 25, 3.80,219,15.0
2025-05-17 20:20:44,-97.4426,35.2152, 774.7, 2287, 16.5, -3.6, -3.2, 25, 25, 3.77,219,15.1
2025-05-17 20:20:45,-97.4425,35.2153, 774.2, 2293, 16.4, -3.8, -3.3, 25, 25, 3.74,220,15.1
2025-05-17 20:20:46,-97.4424,35.2155, 773.7, 2298, 16.4, -3.9, -3.4, 25, 25, 3.71,220,15.1
2025-05-17 20:20:47,-97.4422,35.2156, 773.3, 2303, 16.4, -4.2, -3.7, 24, 24, 3.63,220,15.2
2025-05-17 20:20:48,-97.4421,35.2157, 772.8, 2308, 16.4, -4.4, -3.9, 24, 24, 3.57,221,15.2
2025-05-17 20:20:49,-97.4419,35.2158, 772.4, 2312, 16.3, -4.4, -3.9, 24, 24, 3.57,221,15.2
2025-05-17 20:20:50,-97.4418,35.2159, 772.1, 2316, 16.3, -4.3, -3.8, 24, 24, 3.59,221,15.2
2025-05-17 20:20:51,-97.4417,35.2160, 771.7, 2320, 16.2, -4.3, -3.8, 24, 24, 3.59,221,15.1
2025-05-17 20:20:52,-97.4416,35.2161, 771.3, 2324, 16.2, -4.4, -3.9, 24, 24, 3.58,222,15.1
2025-05-17 20:20:53,-97.4415,35.2162, 771.0, 2328, 16.2, -4.5, -4.0, 24, 24, 3.55,222,15.1
2025-05-17 20:20:54,-97.4414,35.2163, 770.7, 2331, 16.2, -4.6, -4.1, 24, 24, 3.51,222,15.1
2025-05-17 20:20:55,-97.4413,35.2164, 770.3, 2335, 16.1, -4.8, -4.2, 23, 23, 3.48,222,15.1
2025-05-17 20:20:56,-97.4412,35.2165, 769.9, 2340, 16.1, -5.0, -4.4, 23, 23, 3.42,222,15.0
2025-05-17 20:20:57,-97.4411,35.2166, 769.5, 2344, 16.0, -5.2, -4.6, 23, 23, 3.37,222,15.0
2025-05-17 20:20:58,-97.4409,35.2167, 769.0, 2350, 16.0, -5.5, -4.9, 22, 22, 3.30,223,15.0
2025-05-17 20:20:59,-97.4408,35.2168, 768.5, 2356, 16.0, -5.7, -5.1, 22, 22, 3.25,223,14.9
2025-05-17 20:21:00,-97.4407,35.2169, 767.9, 2362, 15.9, -6.0, -5.3, 22, 22, 3.18,223,14.9
2025-05-17 20:21:01,-97.4406,35.2170, 767.3, 2368, 15.9, -6.4, -5.7, 21, 21, 3.09,223,14.9
2025-05-17 20:21:02,-97.4405,35.2171, 766.8, 2374, 15.9, -6.8, -6.0, 20, 20, 3.00,223,14.8
2025-05-17 20:21:03,-97.4405,35.2172, 766.3, 2379, 15.9, -7.2, -6.4, 20, 20, 2.91,223,14.8
2025-05-17 20:21:04,-97.4404,35.2172, 765.9, 2384, 15.9, -7.4, -6.6, 19, 19, 2.85,223,14.8
2025-05-17 20:21:05,-97.4403,35.2173, 765.5, 2389, 15.9, -7.5, -6.7, 19, 19, 2.84,223,14.8
2025-05-17 20:21:06,-97.4402,35.2174, 765.0, 2394, 15.8, -7.4, -6.6, 20, 20, 2.86,223,14.8
2025-05-17 20:21:07,-97.4400,35.2174, 764.5, 2399, 15.7, -7.4, -6.6, 20, 20, 2.87,223,14.8
2025-05-17 20:21:08,-97.4399,35.2175, 764.0, 2405, 15.7, -7.5, -6.6, 20, 20, 2.85,223,14.8
2025-05-17 20:21:09,-97.4397,35.2176, 763.5, 2411, 15.7, -7.6, -6.7, 19, 19, 2.83,223,14.9
2025-05-17 20:21:10,-97.4396,35.2178, 763.0, 2416, 15.6, -7.7, -6.9, 19, 19, 2.80,223,14.9
2025-05-17 20:21:11,-97.4395,35.2179, 762.6, 2421, 15.6, -7.9, -7.0, 19, 19, 2.77,223,14.9
2025-05-17 20:21:12,-97.4394,35.2180, 762.2, 2425, 15.6, -8.0, -7.1, 19, 19, 2.75,224,15.0
2025-05-17 20:21:13,-97.4393,35.2182, 761.8, 2430, 15.6, -8.0, -7.1, 19, 19, 2.75,224,15.0
2025-05-17 20:21:14,-97.4392,35.2183, 761.4, 2434, 15.5, -8.0, -7.1, 19, 19, 2.75,224,15.1
2025-05-17 20:21:15,-97.4391,35.2183, 761.0, 2438, 15.5, -8.0, -7.1, 19, 19, 2.74,224,15.1
2025-05-17 20:21:16,-97.4391,35.2184, 760.7, 2442, 15.5, -8.0, -7.1, 19, 19, 2.75,224,15.2
2025-05-17 20:21:17,-97.4389,35.2185, 760.3, 2446, 15.4, -8.0, -7.1, 19, 19, 2.75,224,15.3
2025-05-17 20:21:18,-97.4388,35.2185, 759.9, 2451, 15.4, -8.0, -7.2, 19, 19, 2.74,224,15.3
2025-05-17 20:21:19,-97.4387,35.2186, 759.4, 2457, 15.3, -8.2, -7.3, 19, 19, 2.72,224,15.4
2025-05-17 20:21:20,-97.4385,35.2187, 758.9, 2462, 15.3, -8.3, -7.4, 19, 19, 2.69,225,15.4
2025-05-17 20:21:21,-97.4384,35.2189, 758.4, 2467, 15.3, -8.5, -7.5, 19, 19, 2.66,225,15.5
2025-05-17 20:21:22,-97.4383,35.2190, 758.0, 2471, 15.3, -8.5, -7.6, 19, 19, 2.64,225,15.5
2025-05-17 20:21:23,-97.4382,35.2191, 757.7, 2475, 15.3, -8.7, -7.7, 18, 18, 2.62,225,15.6
2025-05-17 20:21:24,-97.4381,35.2193, 757.5, 2478, 15.3, -8.9, -7.9, 18, 18, 2.58,225,15.6
2025-05-17 20:21:25,-97.4380,35.2194, 757.1, 2481, 15.3, -9.1, -8.1, 18, 18, 2.53,226,15.6
2025-05-17 20:21:26,-97.4379,35.2195, 756.8, 2486, 15.3, -9.1, -8.1, 18, 18, 2.53,226,15.7
2025-05-17 20:21:27,-97.4377,35.2196, 756.3, 2490, 15.2, -9.0, -8.0, 18, 18, 2.56,226,15.7
2025-05-17 20:21:28,-97.4376,35.2197, 755.9, 2495, 15.2, -8.9, -7.9, 18, 18, 2.58,226,15.7
2025-05-17 20:21:29,-97.4374,35.2198, 755.5, 2500, 15.1, -8.9, -7.9, 18, 18, 2.59,226,15.7
2025-05-17 20:21:30,-97.4373,35.2199, 755.1, 2504, 15.1, -9.0, -8.0, 18, 18, 2.56,227,15.7
2025-05-17 20:21:31,-97.4371,35.2199, 754.6, 2509, 15.0, -9.1, -8.1, 18, 18, 2.53,227,15.7
2025-05-17 20:21:32,-97.4369,35.2200, 754.1, 2515, 15.0, -9.3, -8.2, 18, 18, 2.51,227,15.7
2025-05-17 20:21:33,-97.4368,35.2201, 753.5, 2522, 14.9, -9.3, -8.3, 18, 18, 2.51,227,15.7
2025-05-17 20:21:34,-97.4367,35.2201, 753.0, 2528, 14.9, -9.3, -8.3, 18, 18, 2.50,228,15.7
2025-05-17 20:21:35,-97.4366,35.2202, 752.4, 2534, 14.8, -9.3, -8.3, 18, 18, 2.50,228,15.7
2025-05-17 20:21:36,-97.4365,35.2204, 752.0, 2539, 14.8, -9.3, -8.3, 18, 18, 2.50,228,15.7
2025-05-17 20:21:37,-97.4364,35.2205, 751.6, 2544, 14.7, -9.4, -8.4, 18, 18, 2.49,229,15.7
2025-05-17 20:21:38,-97.4363,35.2206, 751.2, 2548, 14.7, -9.5, -8.5, 18, 18, 2.47,229,15.7
2025-05-17 20:21:39,-97.4361,35.2207, 750.7, 2553, 14.6, -9.7, -8.6, 18, 18, 2.45,229,15.7
2025-05-17 20:21:40,-97.4360,35.2208, 750.3, 2558, 14.6, -9.8, -8.7, 18, 18, 2.43,229,15.7
2025-05-17 20:21:41,-97.4358,35.2208, 749.8, 2564, 14.5, -9.8, -8.7, 18, 18, 2.43,230,15.7
2025-05-17 20:21:42,-97.4357,35.2209, 749.4, 2568, 14.5, -9.7, -8.7, 18, 18, 2.44,230,15.7
2025-05-17 20:21:43,-97.4357,35.2210, 749.0, 2573, 14.5, -9.6, -8.6, 18, 18, 2.45,230,15.7
2025-05-17 20:21:44,-97.4356,35.2211, 748.6, 2577, 14.4, -9.6, -8.6, 18, 18, 2.46,230,15.7
2025-05-17 20:21:45,-97.4355,35.2212, 748.2, 2582, 14.4, -9.6, -8.6, 18, 18, 2.46,231,15.8
2025-05-17 20:21:46,-97.4353,35.2213, 747.7, 2587, 14.3, -9.7, -8.6, 18, 18, 2.46,231,15.8
2025-05-17 20:21:47,-97.4352,35.2214, 747.2, 2593, 14.2, -9.8, -8.7, 18, 18, 2.44,231,15.8
2025-05-17 20:21:48,-97.4350,35.2215, 746.8, 2598, 14.2, -9.8, -8.7, 18, 18, 2.44,231,15.9
2025-05-17 20:21:49,-97.4348,35.2216, 746.4, 2602, 14.2, -9.7, -8.6, 18, 18, 2.45,231,15.9
2025-05-17 20:21:50,-97.4347,35.2216, 746.0, 2607, 14.1, -9.8, -8.8, 18, 18, 2.43,232,15.9
2025-05-17 20:21:51,-97.4345,35.2217, 745.6, 2611, 14.1,-10.1, -9.0, 18, 18, 2.38,232,16.0
2025-05-17 20:21:52,-97.4344,35.2218, 745.2, 2615, 14.1,-10.2, -9.0, 18, 18, 2.37,232,16.0
2025-05-17 20:21:53,-97.4343,35.2219, 744.8, 2620, 14.0,-10.2, -9.1, 18, 18, 2.35,232,16.0
2025-05-17 20:21:54,-97.4342,35.2219, 744.4, 2624, 14.0,-10.7, -9.5, 17, 17, 2.28,232,16.1
2025-05-17 20:21:55,-97.4340,35.2221, 744.1, 2628, 14.0,-11.2,-10.0, 16, 16, 2.17,232,16.1
2025-05-17 20:21:56,-97.4339,35.2222, 743.7, 2632, 14.0,-11.5,-10.2, 16, 16, 2.13,232,16.1
2025-05-17 20:21:57,-97.4337,35.2223, 743.4, 2636, 14.0,-11.5,-10.2, 16, 16, 2.14,232,16.1
2025-05-17 20:21:58,-97.4335,35.2224, 743.1, 2639, 13.9,-11.5,-10.2, 16, 16, 2.14,232,16.2
2025-05-17 20:21:59,-97.4334,35.2224, 742.8, 2643, 13.9,-11.5,-10.2, 16, 16, 2.14,232,16.2
2025-05-17 20:22:00,-97.4332,35.2225, 742.4, 2647, 13.9,-11.5,-10.2, 16, 16, 2.14,232,16.2
2025-05-17 20:22:01,-97.4330,35.2226, 742.1, 2651, 13.8,-11.5,-10.2, 16, 16, 2.14,232,16.2
2025-05-17 20:22:02,-97.4329,35.2227, 741.8, 2654, 13.8,-11.5,-10.2, 16, 16, 2.14,231,16.2
2025-05-17 20:22:03,-97.4327,35.2227, 741.4, 2659, 13.7,-11.4,-10.2, 16, 16, 2.15,231,16.2
2025-05-17 20:22:04,-97.4326,35.2228, 741.0, 2663, 13.7,-11.3,-10.1, 16, 16, 2.17,231,16.2
2025-05-17 20:22:05,-97.4325,35.2229, 740.6, 2668, 13.7,-11.3,-10.1, 17, 17, 2.17,231,16.2
2025-05-17 20:22:06,-97.4324,35.2230, 740.2, 2672, 13.6,-11.3,-10.1, 17, 17, 2.17,230,16.1
2025-05-17 20:22:07,-97.4323,35.2232, 739.8, 2677, 13.6,-11.4,-10.2, 16, 16, 2.16,230,16.1
2025-05-17 20:22:08,-97.4321,35.2232, 739.4, 2681, 13.5,-11.5,-10.3, 16, 16, 2.14,230,16.1
2025-05-17 20:22:09,-97.4320,35.2233, 739.0, 2686, 13.5,-11.6,-10.3, 16, 16, 2.13,230,16.1
2025-05-17 20:22:10,-97.4318,35.2234, 738.5, 2691, 13.4,-11.6,-10.3, 16, 16, 2.14,229,16.0
2025-05-17 20:22:11,-97.4317,35.2235, 738.0, 2697, 13.4,-11.5,-10.2, 17, 17, 2.15,229,16.0
2025-05-17 20:22:12,-97.4315,35.2236, 737.5, 2703, 13.3,-11.4,-10.2, 17, 17, 2.16,229,15.9
2025-05-17 20:22:13,-97.4314,35.2237, 737.0, 2709, 13.3,-11.5,-10.2, 17, 17, 2.16,228,15.9
2025-05-17 20:22:14,-97.4312,35.2238, 736.5, 2714, 13.2,-11.5,-10.3, 17, 17, 2.15,228,15.9
2025-05-17 20:22:15,-97.4311,35.2239, 736.0, 2720, 13.2,-11.6,-10.4, 17, 17, 2.13,228,15.8
2025-05-17 20:22:16,-97.4310,35.2240, 735.6, 2724, 13.2,-11.7,-10.4, 17, 17, 2.12,227,15.8
2025-05-17 20:22:17,-97.4310,35.2241, 735.3, 2728, 13.1,-11.8,-10.5, 16, 16, 2.11,227,15.7
2025-05-17 20:22:18,-97.4309,35.2242, 735.0, 2732, 13.1,-11.8,-10.6, 16, 16, 2.10,227,15.7
2025-05-17 20:22:19,-97.4308,35.2243, 734.6, 2736, 13.1,-11.9,-10.6, 16, 16, 2.09,227,15.6
2025-05-17 20:22:20,-97.4307,35.2244, 734.3, 2739, 13.0,-11.9,-10.7, 16, 16, 2.08,227,15.6
2025-05-17 20:22:21,-97.4305,35.2245, 734.0, 2743, 13.0,-12.0,-10.7, 16, 16, 2.08,227,15.5
2025-05-17 20:22:22,-97.4304,35.2246, 733.6, 2747, 13.0,-12.0,-10.7, 16, 16, 2.07,227,15.5
2025-05-17 20:22:23,-97.4303,35.2247, 733.3, 2751, 12.9,-12.1,-10.8, 16, 16, 2.07,227,15.4
2025-05-17 20:22:24,-97.4301,35.2248, 732.9, 2756, 12.9,-12.1,-10.8, 16, 16, 2.06,227,15.4
2025-05-17 20:22:25,-97.4300,35.2249, 732.5, 2760, 12.8,-12.2,-10.8, 16, 16, 2.05,227,15.3
2025-05-17 20:22:26,-97.4299,35.2249, 732.1, 2765, 12.8,-12.2,-10.9, 16, 16, 2.05,227,15.3
2025-05-17 20:22:27,-97.4297,35.2251, 731.7, 2769, 12.8,-12.2,-10.9, 16, 16, 2.05,227,15.3
2025-05-17 20:22:28,-97.4296,35.2252, 731.3, 2774, 12.7,-12.2,-10.9, 16, 16, 2.05,227,15.2
2025-05-17 20:22:29,-97.4295,35.2253, 730.9, 2779, 12.7,-12.2,-10.9, 16, 16, 2.05,228,15.2
2025-05-17 20:22:30,-97.4294,35.2254, 730.5, 2783, 12.7,-12.3,-10.9, 16, 16, 2.04,228,15.1
2025-05-17 20:22:31,-97.4293,35.2255, 730.1, 2787, 12.6,-12.3,-11.0, 16, 16, 2.03,228,15.1
2025-05-17 20:22:32,-97.4292,35.2256, 729.7, 2791, 12.6,-12.4,-11.1, 16, 16, 2.02,229,15.1
2025-05-17 20:22:33,-97.4291,35.2257, 729.4, 2796, 12.6,-12.5,-11.1, 16, 16, 2.01,229,15.1
2025-05-17 20:22:34,-97.4290,35.2258, 728.9, 2801, 12.5,-12.5,-11.2, 16, 16, 2.01,229,15.1
2025-05-17 20:22:35,-97.4289,35.2258, 728.5, 2805, 12.5,-12.6,-11.2, 16, 16, 2.00,230,15.1
2025-05-17 20:22:36,-97.4288,35.2259, 728.1, 2810, 12.5,-12.6,-11.3, 16, 16, 1.99,230,15.1
2025-05-17 20:22:37,-97.4286,35.2260, 727.7, 2815, 12.4,-12.8,-11.4, 16, 16, 1.97,230,15.1
2025-05-17 20:22:38,-97.4285,35.2260, 727.2, 2821, 12.4,-12.8,-11.5, 16, 16, 1.96,231,15.1
2025-05-17 20:22:39,-97.4283,35.2261, 726.7, 2826, 12.3,-12.9,-11.5, 16, 16, 1.95,231,15.1
2025-05-17 20:22:40,-97.4282,35.2262, 726.2, 2832, 12.2,-13.0,-11.6, 16, 16, 1.94,232,15.1
2025-05-17 20:22:41,-97.4280,35.2263, 725.7, 2838, 12.2,-13.0,-11.6, 16, 16, 1.93,232,15.2
2025-05-17 20:22:42,-97.4278,35.2264, 725.2, 2843, 12.1,-13.1,-11.7, 16, 16, 1.93,232,15.2
2025-05-17 20:22:43,-97.4277,35.2265, 724.8, 2848, 12.1,-13.1,-11.7, 16, 16, 1.93,233,15.3
2025-05-17 20:22:44,-97.4276,35.2266, 724.3, 2854, 12.0,-13.1,-11.7, 16, 16, 1.92,233,15.3
2025-05-17 20:22:45,-97.4275,35.2267, 723.8, 2860, 12.0,-13.1,-11.7, 16, 16, 1.93,233,15.4
2025-05-17 20:22:46,-97.4274,35.2267, 723.2, 2867, 11.9,-13.1,-11.7, 16, 16, 1.93,233,15.5
2025-05-17 20:22:47,-97.4272,35.2268, 722.7, 2873, 11.9,-13.1,-11.7, 16, 16, 1.92,234,15.6
2025-05-17 20:22:48,-97.4271,35.2268, 722.2, 2879, 11.8,-13.2,-11.8, 16, 16, 1.92,234,15.6
2025-05-17 20:22:49,-97.4269,35.2269, 721.7, 2884, 11.8,-13.2,-11.8, 16, 16, 1.91,234,15.7
2025-05-17 20:22:50,-97.4267,35.2270, 721.2, 2890, 11.7,-13.3,-11.9, 16, 16, 1.90,234,15.8
2025-05-17 20:22:51,-97.4266,35.2270, 720.7, 2896, 11.7,-13.3,-11.9, 16, 16, 1.90,234,15.9
2025-05-17 20:22:52,-97.4265,35.2271, 720.2, 2901, 11.6,-13.4,-12.0, 16, 16, 1.89,234,16.0
2025-05-17 20:22:53,-97.4263,35.2272, 719.7, 2907, 11.6,-13.4,-12.0, 16, 16, 1.88,235,16.1
2025-05-17 20:22:54,-97.4262,35.2273, 719.3, 2912, 11.6,-13.5,-12.0, 16, 16, 1.88,235,16.1
2025-05-17 20:22:55,-97.4261,35.2275, 718.9, 2917, 11.5,-13.4,-12.0, 16, 16, 1.89,235,16.2
2025-05-17 20:22:56,-97.4260,35.2276, 718.5, 2922, 11.5,-13.4,-12.0, 16, 16, 1.89,235,16.3
2025-05-17 20:22:57,-97.4259,35.2276, 718.0, 2927, 11.4,-13.4,-12.0, 16, 16, 1.89,235,16.4
2025-05-17 20:22:58,-97.4257,35.2277, 717.6, 2932, 11.4,-13.4,-12.0, 16, 16, 1.89,235,16.4
2025-05-17 20:22:59,-97.4256,35.2278, 717.2, 2936, 11.3,-13.4,-12.0, 16, 16, 1.89,235,16.5
2025-05-17 20:23:00,-97.4254,35.2278, 716.8, 2940, 11.3,-13.4,-12.0, 16, 16, 1.90,235,16.5
2025-05-17 20:23:01,-97.4252,35.2279, 716.5, 2945, 11.2,-13.4,-11.9, 16, 16, 1.90,235,16.6
2025-05-17 20:23:02,-97.4250,35.2280, 716.1, 2949, 11.2,-13.4,-11.9, 16, 16, 1.90,235,16.6
2025-05-17 20:23:03,-97.4248,35.2281, 715.7, 2953, 11.1,-13.4,-12.0, 16, 16, 1.90,236,16.6
2025-05-17 20:23:04,-97.4247,35.2283, 715.3, 2958, 11.1,-13.5,-12.1, 16, 16, 1.88,236,16.6
2025-05-17 20:23:05,-97.4245,35.2284, 715.0, 2962, 11.1,-13.6,-12.2, 16, 16, 1.87,236,16.6
2025-05-17 20:23:06,-97.4243,35.2285, 714.6, 2967, 11.0,-13.7,-12.3, 16, 16, 1.85,236,16.6
2025-05-17 20:23:07,-97.4241,35.2285, 714.2, 2971, 11.0,-13.8,-12.3, 16, 16, 1.84,236,16.6
2025-05-17 20:23:08,-97.4240,35.2286, 713.9, 2975, 10.9,-13.9,-12.4, 16, 16, 1.83,236,16.6
2025-05-17 20:23:09,-97.4238,35.2287, 713.5, 2979, 10.9,-13.9,-12.4, 16, 16, 1.82,236,16.6
2025-05-17 20:23:10,-97.4237,35.2288, 713.1, 2984, 10.9,-13.9,-12.4, 16, 16, 1.83,236,16.6
2025-05-17 20:23:11,-97.4235,35.2288, 712.7, 2989, 10.8,-13.9,-12.4, 16, 16, 1.84,236,16.5
2025-05-17 20:23:12,-97.4234,35.2289, 712.3, 2994, 10.8,-13.8,-12.3, 16, 16, 1.84,236,16.5
2025-05-17 20:23:13,-97.4233,35.2290, 711.8, 2999, 10.7,-13.8,-12.3, 16, 16, 1.85,236,16.5
2025-05-17 20:23:14,-97.4232,35.2291, 711.3, 3005, 10.7,-13.9,-12.4, 16, 16, 1.84,236,16.4
2025-05-17 20:23:15,-97.4231,35.2292, 710.9, 3010, 10.6,-13.9,-12.4, 16, 16, 1.84,235,16.4
2025-05-17 20:23:16,-97.4229,35.2292, 710.4, 3016, 10.6,-13.9,-12.4, 16, 16, 1.84,235,16.4
2025-05-17 20:23:17,-97.4228,35.2293, 709.9, 3021, 10.5,-14.0,-12.5, 16, 16, 1.83,235,16.3
2025-05-17 20:23:18,-97.4226,35.2293, 709.4, 3027, 10.5,-14.0,-12.5, 16, 16, 1.82,235,16.3
2025-05-17 20:23:19,-97.4224,35.2294, 708.9, 3033, 10.4,-14.0,-12.5, 16, 16, 1.82,235,16.3
2025-05-17 20:23:20,-97.4223,35.2295, 708.4, 3040, 10.4,-14.1,-12.6, 16, 16, 1.82,235,16.2
2025-05-17 20:23:21,-97.4221,35.2296, 707.8, 3046, 10.4,-14.1,-12.6, 16, 16, 1.81,235,16.2
2025-05-17 20:23:22,-97.4219,35.2296, 707.3, 3052, 10.3,-14.2,-12.6, 16, 16, 1.81,234,16.2
2025-05-17 20:23:23,-97.4218,35.2297, 706.8, 3058, 10.2,-14.2,-12.7, 16, 16, 1.80,234,16.1
2025-05-17 20:23:24,-97.4217,35.2299, 706.2, 3064, 10.2,-14.4,-12.8, 16, 16, 1.78,234,16.1
2025-05-17 20:23:25,-97.4216,35.2300, 705.8, 3070, 10.1,-14.5,-13.0, 16, 16, 1.76,234,16.1
2025-05-17 20:23:26,-97.4215,35.2301, 705.3, 3076, 10.0,-14.6,-13.1, 16, 16, 1.74,234,16.1
2025-05-17 20:23:27,-97.4213,35.2302, 704.8, 3082, 10.0,-14.7,-13.1, 16, 16, 1.73,234,16.1
2025-05-17 20:23:28,-97.4211,35.2303, 704.3, 3087,  9.9,-14.7,-13.2, 16, 16, 1.73,233,16.1
2025-05-17 20:23:29,-97.4210,35.2304, 703.8, 3094,  9.9,-14.7,-13.2, 16, 16, 1.73,233,16.0
2025-05-17 20:23:30,-97.4208,35.2305, 703.2, 3101,  9.8,-14.8,-13.2, 16, 16, 1.73,233,16.0
2025-05-17 20:23:31,-97.4207,35.2306, 702.6, 3108,  9.7,-14.8,-13.2, 16, 16, 1.72,233,16.0
2025-05-17 20:23:32,-97.4206,35.2307, 702.0, 3115,  9.7,-14.9,-13.3, 16, 16, 1.72,233,16.0
2025-05-17 20:23:33,-97.4205,35.2307, 701.4, 3121,  9.6,-14.9,-13.3, 16, 16, 1.71,233,16.0
2025-05-17 20:23:34,-97.4204,35.2308, 701.0, 3126,  9.6,-15.0,-13.4, 16, 16, 1.71,232,16.0
2025-05-17 20:23:35,-97.4202,35.2308, 700.6, 3131,  9.5,-15.0,-13.4, 16, 16, 1.70,232,16.0
2025-05-17 20:23:35,-97.4202,35.2308, 700.2, 3136,  9.5,-15.0,-13.4, 16, 16, 1.71,232,16.0
2025-05-17 20:23:36,-97.4201,35.2309, 700.0, 3138,  9.5,-15.0,-13.4, 16, 16, 1.71,232,15.9
2025-05-17 20:23:37,-97.4199,35.2310, 699.7, 3142,  9.4,-15.0,-13.4, 16, 16, 1.71,232,15.9
2025-05-17 20:23:38,-97.4197,35.2311, 699.1, 3148,  9.4,-15.0,-13.4, 16, 16, 1.71,232,15.9
2025-05-17 20:23:39,-97.4196,35.2312, 698.6, 3155,  9.3,-15.0,-13.4, 16, 16, 1.71,232,15.9
2025-05-17 20:23:40,-97.4194,35.2313, 698.1, 3160,  9.3,-15.1,-13.5, 16, 16, 1.70,232,15.9
2025-05-17 20:23:41,-97.4193,35.2315, 697.7, 3166,  9.2,-15.1,-13.5, 16, 16, 1.70,232,15.9
2025-05-17 20:23:42,-97.4192,35.2315, 697.2, 3171,  9.2,-15.1,-13.5, 16, 16, 1.70,232,15.9
2025-05-17 20:23:43,-97.4191,35.2316, 696.8, 3176,  9.1,-15.0,-13.5, 16, 16, 1.70,232,15.9
2025-05-17 20:23:44,-97.4190,35.2317, 696.4, 3180,  9.0,-15.0,-13.5, 17, 17, 1.71,231,15.8
2025-05-17 20:23:45,-97.4189,35.2317, 696.0, 3185,  9.0,-15.1,-13.5, 17, 17, 1.70,231,15.8
2025-05-17 20:23:46,-97.4187,35.2318, 695.6, 3190,  8.9,-15.1,-13.5, 17, 17, 1.70,231,15.8
2025-05-17 20:23:47,-97.4185,35.2318, 695.1, 3196,  8.9,-15.1,-13.5, 17, 17, 1.70,231,15.8
2025-05-17 20:23:48,-97.4184,35.2319, 694.5, 3204,  8.8,-15.1,-13.5, 17, 17, 1.70,231,15.8
2025-05-17 20:23:49,-97.4182,35.2320, 693.9, 3211,  8.7,-15.1,-13.5, 17, 17, 1.70,231,15.7
2025-05-17 20:23:50,-97.4181,35.2322, 693.4, 3217,  8.7,-15.2,-13.6, 17, 17, 1.69,231,15.7
2025-05-17 20:23:51,-97.4180,35.2323, 692.9, 3222,  8.6,-15.2,-13.6, 17, 17, 1.69,231,15.7
2025-05-17 20:23:52,-97.4179,35.2324, 692.5, 3227,  8.6,-15.2,-13.6, 17, 17, 1.69,230,15.7
2025-05-17 20:23:53,-97.4177,35.2325, 692.2, 3231,  8.6,-15.2,-13.6, 17, 17, 1.69,230,15.7
2025-05-17 20:23:54,-97.4176,35.2326, 691.8, 3236,  8.5,-15.3,-13.7, 17, 17, 1.69,230,15.6
2025-05-17 20:23:55,-97.4174,35.2327, 691.3, 3241,  8.5,-15.3,-13.7, 17, 17, 1.69,230,15.6
2025-05-17 20:23:56,-97.4173,35.2328, 690.9, 3247,  8.4,-15.3,-13.7, 17, 17, 1.69,230,15.6
2025-05-17 20:23:57,-97.4172,35.2329, 690.3, 3253,  8.4,-15.3,-13.7, 17, 17, 1.69,230,15.5
2025-05-17 20:23:58,-97.4171,35.2329, 689.8, 3259,  8.3,-15.3,-13.7, 17, 17, 1.69,230,15.5
2025-05-17 20:23:59,-97.4170,35.2330, 689.3, 3265,  8.2,-15.3,-13.7, 17, 17, 1.69,229,15.5
2025-05-17 20:24:00,-97.4169,35.2331, 688.8, 3271,  8.2,-15.3,-13.7, 17, 17, 1.69,229,15.5
2025-05-17 20:24:01,-97.4168,35.2332, 688.3, 3277,  8.1,-15.3,-13.7, 17, 17, 1.69,229,15.4
2025-05-17 20:24:02,-97.4167,35.2333, 687.8, 3284,  8.0,-15.4,-13.8, 17, 17, 1.68,229,15.4
2025-05-17 20:24:03,-97.4165,35.2334, 687.2, 3290,  8.0,-15.4,-13.8, 17, 17, 1.67,229,15.4
2025-05-17 20:24:04,-97.4164,35.2335, 686.7, 3297,  7.9,-15.5,-13.9, 17, 17, 1.67,229,15.3
2025-05-17 20:24:05,-97.4162,35.2336, 686.2, 3302,  7.9,-15.6,-13.9, 17, 17, 1.66,229,15.3
2025-05-17 20:24:06,-97.4160,35.2337, 685.7, 3308,  7.8,-15.6,-14.0, 17, 17, 1.65,229,15.3
2025-05-17 20:24:07,-97.4159,35.2338, 685.2, 3314,  7.8,-15.7,-14.0, 17, 17, 1.65,229,15.3
2025-05-17 20:24:08,-97.4157,35.2338, 684.7, 3320,  7.7,-15.7,-14.0, 17, 17, 1.64,228,15.3
2025-05-17 20:24:09,-97.4156,35.2339, 684.3, 3326,  7.7,-15.8,-14.1, 17, 17, 1.64,228,15.3
2025-05-17 20:24:10,-97.4155,35.2340, 683.8, 3331,  7.7,-15.8,-14.1, 17, 17, 1.64,228,15.3
2025-05-17 20:24:11,-97.4154,35.2341, 683.4, 3336,  7.7,-15.8,-14.1, 17, 17, 1.63,228,15.3
2025-05-17 20:24:12,-97.4153,35.2342, 682.9, 3342,  7.6,-15.8,-14.1, 17, 17, 1.64,228,15.3
2025-05-17 20:24:13,-97.4152,35.2343, 682.5, 3348,  7.5,-15.8,-14.1, 17, 17, 1.64,228,15.3
2025-05-17 20:24:14,-97.4151,35.2343, 682.0, 3354,  7.4,-15.8,-14.1, 17, 17, 1.64,228,15.3
2025-05-17 20:24:15,-97.4150,35.2344, 681.5, 3359,  7.4,-15.8,-14.2, 17, 17, 1.63,228,15.4
2025-05-17 20:24:16,-97.4149,35.2345, 681.0, 3365,  7.3,-15.8,-14.2, 17, 17, 1.63,228,15.4
2025-05-17 20:24:17,-97.4148,35.2346, 680.6, 3369,  7.3,-15.9,-14.2, 17, 17, 1.63,228,15.5
2025-05-17 20:24:18,-97.4147,35.2348, 680.3, 3374,  7.2,-15.9,-14.2, 17, 17, 1.63,228,15.5
2025-05-17 20:24:19,-97.4145,35.2349, 679.9, 3378,  7.2,-15.9,-14.2, 17, 17, 1.63,228,15.6
2025-05-17 20:24:20,-97.4144,35.2350, 679.6, 3382,  7.2,-15.9,-14.2, 17, 17, 1.62,228,15.6
2025-05-17 20:24:21,-97.4142,35.2351, 679.1, 3388,  7.1,-15.9,-14.2, 18, 18, 1.63,228,15.7
2025-05-17 20:24:22,-97.4141,35.2352, 678.6, 3393,  7.1,-15.9,-14.2, 18, 18, 1.63,229,15.8
2025-05-17 20:24:23,-97.4140,35.2352, 678.1, 3400,  7.0,-15.9,-14.2, 18, 18, 1.63,229,15.9
2025-05-17 20:24:24,-97.4139,35.2353, 677.5, 3407,  6.9,-15.9,-14.2, 18, 18, 1.64,229,15.9
2025-05-17 20:24:25,-97.4138,35.2354, 676.9, 3415,  6.8,-15.9,-14.2, 18, 18, 1.64,229,16.0
2025-05-17 20:24:26,-97.4137,35.2355, 676.3, 3421,  6.8,-15.9,-14.2, 18, 18, 1.64,229,16.1
2025-05-17 20:24:27,-97.4135,35.2356, 675.8, 3428,  6.7,-15.9,-14.2, 18, 18, 1.64,229,16.2
2025-05-17 20:24:28,-97.4134,35.2357, 675.4, 3433,  6.7,-16.0,-14.3, 18, 18, 1.63,229,16.3
2025-05-17 20:24:29,-97.4132,35.2358, 675.0, 3438,  6.6,-16.0,-14.3, 18, 18, 1.63,229,16.3
2025-05-17 20:24:30,-97.4130,35.2359, 674.6, 3442,  6.6,-16.0,-14.3, 18, 18, 1.63,230,16.4
2025-05-17 20:24:31,-97.4128,35.2360, 674.2, 3447,  6.5,-16.0,-14.3, 18, 18, 1.63,230,16.5
2025-05-17 20:24:32,-97.4127,35.2361, 673.8, 3452,  6.5,-16.0,-14.4, 18, 18, 1.62,230,16.5
2025-05-17 20:24:33,-97.4125,35.2362, 673.3, 3458,  6.4,-16.1,-14.4, 18, 18, 1.62,230,16.6
2025-05-17 20:24:34,-97.4124,35.2363, 672.9, 3464,  6.4,-16.1,-14.4, 18, 18, 1.61,230,16.6
2025-05-17 20:24:35,-97.4123,35.2364, 672.4, 3469,  6.4,-16.1,-14.4, 18, 18, 1.61,230,16.6
2025-05-17 20:24:36,-97.4121,35.2365, 672.0, 3474,  6.4,-16.1,-14.4, 18, 18, 1.61,231,16.6
2025-05-17 20:24:37,-97.4120,35.2366, 671.6, 3479,  6.4,-16.1,-14.4, 18, 18, 1.61,231,16.7
2025-05-17 20:24:38,-97.4119,35.2367, 671.1, 3485,  6.3,-16.1,-14.4, 18, 18, 1.62,231,16.7
2025-05-17 20:24:39,-97.4117,35.2368, 670.6, 3491,  6.2,-16.1,-14.4, 18, 18, 1.62,231,16.7
2025-05-17 20:24:40,-97.4116,35.2369, 670.1, 3498,  6.1,-16.2,-14.5, 19, 19, 1.62,231,16.7
2025-05-17 20:24:41,-97.4114,35.2370, 669.5, 3504,  6.0,-16.2,-14.5, 19, 19, 1.61,232,16.7
2025-05-17 20:24:42,-97.4113,35.2371, 669.0, 3511,  5.9,-16.2,-14.5, 19, 19, 1.61,232,16.6
2025-05-17 20:24:43,-97.4111,35.2372, 668.4, 3518,  5.8,-16.2,-14.5, 19, 19, 1.61,232,16.6
2025-05-17 20:24:44,-97.4110,35.2373, 667.9, 3524,  5.8,-16.2,-14.5, 19, 19, 1.61,232,16.6
2025-05-17 20:24:45,-97.4109,35.2374, 667.4, 3530,  5.7,-16.3,-14.6, 19, 19, 1.61,232,16.6
2025-05-17 20:24:46,-97.4108,35.2375, 667.0, 3535,  5.7,-16.3,-14.6, 19, 19, 1.60,233,16.6
2025-05-17 20:24:47,-97.4106,35.2376, 666.6, 3540,  5.7,-16.4,-14.6, 19, 19, 1.60,233,16.5
2025-05-17 20:24:48,-97.4105,35.2377, 666.2, 3545,  5.6,-16.4,-14.6, 19, 19, 1.60,233,16.5
2025-05-17 20:24:49,-97.4103,35.2378, 665.7, 3551,  5.6,-16.4,-14.7, 19, 19, 1.60,233,16.5
2025-05-17 20:24:50,-97.4102,35.2378, 665.3, 3556,  5.5,-16.4,-14.7, 19, 19, 1.59,233,16.5
2025-05-17 20:24:51,-97.4100,35.2379, 664.8, 3562,  5.4,-16.4,-14.7, 19, 19, 1.59,233,16.4
2025-05-17 20:24:52,-97.4098,35.2380, 664.5, 3566,  5.4,-16.4,-14.7, 19, 19, 1.59,233,16.4
2025-05-17 20:24:53,-97.4096,35.2380, 664.1, 3571,  5.4,-16.5,-14.7, 19, 19, 1.59,233,16.4
2025-05-17 20:24:54,-97.4095,35.2381, 663.8, 3575,  5.4,-16.5,-14.7, 19, 19, 1.59,233,16.4
2025-05-17 20:24:55,-97.4093,35.2381, 663.4, 3579,  5.3,-16.5,-14.8, 19, 19, 1.59,233,16.4
2025-05-17 20:24:56,-97.4092,35.2382, 663.0, 3584,  5.3,-16.5,-14.8, 19, 19, 1.59,233,16.5
2025-05-17 20:24:57,-97.4091,35.2383, 662.5, 3590,  5.2,-16.5,-14.8, 19, 19, 1.59,233,16.5
2025-05-17 20:24:58,-97.4090,35.2384, 662.1, 3596,  5.2,-16.5,-14.8, 19, 19, 1.59,233,16.5
2025-05-17 20:24:59,-97.4088,35.2385, 661.6, 3602,  5.1,-16.5,-14.8, 19, 19, 1.59,233,16.5
2025-05-17 20:25:00,-97.4087,35.2386, 661.1, 3607,  5.1,-16.5,-14.8, 19, 19, 1.59,233,16.6
2025-05-17 20:25:01,-97.4086,35.2387, 660.6, 3614,  5.0,-16.5,-14.8, 19, 19, 1.59,233,16.6
2025-05-17 20:25:02,-97.4085,35.2387, 660.1, 3620,  5.0,-16.5,-14.8, 19, 19, 1.59,233,16.6
2025-05-17 20:25:03,-97.4083,35.2388, 659.6, 3626,  4.9,-16.5,-14.8, 19, 19, 1.59,233,16.7
2025-05-17 20:25:04,-97.4082,35.2389, 659.1, 3632,  4.9,-16.6,-14.8, 19, 19, 1.59,233,16.7
2025-05-17 20:25:05,-97.4080,35.2390, 658.7, 3638,  4.8,-16.6,-14.8, 19, 19, 1.59,232,16.7
2025-05-17 20:25:06,-97.4078,35.2392, 658.3, 3643,  4.7,-16.6,-14.8, 20, 20, 1.59,232,16.8
2025-05-17 20:25:07,-97.4077,35.2393, 657.8, 3648,  4.7,-16.6,-14.8, 20, 20, 1.59,232,16.8
2025-05-17 20:25:08,-97.4075,35.2394, 657.4, 3654,  4.6,-16.6,-14.9, 20, 20, 1.59,232,16.8
2025-05-17 20:25:09,-97.4074,35.2395, 656.9, 3659,  4.6,-16.6,-14.9, 20, 20, 1.59,232,16.8
2025-05-17 20:25:10,-97.4072,35.2396, 656.5, 3665,  4.5,-16.6,-14.8, 20, 20, 1.59,232,16.8
2025-05-17 20:25:11,-97.4071,35.2397, 656.0, 3671,  4.5,-16.5,-14.8, 20, 20, 1.60,232,16.8
2025-05-17 20:25:12,-97.4070,35.2398, 655.5, 3677,  4.4,-16.5,-14.8, 20, 20, 1.61,232,16.7
2025-05-17 20:25:13,-97.4068,35.2399, 655.1, 3682,  4.4,-16.5,-14.8, 20, 20, 1.61,232,16.7
2025-05-17 20:25:14,-97.4066,35.2400, 654.7, 3686,  4.3,-16.5,-14.8, 20, 20, 1.61,233,16.7
2025-05-17 20:25:15,-97.4065,35.2401, 654.4, 3691,  4.3,-16.5,-14.8, 20, 20, 1.61,233,16.6
2025-05-17 20:25:16,-97.4063,35.2402, 653.9, 3696,  4.2,-16.5,-14.8, 20, 20, 1.61,233,16.6
2025-05-17 20:25:17,-97.4061,35.2403, 653.5, 3702,  4.2,-16.5,-14.8, 21, 21, 1.61,233,16.5
2025-05-17 20:25:18,-97.4060,35.2404, 652.9, 3709,  4.1,-16.5,-14.8, 21, 21, 1.61,233,16.4
2025-05-17 20:25:19,-97.4058,35.2405, 652.4, 3716,  4.1,-16.5,-14.8, 21, 21, 1.61,233,16.3
2025-05-17 20:25:20,-97.4057,35.2406, 651.9, 3722,  4.0,-16.5,-14.8, 21, 21, 1.61,234,16.3
2025-05-17 20:25:21,-97.4056,35.2407, 651.4, 3728,  4.0,-16.5,-14.8, 21, 21, 1.61,234,16.2
2025-05-17 20:25:22,-97.4055,35.2407, 651.0, 3733,  3.9,-16.6,-14.8, 21, 21, 1.61,234,16.1
2025-05-17 20:25:23,-97.4054,35.2408, 650.6, 3737,  3.9,-16.6,-14.8, 21, 21, 1.61,235,16.0
2025-05-17 20:25:24,-97.4052,35.2408, 650.3, 3742,  3.9,-16.5,-14.8, 21, 21, 1.61,235,15.9
2025-05-17 20:25:25,-97.4051,35.2409, 649.9, 3747,  3.8,-16.5,-14.8, 21, 21, 1.61,235,15.8
2025-05-17 20:25:26,-97.4049,35.2410, 649.5, 3752,  3.8,-16.6,-14.8, 21, 21, 1.61,236,15.8
2025-05-17 20:25:27,-97.4047,35.2411, 649.0, 3757,  3.8,-16.6,-14.8, 21, 21, 1.61,236,15.7
2025-05-17 20:25:28,-97.4046,35.2412, 648.6, 3763,  3.7,-16.5,-14.8, 21, 21, 1.62,236,15.6
2025-05-17 20:25:29,-97.4044,35.2413, 648.2, 3768,  3.7,-16.5,-14.8, 21, 21, 1.62,237,15.6
2025-05-17 20:25:30,-97.4043,35.2413, 647.7, 3774,  3.6,-16.5,-14.8, 21, 21, 1.62,237,15.5
2025-05-17 20:25:31,-97.4042,35.2414, 647.3, 3780,  3.6,-16.5,-14.8, 21, 21, 1.62,237,15.5
2025-05-17 20:25:32,-97.4041,35.2415, 646.8, 3785,  3.5,-16.5,-14.8, 21, 21, 1.62,237,15.5
2025-05-17 20:25:33,-97.4040,35.2415, 646.4, 3790,  3.4,-16.6,-14.9, 21, 21, 1.61,238,15.5
2025-05-17 20:25:34,-97.4039,35.2416, 646.0, 3795,  3.4,-16.6,-14.9, 21, 21, 1.61,238,15.5
2025-05-17 20:25:35,-97.4037,35.2416, 645.7, 3800,  3.3,-16.6,-14.9, 22, 22, 1.61,238,15.5
2025-05-17 20:25:36,-97.4036,35.2417, 645.3, 3804,  3.3,-16.6,-14.9, 22, 22, 1.61,238,15.5
2025-05-17 20:25:37,-97.4034,35.2418, 645.0, 3809,  3.2,-16.6,-14.9, 22, 22, 1.61,239,15.5
2025-05-17 20:25:38,-97.4033,35.2418, 644.6, 3813,  3.2,-16.6,-14.9, 22, 22, 1.61,239,15.6
2025-05-17 20:25:39,-97.4031,35.2419, 644.3, 3817,  3.1,-16.6,-14.9, 22, 22, 1.62,239,15.6
2025-05-17 20:25:40,-97.4030,35.2420, 644.0, 3821,  3.1,-16.6,-14.8, 22, 22, 1.63,239,15.6
2025-05-17 20:25:41,-97.4028,35.2421, 643.6, 3825,  3.0,-16.5,-14.8, 22, 22, 1.63,239,15.7
2025-05-17 20:25:42,-97.4026,35.2422, 643.3, 3830,  3.0,-16.5,-14.8, 22, 22, 1.63,239,15.8
2025-05-17 20:25:43,-97.4025,35.2422, 642.9, 3834,  3.0,-16.6,-14.8, 22, 22, 1.63,239,15.8
2025-05-17 20:25:44,-97.4023,35.2423, 642.6, 3838,  2.9,-16.6,-14.8, 22, 22, 1.63,239,15.9
2025-05-17 20:25:45,-97.4022,35.2423, 642.4, 3841,  2.9,-16.6,-14.8, 22, 22, 1.63,239,15.9
2025-05-17 20:25:46,-97.4020,35.2424, 642.1, 3845,  2.8,-16.6,-14.8, 22, 22, 1.63,239,16.0
2025-05-17 20:25:47,-97.4018,35.2425, 641.8, 3849,  2.8,-16.6,-14.8, 22, 22, 1.63,239,16.0
2025-05-17 20:25:48,-97.4017,35.2425, 641.4, 3854,  2.8,-16.6,-14.8, 23, 23, 1.63,239,16.1
2025-05-17 20:25:49,-97.4015,35.2426, 641.0, 3859,  2.7,-16.5,-14.8, 23, 23, 1.64,239,16.1
2025-05-17 20:25:50,-97.4014,35.2427, 640.5, 3864,  2.7,-16.5,-14.8, 23, 23, 1.64,239,16.2
2025-05-17 20:25:51,-97.4012,35.2428, 640.1, 3869,  2.6,-16.5,-14.8, 23, 23, 1.64,239,16.2
2025-05-17 20:25:52,-97.4010,35.2429, 639.7, 3874,  2.6,-16.5,-14.8, 23, 23, 1.64,239,16.3
2025-05-17 20:25:53,-97.4009,35.2430, 639.3, 3879,  2.5,-16.5,-14.8, 23, 23, 1.64,239,16.3
2025-05-17 20:25:54,-97.4008,35.2431, 638.9, 3884,  2.5,-16.6,-14.8, 23, 23, 1.64,239,16.4
2025-05-17 20:25:55,-97.4006,35.2431, 638.5, 3889,  2.4,-16.6,-14.8, 23, 23, 1.64,239,16.4
2025-05-17 20:25:56,-97.4004,35.2432, 638.2, 3894,  2.4,-16.5,-14.8, 23, 23, 1.64,239,16.5
2025-05-17 20:25:57,-97.4002,35.2433, 637.8, 3899,  2.3,-16.6,-14.8, 23, 23, 1.64,239,16.5
2025-05-17 20:25:58,-97.4001,35.2433, 637.4, 3904,  2.3,-16.6,-14.8, 23, 23, 1.64,239,16.5
2025-05-17 20:25:59,-97.3999,35.2434, 637.0, 3910,  2.2,-16.5,-14.8, 23, 23, 1.65,239,16.5
2025-05-17 20:26:00,-97.3998,35.2435, 636.5, 3916,  2.2,-16.5,-14.8, 24, 24, 1.65,239,16.6
2025-05-17 20:26:01,-97.3997,35.2436, 636.0, 3922,  2.1,-16.5,-14.8, 24, 24, 1.66,239,16.6
2025-05-17 20:26:02,-97.3995,35.2437, 635.5, 3928,  2.1,-16.5,-14.7, 24, 24, 1.66,239,16.6
2025-05-17 20:26:03,-97.3994,35.2437, 635.0, 3934,  2.0,-16.4,-14.7, 24, 24, 1.67,239,16.6
2025-05-17 20:26:04,-97.3993,35.2438, 634.6, 3939,  2.0,-16.3,-14.6, 24, 24, 1.68,239,16.6
2025-05-17 20:26:05,-97.3992,35.2439, 634.2, 3944,  1.9,-16.2,-14.5, 25, 25, 1.70,239,16.7
2025-05-17 20:26:06,-97.3990,35.2440, 633.7, 3950,  1.8,-16.1,-14.4, 25, 25, 1.72,239,16.7
2025-05-17 20:26:07,-97.3989,35.2441, 633.2, 3957,  1.8,-15.8,-14.2, 26, 26, 1.76,239,16.7
2025-05-17 20:26:08,-97.3986,35.2442, 632.7, 3964,  1.7,-15.6,-14.0, 26, 26, 1.79,239,16.7
2025-05-17 20:26:09,-97.3984,35.2443, 632.1, 3972,  1.7,-15.6,-13.9, 27, 27, 1.80,240,16.7
2025-05-17 20:26:10,-97.3982,35.2444, 631.5, 3979,  1.6,-15.6,-13.9, 27, 27, 1.80,240,16.7
2025-05-17 20:26:11,-97.3980,35.2444, 630.8, 3987,  1.5,-15.6,-14.0, 27, 27, 1.80,240,16.7
2025-05-17 20:26:12,-97.3979,35.2445, 630.2, 3996,  1.4,-15.7,-14.0, 27, 27, 1.79,240,16.7
2025-05-17 20:26:13,-97.3977,35.2446, 629.6, 4004,  1.4,-15.7,-14.0, 27, 27, 1.79,240,16.7
2025-05-17 20:26:14,-97.3976,35.2447, 629.0, 4011,  1.3,-15.7,-14.0, 27, 27, 1.79,240,16.8
2025-05-17 20:26:15,-97.3975,35.2447, 628.5, 4017,  1.2,-15.6,-14.0, 27, 27, 1.80,240,16.8
2025-05-17 20:26:16,-97.3973,35.2447, 628.1, 4022,  1.2,-15.6,-14.0, 27, 27, 1.80,240,16.8
2025-05-17 20:26:17,-97.3971,35.2448, 627.8, 4026,  1.2,-15.6,-14.0, 27, 27, 1.81,240,16.8
2025-05-17 20:26:18,-97.3970,35.2448, 627.6, 4029,  1.1,-15.6,-13.9, 28, 28, 1.81,240,16.8
2025-05-17 20:26:19,-97.3968,35.2449, 627.3, 4033,  1.1,-15.5,-13.9, 28, 28, 1.82,241,16.8
2025-05-17 20:26:20,-97.3966,35.2450, 627.0, 4037,  1.0,-15.5,-13.9, 28, 28, 1.82,241,16.8
2025-05-17 20:26:21,-97.3965,35.2451, 626.6, 4042,  1.0,-15.5,-13.9, 28, 28, 1.82,241,16.8
2025-05-17 20:26:22,-97.3963,35.2452, 626.2, 4047,  0.9,-15.5,-13.9, 28, 28, 1.83,241,16.8
2025-05-17 20:26:23,-97.3962,35.2453, 625.8, 4051,  0.9,-15.5,-13.8, 28, 28, 1.83,241,16.8
2025-05-17 20:26:24,-97.3960,35.2453, 625.5, 4055,  0.8,-15.4,-13.8, 28, 28, 1.84,240,16.9
2025-05-17 20:26:25,-97.3959,35.2454, 625.2, 4059,  0.8,-15.4,-13.8, 29, 29, 1.84,240,16.9
2025-05-17 20:26:26,-97.3957,35.2455, 624.9, 4064,  0.8,-15.4,-13.8, 29, 29, 1.84,240,16.9
2025-05-17 20:26:27,-97.3956,35.2455, 624.5, 4068,  0.7,-15.4,-13.8, 29, 29, 1.85,240,16.9
2025-05-17 20:26:28,-97.3954,35.2456, 624.2, 4073,  0.7,-15.3,-13.7, 29, 29, 1.86,240,16.9
2025-05-17 20:26:29,-97.3952,35.2457, 623.8, 4078,  0.6,-15.2,-13.6, 30, 30, 1.89,240,16.9
2025-05-17 20:26:30,-97.3950,35.2458, 623.4, 4082,  0.6,-15.0,-13.5, 30, 30, 1.91,240,16.9
2025-05-17 20:26:31,-97.3949,35.2458, 623.0, 4087,  0.5,-15.0,-13.4, 30, 30, 1.92,240,16.9
2025-05-17 20:26:32,-97.3947,35.2459, 622.6, 4092,  0.5,-14.9,-13.3, 31, 31, 1.94,240,16.9
2025-05-17 20:26:33,-97.3945,35.2460, 622.2, 4098,  0.4,-14.7,-13.1, 31, 31, 1.96,240,16.9
2025-05-17 20:26:34,-97.3944,35.2461, 621.8, 4104,  0.3,-14.5,-13.0, 32, 32, 2.00,240,16.9
2025-05-17 20:26:35,-97.3942,35.2462, 621.3, 4110,  0.3,-14.4,-12.9, 32, 32, 2.01,240,16.9
2025-05-17 20:26:36,-97.3941,35.2463, 620.8, 4117,  0.2,-14.4,-12.8, 32, 32, 2.02,240,16.9
2025-05-17 20:26:37,-97.3939,35.2464, 620.2, 4123,  0.2,-14.3,-12.8, 33, 33, 2.03,240,16.9
2025-05-17 20:26:38,-97.3938,35.2465, 619.7, 4130,  0.1,-14.4,-12.8, 33, 33, 2.03,239,16.9
2025-05-17 20:26:39,-97.3936,35.2465, 619.3, 4136,  0.1,-14.4,-12.9, 33, 33, 2.02,239,17.0
2025-05-17 20:26:40,-97.3934,35.2466, 618.8, 4141,  0.0,-14.5,-12.9, 33, 33, 2.01,239,17.0
2025-05-17 20:26:41,-97.3933,35.2466, 618.5, 4146, -0.0,-14.5,-12.9, 33, 33, 2.02,239,17.0
2025-05-17 20:26:42,-97.3932,35.2467, 618.1, 4150, -0.1,-14.4,-12.9, 33, 33, 2.03,239,17.0
2025-05-17 20:26:43,-97.3930,35.2468, 617.8, 4155, -0.1,-14.3,-12.8, 33, 33, 2.04,239,17.0
2025-05-17 20:26:44,-97.3929,35.2469, 617.5, 4159, -0.1,-14.2,-12.7, 34, 34, 2.06,239,17.0
2025-05-17 20:26:45,-97.3927,35.2470, 617.1, 4164, -0.2,-14.0,-12.5, 34, 34, 2.10,239,17.1
2025-05-17 20:26:46,-97.3925,35.2470, 616.7, 4169, -0.2,-13.8,-12.3, 35, 35, 2.14,239,17.1
2025-05-17 20:26:47,-97.3923,35.2471, 616.4, 4174, -0.2,-13.6,-12.1, 36, 36, 2.17,239,17.1
2025-05-17 20:26:48,-97.3922,35.2472, 616.0, 4178, -0.2,-13.5,-12.1, 36, 36, 2.19,239,17.1
2025-05-17 20:26:49,-97.3920,35.2473, 615.7, 4182, -0.3,-13.5,-12.1, 36, 36, 2.19,239,17.2
2025-05-17 20:26:50,-97.3918,35.2473, 615.4, 4186, -0.3,-13.5,-12.1, 36, 36, 2.19,239,17.2
2025-05-17 20:26:51,-97.3917,35.2474, 615.1, 4191, -0.3,-13.5,-12.1, 36, 36, 2.19,240,17.3
2025-05-17 20:26:52,-97.3915,35.2475, 614.7, 4195, -0.4,-13.5,-12.1, 36, 36, 2.19,240,17.3
2025-05-17 20:26:53,-97.3914,35.2476, 614.3, 4200, -0.4,-13.5,-12.1, 36, 37, 2.19,240,17.4
2025-05-17 20:26:54,-97.3912,35.2477, 613.9, 4205, -0.5,-13.5,-12.1, 37, 37, 2.20,240,17.4
2025-05-17 20:26:55,-97.3911,35.2478, 613.6, 4210, -0.5,-13.5,-12.1, 37, 37, 2.20,240,17.5
2025-05-17 20:26:56,-97.3909,35.2479, 613.2, 4215, -0.6,-13.5,-12.1, 37, 37, 2.20,240,17.5
2025-05-17 20:26:57,-97.3908,35.2480, 612.8, 4219, -0.6,-13.5,-12.1, 37, 37, 2.20,240,17.6
2025-05-17 20:26:58,-97.3906,35.2480, 612.5, 4224, -0.6,-13.6,-12.1, 37, 37, 2.19,240,17.6
2025-05-17 20:26:59,-97.3904,35.2481, 612.1, 4230, -0.7,-13.6,-12.2, 37, 37, 2.18,240,17.7
2025-05-17 20:27:00,-97.3902,35.2482, 611.7, 4235, -0.7,-13.7,-12.2, 37, 37, 2.17,240,17.7
2025-05-17 20:27:01,-97.3901,35.2482, 611.3, 4240, -0.8,-13.8,-12.3, 37, 37, 2.16,240,17.8
2025-05-17 20:27:02,-97.3899,35.2483, 610.9, 4245, -0.8,-13.8,-12.3, 37, 37, 2.16,240,17.8
2025-05-17 20:27:03,-97.3897,35.2484, 610.4, 4251, -0.9,-13.8,-12.4, 37, 37, 2.15,240,17.8
2025-05-17 20:27:04,-97.3896,35.2485, 610.0, 4257, -1.0,-13.9,-12.4, 37, 37, 2.14,240,17.9
2025-05-17 20:27:05,-97.3894,35.2486, 609.5, 4263, -1.0,-13.9,-12.4, 37, 37, 2.14,240,17.9
2025-05-17 20:27:06,-97.3892,35.2486, 609.0, 4270, -1.1,-14.0,-12.5, 37, 37, 2.13,241,17.9
2025-05-17 20:27:07,-97.3890,35.2487, 608.5, 4276, -1.1,-14.1,-12.6, 37, 37, 2.12,241,17.9
2025-05-17 20:27:08,-97.3888,35.2488, 608.0, 4282, -1.2,-14.1,-12.6, 37, 37, 2.11,241,17.9
2025-05-17 20:27:09,-97.3886,35.2489, 607.6, 4288, -1.3,-14.2,-12.7, 37, 37, 2.10,241,17.9
2025-05-17 20:27:10,-97.3884,35.2489, 607.2, 4293, -1.3,-14.2,-12.7, 37, 37, 2.10,241,17.9
2025-05-17 20:27:11,-97.3882,35.2491, 606.8, 4298, -1.4,-14.2,-12.7, 37, 37, 2.10,241,17.9
2025-05-17 20:27:12,-97.3880,35.2492, 606.4, 4303, -1.4,-14.3,-12.8, 37, 37, 2.09,241,17.8
2025-05-17 20:27:13,-97.3879,35.2493, 606.1, 4308, -1.4,-14.3,-12.8, 37, 37, 2.09,241,17.8
2025-05-17 20:27:14,-97.3877,35.2493, 605.7, 4312, -1.5,-14.3,-12.8, 37, 37, 2.09,241,17.7
2025-05-17 20:27:15,-97.3875,35.2494, 605.4, 4317, -1.5,-14.3,-12.8, 37, 37, 2.08,241,17.7
2025-05-17 20:27:16,-97.3873,35.2495, 605.0, 4321, -1.5,-14.3,-12.8, 37, 38, 2.09,241,17.6
2025-05-17 20:27:17,-97.3872,35.2496, 604.7, 4326, -1.6,-14.3,-12.8, 37, 38, 2.09,241,17.6
2025-05-17 20:27:18,-97.3871,35.2496, 604.3, 4331, -1.6,-14.3,-12.7, 37, 38, 2.10,241,17.5
2025-05-17 20:27:19,-97.3869,35.2497, 604.0, 4335, -1.7,-14.2,-12.7, 38, 38, 2.10,241,17.4
2025-05-17 20:27:20,-97.3868,35.2497, 603.6, 4340, -1.7,-14.2,-12.7, 38, 38, 2.11,241,17.4
2025-05-17 20:27:21,-97.3866,35.2498, 603.3, 4345, -1.8,-14.2,-12.7, 38, 39, 2.11,241,17.3
2025-05-17 20:27:22,-97.3864,35.2499, 602.9, 4350, -1.8,-14.3,-12.8, 38, 38, 2.10,241,17.2
2025-05-17 20:27:23,-97.3862,35.2500, 602.6, 4354, -1.8,-14.3,-12.8, 38, 38, 2.09,241,17.2
2025-05-17 20:27:24,-97.3860,35.2500, 602.2, 4359, -1.9,-14.4,-12.8, 38, 38, 2.09,241,17.1
2025-05-17 20:27:25,-97.3859,35.2501, 601.9, 4363, -1.9,-14.3,-12.8, 38, 39, 2.09,241,17.0
2025-05-17 20:27:26,-97.3857,35.2502, 601.6, 4367, -2.0,-14.4,-12.8, 38, 39, 2.09,241,17.0
2025-05-17 20:27:27,-97.3856,35.2502, 601.2, 4372, -2.0,-14.4,-12.9, 38, 39, 2.08,241,16.9
2025-05-17 20:27:28,-97.3854,35.2503, 600.9, 4377, -2.0,-14.5,-13.0, 38, 39, 2.07,241,16.9
2025-05-17 20:27:29,-97.3852,35.2504, 600.4, 4382, -2.1,-14.5,-12.9, 38, 39, 2.07,241,16.9
2025-05-17 20:27:30,-97.3851,35.2504, 600.0, 4388, -2.1,-14.4,-12.8, 39, 39, 2.09,241,16.8
2025-05-17 20:27:31,-97.3850,35.2505, 599.6, 4394, -2.2,-14.3,-12.8, 39, 40, 2.10,240,16.8
2025-05-17 20:27:32,-97.3848,35.2506, 599.2, 4399, -2.2,-14.4,-12.8, 39, 40, 2.10,240,16.8
2025-05-17 20:27:33,-97.3847,35.2507, 598.8, 4404, -2.3,-14.4,-12.9, 39, 40, 2.09,240,16.8
2025-05-17 20:27:34,-97.3846,35.2507, 598.3, 4410, -2.3,-14.4,-12.9, 39, 40, 2.09,240,16.8
2025-05-17 20:27:35,-97.3844,35.2508, 597.9, 4415, -2.4,-14.4,-12.9, 39, 40, 2.09,240,16.8
2025-05-17 20:27:36,-97.3842,35.2509, 597.6, 4420, -2.4,-14.5,-12.9, 39, 40, 2.08,240,16.8
2025-05-17 20:27:37,-97.3840,35.2510, 597.3, 4423, -2.5,-14.5,-13.0, 39, 40, 2.08,240,16.8
2025-05-17 20:27:38,-97.3838,35.2510, 597.1, 4427, -2.5,-14.5,-13.0, 39, 40, 2.08,239,16.8
2025-05-17 20:27:39,-97.3837,35.2511, 596.8, 4431, -2.5,-14.5,-13.0, 39, 40, 2.08,239,16.8
2025-05-17 20:27:40,-97.3835,35.2512, 596.3, 4437, -2.6,-14.5,-13.0, 39, 40, 2.08,239,16.8
2025-05-17 20:27:41,-97.3834,35.2512, 595.9, 4442, -2.6,-14.5,-12.9, 40, 41, 2.09,239,16.8
2025-05-17 20:27:42,-97.3832,35.2513, 595.5, 4448, -2.7,-14.4,-12.9, 40, 41, 2.10,239,16.8
2025-05-17 20:27:43,-97.3831,35.2514, 595.2, 4452, -2.7,-14.4,-12.9, 40, 41, 2.10,239,16.8
2025-05-17 20:27:44,-97.3829,35.2515, 594.8, 4457, -2.8,-14.5,-13.0, 40, 41, 2.09,239,16.8
2025-05-17 20:27:45,-97.3827,35.2516, 594.5, 4461, -2.8,-14.6,-13.1, 40, 41, 2.07,239,16.8
2025-05-17 20:27:46,-97.3826,35.2517, 594.1, 4466, -2.9,-14.6,-13.1, 40, 41, 2.07,239,16.8
2025-05-17 20:27:47,-97.3824,35.2518, 593.8, 4471, -2.9,-14.6,-13.1, 40, 41, 2.08,239,16.8
2025-05-17 20:27:48,-97.3822,35.2519, 593.4, 4476, -2.9,-14.6,-13.0, 40, 41, 2.08,239,16.8
2025-05-17 20:27:49,-97.3821,35.2520, 592.9, 4482, -3.0,-14.6,-13.0, 40, 42, 2.08,239,16.8
2025-05-17 20:27:50,-97.3819,35.2520, 592.4, 4489, -3.1,-14.6,-13.1, 41, 42, 2.08,239,16.8
2025-05-17 20:27:51,-97.3818,35.2521, 592.0, 4495, -3.1,-14.7,-13.1, 40, 42, 2.07,239,16.8
2025-05-17 20:27:52,-97.3816,35.2522, 591.6, 4500, -3.2,-14.8,-13.3, 40, 41, 2.04,239,16.8
2025-05-17 20:27:53,-97.3815,35.2523, 591.2, 4505, -3.2,-15.1,-13.5, 39, 41, 2.01,239,16.8
2025-05-17 20:27:54,-97.3814,35.2524, 590.9, 4510, -3.3,-15.2,-13.6, 39, 40, 1.98,239,16.8
2025-05-17 20:27:55,-97.3812,35.2525, 590.5, 4514, -3.3,-15.2,-13.6, 39, 40, 1.98,239,16.8
2025-05-17 20:27:56,-97.3811,35.2525, 590.1, 4519, -3.3,-15.2,-13.6, 39, 41, 1.99,239,16.8
2025-05-17 20:27:57,-97.3809,35.2526, 589.8, 4524, -3.4,-15.2,-13.6, 40, 41, 2.00,240,16.7
2025-05-17 20:27:58,-97.3807,35.2526, 589.5, 4528, -3.4,-15.1,-13.5, 40, 41, 2.00,240,16.7
2025-05-17 20:27:59,-97.3805,35.2527, 589.3, 4531, -3.5,-15.2,-13.6, 40, 41, 1.99,240,16.7
2025-05-17 20:28:00,-97.3804,35.2528, 589.0, 4535, -3.5,-15.3,-13.7, 40, 41, 1.97,240,16.7
2025-05-17 20:28:01,-97.3802,35.2529, 588.7, 4539, -3.6,-15.4,-13.8, 39, 41, 1.96,240,16.7
2025-05-17 20:28:02,-97.3801,35.2530, 588.4, 4543, -3.6,-15.4,-13.8, 39, 41, 1.96,240,16.6
2025-05-17 20:28:03,-97.3799,35.2530, 588.0, 4548, -3.6,-15.4,-13.8, 40, 41, 1.96,240,16.6
2025-05-17 20:28:04,-97.3798,35.2531, 587.7, 4552, -3.7,-15.4,-13.8, 40, 41, 1.97,240,16.6
2025-05-17 20:28:05,-97.3796,35.2532, 587.4, 4556, -3.7,-15.4,-13.8, 40, 41, 1.96,240,16.6
2025-05-17 20:28:06,-97.3794,35.2532, 587.1, 4560, -3.8,-15.4,-13.8, 40, 41, 1.96,240,16.5
2025-05-17 20:28:07,-97.3793,35.2533, 586.8, 4564, -3.8,-15.4,-13.7, 40, 42, 1.97,240,16.5
2025-05-17 20:28:08,-97.3791,35.2534, 586.5, 4568, -3.9,-15.3,-13.7, 41, 42, 1.98,240,16.5
2025-05-17 20:28:09,-97.3790,35.2534, 586.2, 4572, -3.9,-15.3,-13.7, 41, 42, 1.99,240,16.4
2025-05-17 20:28:10,-97.3788,35.2535, 585.9, 4576, -3.9,-15.3,-13.6, 41, 43, 1.99,240,16.4
2025-05-17 20:28:11,-97.3786,35.2536, 585.6, 4581, -4.0,-15.3,-13.7, 41, 43, 1.99,240,16.3
2025-05-17 20:28:12,-97.3784,35.2537, 585.3, 4585, -4.0,-15.3,-13.7, 41, 43, 1.99,240,16.3
2025-05-17 20:28:13,-97.3783,35.2538, 584.9, 4589, -4.1,-15.3,-13.7, 41, 43, 1.99,240,16.2
2025-05-17 20:28:14,-97.3781,35.2538, 584.7, 4593, -4.1,-15.2,-13.6, 41, 43, 2.00,240,16.2
2025-05-17 20:28:15,-97.3780,35.2539, 584.4, 4597, -4.1,-15.2,-13.6, 42, 43, 2.00,240,16.1
2025-05-17 20:28:16,-97.3778,35.2540, 584.1, 4601, -4.1,-15.2,-13.6, 42, 43, 2.01,240,16.1
2025-05-17 20:28:17,-97.3777,35.2540, 583.8, 4605, -4.2,-15.2,-13.6, 42, 44, 2.01,240,16.0
2025-05-17 20:28:18,-97.3775,35.2541, 583.5, 4609, -4.2,-15.2,-13.6, 42, 44, 2.01,240,16.0
2025-05-17 20:28:19,-97.3774,35.2542, 583.1, 4614, -4.2,-15.2,-13.6, 42, 44, 2.01,240,15.9
2025-05-17 20:28:20,-97.3772,35.2542, 582.8, 4618, -4.3,-15.2,-13.6, 42, 44, 2.02,240,15.9
2025-05-17 20:28:21,-97.3771,35.2543, 582.4, 4623, -4.3,-15.2,-13.6, 43, 44, 2.02,240,15.8
2025-05-17 20:28:22,-97.3769,35.2544, 582.1, 4628, -4.4,-15.1,-13.5, 43, 45, 2.03,240,15.8
2025-05-17 20:28:23,-97.3768,35.2545, 581.7, 4633, -4.4,-15.1,-13.5, 43, 45, 2.03,240,15.7
2025-05-17 20:28:24,-97.3767,35.2546, 581.4, 4638, -4.5,-15.1,-13.5, 43, 45, 2.04,240,15.7
2025-05-17 20:28:25,-97.3765,35.2547, 581.0, 4642, -4.5,-15.1,-13.5, 44, 45, 2.04,240,15.7
2025-05-17 20:28:26,-97.3764,35.2547, 580.7, 4647, -4.6,-15.0,-13.5, 44, 46, 2.05,240,15.6
2025-05-17 20:28:27,-97.3762,35.2548, 580.4, 4651, -4.6,-15.1,-13.5, 44, 46, 2.04,240,15.6
2025-05-17 20:28:28,-97.3761,35.2548, 580.0, 4656, -4.6,-15.1,-13.5, 44, 46, 2.04,240,15.6
2025-05-17 20:28:29,-97.3759,35.2549, 579.6, 4661, -4.6,-15.1,-13.5, 44, 46, 2.04,240,15.5
2025-05-17 20:28:30,-97.3758,35.2549, 579.3, 4666, -4.7,-15.1,-13.5, 44, 46, 2.05,240,15.5
2025-05-17 20:28:31,-97.3756,35.2550, 578.9, 4671, -4.8,-15.1,-13.5, 44, 46, 2.04,240,15.5
2025-05-17 20:28:32,-97.3755,35.2551, 578.6, 4675, -4.8,-15.1,-13.5, 44, 46, 2.04,240,15.5
2025-05-17 20:28:33,-97.3754,35.2552, 578.3, 4679, -4.8,-15.1,-13.5, 44, 47, 2.05,240,15.5
2025-05-17 20:28:34,-97.3752,35.2553, 578.1, 4682, -4.9,-15.2,-13.6, 44, 46, 2.04,240,15.5
2025-05-17 20:28:35,-97.3751,35.2553, 577.8, 4686, -4.9,-15.2,-13.6, 44, 46, 2.02,240,15.5
2025-05-17 20:28:36,-97.3749,35.2553, 577.5, 4690, -4.9,-15.3,-13.7, 44, 46, 2.02,240,15.5
2025-05-17 20:28:37,-97.3748,35.2554, 577.2, 4693, -5.0,-15.3,-13.7, 44, 46, 2.01,240,15.5
2025-05-17 20:28:38,-97.3746,35.2555, 577.0, 4697, -5.0,-15.3,-13.7, 44, 46, 2.02,240,15.5
2025-05-17 20:28:39,-97.3744,35.2555, 576.7, 4701, -5.0,-15.3,-13.7, 44, 46, 2.02,240,15.5
2025-05-17 20:28:40,-97.3743,35.2556, 576.4, 4705, -5.0,-15.4,-13.8, 44, 46, 2.01,240,15.5
2025-05-17 20:28:41,-97.3742,35.2557, 576.2, 4708, -5.1,-15.5,-13.9, 44, 46, 1.99,240,15.5
2025-05-17 20:28:42,-97.3740,35.2557, 575.9, 4712, -5.1,-15.5,-13.9, 44, 46, 1.99,240,15.5
2025-05-17 20:28:43,-97.3739,35.2558, 575.6, 4716, -5.1,-15.5,-13.9, 44, 46, 1.99,240,15.5
2025-05-17 20:28:44,-97.3737,35.2559, 575.3, 4720, -5.2,-15.5,-13.9, 44, 46, 1.99,240,15.5
2025-05-17 20:28:45,-97.3736,35.2559, 574.9, 4725, -5.3,-15.5,-13.9, 44, 47, 1.98,240,15.5
2025-05-17 20:28:46,-97.3734,35.2560, 574.5, 4731, -5.3,-15.6,-13.9, 44, 47, 1.98,240,15.5
2025-05-17 20:28:47,-97.3733,35.2561, 574.1, 4736, -5.4,-15.5,-13.9, 45, 47, 1.99,240,15.5
2025-05-17 20:28:48,-97.3732,35.2562, 573.7, 4741, -5.4,-15.5,-13.9, 45, 47, 1.99,240,15.5
2025-05-17 20:28:49,-97.3730,35.2563, 573.4, 4746, -5.4,-15.6,-13.9, 45, 47, 1.99,240,15.5
2025-05-17 20:28:50,-97.3728,35.2564, 573.1, 4750, -5.5,-15.6,-14.0, 45, 47, 1.98,240,15.5
2025-05-17 20:28:51,-97.3727,35.2565, 572.8, 4755, -5.5,-15.7,-14.1, 44, 47, 1.96,240,15.5
2025-05-17 20:28:52,-97.3725,35.2565, 572.4, 4760, -5.5,-15.8,-14.1, 44, 47, 1.95,240,15.5
2025-05-17 20:28:53,-97.3723,35.2566, 572.0, 4765, -5.6,-15.8,-14.2, 44, 47, 1.94,240,15.4
2025-05-17 20:28:54,-97.3722,35.2566, 571.7, 4770, -5.6,-15.9,-14.3, 44, 46, 1.93,240,15.4
2025-05-17 20:28:55,-97.3721,35.2567, 571.4, 4773, -5.6,-16.0,-14.3, 44, 46, 1.92,239,15.4
2025-05-17 20:28:56,-97.3719,35.2567, 571.1, 4777, -5.7,-16.1,-14.4, 44, 46, 1.91,239,15.4
2025-05-17 20:28:57,-97.3718,35.2568, 570.9, 4781, -5.7,-16.0,-14.4, 44, 46, 1.92,239,15.3
2025-05-17 20:28:58,-97.3717,35.2568, 570.6, 4785, -5.8,-16.0,-14.3, 44, 47, 1.92,239,15.3
2025-05-17 20:28:59,-97.3715,35.2569, 570.3, 4789, -5.8,-16.0,-14.4, 44, 47, 1.92,239,15.3
2025-05-17 20:29:00,-97.3714,35.2570, 570.0, 4792, -5.8,-16.1,-14.4, 44, 47, 1.91,239,15.3
2025-05-17 20:29:01,-97.3712,35.2571, 569.8, 4796, -5.8,-16.2,-14.5, 44, 46, 1.90,239,15.2
2025-05-17 20:29:02,-97.3711,35.2572, 569.5, 4799, -5.9,-16.2,-14.5, 44, 46, 1.89,239,15.2
2025-05-17 20:29:03,-97.3709,35.2572, 569.3, 4803, -5.9,-16.2,-14.5, 44, 46, 1.89,238,15.2
2025-05-17 20:29:04,-97.3708,35.2573, 569.0, 4806, -5.9,-16.2,-14.5, 44, 46, 1.89,238,15.1
2025-05-17 20:29:05,-97.3706,35.2574, 568.8, 4809, -6.0,-16.2,-14.5, 44, 47, 1.89,238,15.1
2025-05-17 20:29:06,-97.3705,35.2575, 568.5, 4813, -6.0,-16.2,-14.5, 44, 47, 1.90,238,15.1
2025-05-17 20:29:07,-97.3704,35.2575, 568.3, 4817, -6.0,-16.2,-14.5, 45, 47, 1.90,238,15.1
2025-05-17 20:29:08,-97.3702,35.2576, 568.0, 4821, -6.1,-16.1,-14.4, 45, 48, 1.91,238,15.0
2025-05-17 20:29:09,-97.3701,35.2576, 567.6, 4825, -6.1,-16.1,-14.4, 45, 48, 1.91,238,15.0
2025-05-17 20:29:10,-97.3700,35.2577, 567.3, 4830, -6.2,-16.1,-14.4, 45, 48, 1.91,238,15.0
2025-05-17 20:29:11,-97.3698,35.2578, 566.9, 4835, -6.2,-16.1,-14.4, 45, 48, 1.91,238,15.0
2025-05-17 20:29:12,-97.3697,35.2579, 566.5, 4841, -6.3,-16.2,-14.5, 45, 48, 1.91,238,14.9
2025-05-17 20:29:13,-97.3696,35.2579, 566.1, 4846, -6.3,-16.2,-14.5, 46, 49, 1.91,238,14.9
2025-05-17 20:29:14,-97.3695,35.2580, 565.7, 4852, -6.4,-16.2,-14.5, 46, 49, 1.91,238,14.9
2025-05-17 20:29:15,-97.3694,35.2581, 565.3, 4857, -6.4,-16.2,-14.5, 46, 48, 1.90,238,14.9
2025-05-17 20:29:16,-97.3692,35.2582, 565.0, 4862, -6.4,-16.3,-14.6, 45, 48, 1.89,238,14.9
2025-05-17 20:29:17,-97.3691,35.2583, 564.7, 4866, -6.4,-16.3,-14.6, 45, 48, 1.89,238,14.9
2025-05-17 20:29:18,-97.3689,35.2584, 564.5, 4869, -6.4,-16.4,-14.6, 45, 48, 1.89,238,14.8
2025-05-17 20:29:19,-97.3687,35.2585, 564.2, 4872, -6.5,-16.4,-14.7, 45, 48, 1.88,238,14.8
2025-05-17 20:29:20,-97.3686,35.2585, 564.0, 4875, -6.5,-16.4,-14.7, 45, 48, 1.88,238,14.8
2025-05-17 20:29:21,-97.3685,35.2586, 563.7, 4879, -6.6,-16.4,-14.7, 46, 49, 1.88,238,14.8
2025-05-17 20:29:22,-97.3683,35.2586, 563.5, 4883, -6.6,-16.4,-14.7, 46, 49, 1.88,238,14.8
2025-05-17 20:29:23,-97.3682,35.2587, 563.2, 4886, -6.6,-16.4,-14.7, 46, 49, 1.89,238,14.7
2025-05-17 20:29:24,-97.3681,35.2588, 562.9, 4890, -6.7,-16.4,-14.7, 46, 49, 1.89,238,14.7
2025-05-17 20:29:25,-97.3679,35.2588, 562.6, 4894, -6.7,-16.4,-14.7, 46, 49, 1.89,239,14.7
2025-05-17 20:29:26,-97.3678,35.2589, 562.3, 4898, -6.8,-16.4,-14.7, 46, 49, 1.89,239,14.6
2025-05-17 20:29:27,-97.3676,35.2590, 562.0, 4903, -6.8,-16.4,-14.7, 46, 49, 1.89,239,14.6
2025-05-17 20:29:28,-97.3675,35.2590, 561.7, 4907, -6.8,-16.5,-14.7, 46, 49, 1.88,239,14.6
2025-05-17 20:29:29,-97.3674,35.2591, 561.4, 4912, -6.9,-16.5,-14.7, 46, 50, 1.88,239,14.5
2025-05-17 20:29:30,-97.3673,35.2591, 561.1, 4916, -6.9,-16.4,-14.7, 47, 50, 1.89,239,14.5
2025-05-17 20:29:31,-97.3671,35.2592, 560.7, 4921, -7.0,-16.4,-14.7, 47, 50, 1.89,239,14.4
2025-05-17 20:29:32,-97.3669,35.2592, 560.4, 4926, -7.0,-16.4,-14.7, 47, 50, 1.90,239,14.4
2025-05-17 20:29:33,-97.3668,35.2593, 560.0, 4931, -7.1,-16.4,-14.7, 47, 51, 1.89,239,14.4
2025-05-17 20:29:34,-97.3666,35.2593, 559.6, 4937, -7.1,-16.4,-14.7, 47, 51, 1.90,239,14.3
2025-05-17 20:29:35,-97.3665,35.2594, 559.2, 4943, -7.2,-16.4,-14.7, 48, 51, 1.90,239,14.3
2025-05-17 20:29:36,-97.3663,35.2595, 558.7, 4949, -7.2,-16.4,-14.7, 48, 51, 1.89,239,14.2
2025-05-17 20:29:37,-97.3662,35.2596, 558.4, 4954, -7.3,-16.5,-14.8, 48, 51, 1.89,239,14.2
2025-05-17 20:29:38,-97.3660,35.2597, 558.0, 4959, -7.3,-16.5,-14.8, 48, 51, 1.89,239,14.2
2025-05-17 20:29:39,-97.3659,35.2598, 557.7, 4963, -7.3,-16.5,-14.7, 48, 52, 1.90,239,14.1
2025-05-17 20:29:40,-97.3658,35.2599, 557.4, 4967, -7.4,-16.4,-14.7, 49, 52, 1.91,239,14.1
2025-05-17 20:29:41,-97.3657,35.2600, 557.1, 4972, -7.4,-16.3,-14.6, 49, 53, 1.92,239,14.1
2025-05-17 20:29:42,-97.3656,35.2600, 556.7, 4977, -7.4,-16.2,-14.5, 50, 53, 1.95,239,14.1
2025-05-17 20:29:43,-97.3656,35.2601, 556.4, 4981, -7.5,-16.1,-14.4, 50, 54, 1.96,239,14.1
2025-05-17 20:29:44,-97.3655,35.2601, 556.1, 4986, -7.5,-16.0,-14.3, 50, 54, 1.97,239,14.1
2025-05-17 20:29:45,-97.3654,35.2602, 555.8, 4990, -7.5,-16.0,-14.3, 50, 54, 1.97,239,14.2
2025-05-17 20:29:46,-97.3653,35.2602, 555.5, 4994, -7.6,-16.0,-14.3, 51, 54, 1.97,239,14.2
2025-05-17 20:29:47,-97.3651,35.2603, 555.2, 4998, -7.6,-16.0,-14.3, 51, 55, 1.98,239,14.2
2025-05-17 20:29:48,-97.3649,35.2604, 555.0, 5001, -7.6,-16.0,-14.3, 51, 55, 1.97,240,14.3
2025-05-17 20:29:49,-97.3648,35.2604, 554.7, 5005, -7.7,-16.0,-14.3, 51, 55, 1.98,240,14.3
2025-05-17 20:29:50,-97.3647,35.2605, 554.5, 5008, -7.7,-16.0,-14.3, 51, 55, 1.98,240,14.4
2025-05-17 20:29:51,-97.3646,35.2606, 554.2, 5012, -7.7,-16.1,-14.4, 51, 55, 1.96,241,14.4
2025-05-17 20:29:52,-97.3645,35.2606, 553.9, 5016, -7.7,-16.3,-14.6, 50, 54, 1.94,241,14.5
2025-05-17 20:29:53,-97.3643,35.2607, 553.6, 5021, -7.7,-16.4,-14.7, 50, 53, 1.92,242,14.6
2025-05-17 20:29:54,-97.3642,35.2607, 553.2, 5026, -7.6,-16.2,-14.5, 50, 54, 1.94,242,14.6
2025-05-17 20:29:55,-97.3640,35.2608, 552.9, 5031, -7.5,-16.0,-14.3, 51, 55, 1.99,243,14.7
2025-05-17 20:29:56,-97.3638,35.2608, 552.6, 5035, -7.5,-15.8,-14.2, 51, 55, 2.02,243,14.8
2025-05-17 20:29:57,-97.3636,35.2609, 552.3, 5039, -7.5,-15.7,-14.1, 52, 55, 2.03,244,14.9
2025-05-17 20:29:58,-97.3634,35.2610, 552.0, 5043, -7.4,-15.6,-13.9, 52, 56, 2.06,244,14.9
2025-05-17 20:29:59,-97.3632,35.2611, 551.6, 5048, -7.4,-15.4,-13.8, 53, 57, 2.09,245,15.0
2025-05-17 20:30:00,-97.3631,35.2612, 551.3, 5053, -7.4,-15.4,-13.8, 53, 57, 2.10,246,15.1
2025-05-17 20:30:01,-97.3629,35.2613, 551.0, 5058, -7.5,-15.4,-13.8, 53, 57, 2.10,247,15.2
2025-05-17 20:30:02,-97.3628,35.2614, 550.6, 5062, -7.5,-15.2,-13.6, 54, 58, 2.13,247,15.2
2025-05-17 20:30:03,-97.3627,35.2614, 550.3, 5068, -7.5,-15.1,-13.5, 54, 58, 2.15,248,15.3
2025-05-17 20:30:04,-97.3626,35.2615, 549.9, 5073, -7.6,-15.3,-13.6, 54, 58, 2.12,249,15.4
2025-05-17 20:30:05,-97.3625,35.2615, 549.5, 5079, -7.7,-15.3,-13.7, 54, 58, 2.11,250,15.4
2025-05-17 20:30:06,-97.3623,35.2615, 549.1, 5085, -7.7,-15.3,-13.7, 54, 59, 2.11,251,15.5
2025-05-17 20:30:07,-97.3622,35.2615, 548.7, 5090, -7.8,-15.3,-13.7, 55, 59, 2.12,251,15.6
2025-05-17 20:30:08,-97.3620,35.2615, 548.3, 5095, -7.8,-15.3,-13.6, 55, 59, 2.13,252,15.6
2025-05-17 20:30:09,-97.3618,35.2616, 548.0, 5100, -7.8,-15.3,-13.7, 55, 59, 2.13,253,15.7
2025-05-17 20:30:10,-97.3616,35.2617, 547.7, 5104, -7.9,-15.3,-13.7, 55, 59, 2.12,254,15.8
2025-05-17 20:30:11,-97.3614,35.2617, 547.4, 5108, -7.9,-15.3,-13.7, 55, 60, 2.12,254,15.8
2025-05-17 20:30:12,-97.3612,35.2617, 547.1, 5113, -8.0,-15.3,-13.7, 55, 60, 2.12,255,15.9
2025-05-17 20:30:13,-97.3610,35.2617, 546.7, 5118, -8.0,-15.4,-13.7, 56, 60, 2.12,256,16.0
2025-05-17 20:30:14,-97.3608,35.2617, 546.3, 5124, -8.1,-15.4,-13.8, 56, 60, 2.11,256,16.0
2025-05-17 20:30:15,-97.3607,35.2618, 545.8, 5131, -8.2,-15.5,-13.8, 56, 60, 2.10,257,16.1
2025-05-17 20:30:16,-97.3606,35.2618, 545.4, 5137, -8.2,-15.6,-13.9, 56, 60, 2.09,257,16.2
2025-05-17 20:30:17,-97.3604,35.2618, 544.9, 5143, -8.3,-15.6,-14.0, 56, 60, 2.08,258,16.3
2025-05-17 20:30:18,-97.3602,35.2618, 544.5, 5149, -8.4,-15.5,-13.8, 57, 61, 2.11,258,16.3
2025-05-17 20:30:19,-97.3600,35.2619, 544.2, 5154, -8.3,-15.1,-13.5, 58, 63, 2.17,258,16.4
2025-05-17 20:30:20,-97.3598,35.2619, 543.8, 5159, -8.2,-14.8,-13.2, 59, 64, 2.24,259,16.5
2025-05-17 20:30:21,-97.3596,35.2619, 543.5, 5163, -8.2,-14.6,-13.1, 60, 65, 2.26,259,16.6
2025-05-17 20:30:22,-97.3594,35.2619, 543.3, 5167, -8.2,-14.7,-13.1, 59, 64, 2.25,259,16.6
2025-05-17 20:30:23,-97.3593,35.2619, 543.0, 5171, -8.2,-14.8,-13.2, 59, 64, 2.24,259,16.7
2025-05-17 20:30:24,-97.3591,35.2619, 542.7, 5175, -8.3,-14.8,-13.3, 59, 64, 2.23,259,16.8
2025-05-17 20:30:25,-97.3589,35.2619, 542.4, 5179, -8.3,-14.9,-13.3, 59, 64, 2.22,259,16.9
2025-05-17 20:30:26,-97.3587,35.2619, 542.1, 5184, -8.4,-14.8,-13.2, 60, 65, 2.24,259,17.0
2025-05-17 20:30:27,-97.3585,35.2620, 541.7, 5189, -8.4,-14.7,-13.1, 60, 66, 2.26,259,17.0
2025-05-17 20:30:28,-97.3583,35.2620, 541.4, 5194, -8.5,-14.7,-13.1, 61, 66, 2.26,259,17.1
2025-05-17 20:30:29,-97.3581,35.2621, 541.0, 5199, -8.5,-14.7,-13.1, 61, 66, 2.26,259,17.2
2025-05-17 20:30:30,-97.3580,35.2621, 540.7, 5204, -8.5,-14.7,-13.2, 61, 66, 2.26,259,17.3
2025-05-17 20:30:31,-97.3579,35.2621, 540.4, 5208, -8.6,-14.8,-13.2, 61, 66, 2.25,258,17.3
2025-05-17 20:30:32,-97.3577,35.2622, 540.1, 5212, -8.7,-14.9,-13.3, 61, 66, 2.22,258,17.4
2025-05-17 20:30:33,-97.3575,35.2622, 539.8, 5217, -8.7,-15.0,-13.4, 61, 66, 2.21,258,17.5
2025-05-17 20:30:34,-97.3573,35.2622, 539.5, 5221, -8.8,-15.0,-13.4, 61, 66, 2.22,258,17.6
2025-05-17 20:30:35,-97.3570,35.2623, 539.2, 5225, -8.8,-15.0,-13.4, 61, 66, 2.22,258,17.6
2025-05-17 20:30:36,-97.3568,35.2623, 539.0, 5229, -8.8,-14.9,-13.3, 61, 67, 2.23,258,17.7
2025-05-17 20:30:37,-97.3566,35.2624, 538.6, 5233, -8.8,-14.8,-13.3, 62, 67, 2.25,257,17.8
2025-05-17 20:30:38,-97.3564,35.2625, 538.2, 5239, -8.8,-14.7,-13.1, 63, 68, 2.28,257,17.8
2025-05-17 20:30:39,-97.3562,35.2625, 537.8, 5245, -8.8,-14.5,-13.0, 63, 69, 2.31,257,17.9
2025-05-17 20:30:40,-97.3560,35.2626, 537.4, 5252, -8.9,-14.5,-13.0, 64, 69, 2.31,257,18.0
2025-05-17 20:30:41,-97.3558,35.2626, 537.0, 5257, -8.9,-14.6,-13.0, 64, 69, 2.30,257,18.0
2025-05-17 20:30:42,-97.3557,35.2625, 536.7, 5262, -9.0,-14.7,-13.1, 63, 69, 2.29,257,18.1
2025-05-17 20:30:43,-97.3555,35.2626, 536.4, 5265, -9.0,-14.7,-13.1, 63, 69, 2.28,257,18.2
2025-05-17 20:30:44,-97.3554,35.2626, 536.2, 5269, -9.1,-14.7,-13.1, 64, 70, 2.28,257,18.2
2025-05-17 20:30:45,-97.3552,35.2627, 535.9, 5273, -9.1,-14.6,-13.1, 64, 70, 2.30,257,18.3
2025-05-17 20:30:46,-97.3550,35.2627, 535.6, 5277, -9.2,-14.5,-13.0, 65, 71, 2.32,257,18.3
2025-05-17 20:30:47,-97.3548,35.2628, 535.3, 5281, -9.2,-14.3,-12.8, 66, 72, 2.36,257,18.4
2025-05-17 20:30:48,-97.3546,35.2628, 535.1, 5285, -9.2,-14.1,-12.6, 67, 73, 2.39,257,18.4
2025-05-17 20:30:49,-97.3543,35.2629, 534.8, 5288, -9.2,-14.1,-12.6, 67, 74, 2.40,258,18.5
2025-05-17 20:30:50,-97.3541,35.2629, 534.6, 5291, -9.2,-14.1,-12.6, 67, 74, 2.40,258,18.5
2025-05-17 20:30:51,-97.3539,35.2629, 534.5, 5293, -9.2,-14.1,-12.6, 67, 74, 2.40,258,18.5
2025-05-17 20:30:52,-97.3536,35.2630, 534.3, 5296, -9.2,-14.1,-12.6, 67, 74, 2.40,258,18.5
2025-05-17 20:30:53,-97.3534,35.2630, 534.2, 5298, -9.3,-14.1,-12.6, 68, 74, 2.40,258,18.5
2025-05-17 20:30:54,-97.3532,35.2630, 534.0, 5300, -9.3,-14.1,-12.6, 68, 74, 2.40,258,18.6
2025-05-17 20:30:55,-97.3530,35.2630, 533.8, 5303, -9.3,-14.1,-12.6, 68, 74, 2.40,258,18.6
2025-05-17 20:30:56,-97.3528,35.2631, 533.6, 5305, -9.3,-14.1,-12.6, 68, 75, 2.40,258,18.6
2025-05-17 20:30:57,-97.3526,35.2631, 533.5, 5308, -9.4,-14.1,-12.6, 69, 75, 2.41,258,18.6
2025-05-17 20:30:58,-97.3524,35.2632, 533.3, 5311, -9.4,-14.1,-12.6, 69, 75, 2.42,258,18.6
2025-05-17 20:30:59,-97.3522,35.2632, 533.1, 5313, -9.4,-14.1,-12.6, 69, 76, 2.42,259,18.5
2025-05-17 20:31:00,-97.3521,35.2632, 532.9, 5316, -9.5,-14.1,-12.6, 69, 76, 2.42,259,18.5
2025-05-17 20:31:01,-97.3518,35.2632, 532.6, 5320, -9.5,-14.1,-12.6, 69, 76, 2.42,259,18.5
2025-05-17 20:31:02,-97.3516,35.2633, 532.3, 5325, -9.5,-14.1,-12.6, 70, 76, 2.42,259,18.5
2025-05-17 20:31:03,-97.3514,35.2633, 532.0, 5329, -9.6,-14.0,-12.5, 70, 77, 2.43,259,18.4
2025-05-17 20:31:04,-97.3512,35.2634, 531.9, 5331, -9.6,-14.0,-12.5, 70, 77, 2.44,259,18.4
2025-05-17 20:31:05,-97.3511,35.2634, 531.7, 5334, -9.6,-14.0,-12.5, 70, 77, 2.44,259,18.4
2025-05-17 20:31:06,-97.3509,35.2634, 531.5, 5336, -9.7,-14.0,-12.5, 70, 77, 2.43,259,18.4
2025-05-17 20:31:07,-97.3507,35.2635, 531.3, 5339, -9.7,-14.1,-12.6, 70, 77, 2.43,259,18.3
2025-05-17 20:31:08,-97.3505,35.2635, 531.1, 5342, -9.7,-14.1,-12.6, 70, 77, 2.42,259,18.3
2025-05-17 20:31:09,-97.3503,35.2635, 530.8, 5346, -9.8,-14.1,-12.6, 70, 77, 2.42,259,18.2
2025-05-17 20:31:10,-97.3501,35.2635, 530.6, 5350, -9.8,-14.1,-12.6, 71, 78, 2.42,259,18.2
2025-05-17 20:31:11,-97.3499,35.2636, 530.3, 5354, -9.8,-14.1,-12.6, 71, 78, 2.42,259,18.2
2025-05-17 20:31:12,-97.3497,35.2636, 530.0, 5358, -9.8,-14.1,-12.6, 71, 78, 2.42,259,18.1
2025-05-17 20:31:13,-97.3495,35.2636, 529.7, 5362, -9.9,-14.1,-12.6, 71, 78, 2.42,259,18.1
2025-05-17 20:31:14,-97.3493,35.2637, 529.4, 5367, -9.9,-14.1,-12.6, 72, 79, 2.43,259,18.1
2025-05-17 20:31:15,-97.3491,35.2637, 529.1, 5371, -9.9,-14.0,-12.5, 72, 79, 2.44,259,18.1
2025-05-17 20:31:16,-97.3489,35.2637, 528.8, 5376,-10.0,-14.0,-12.5, 72, 80, 2.45,259,18.0
2025-05-17 20:31:17,-97.3487,35.2637, 528.5, 5380,-10.0,-14.0,-12.5, 72, 80, 2.45,260,18.0
2025-05-17 20:31:18,-97.3485,35.2637, 528.3, 5384,-10.0,-14.0,-12.5, 72, 80, 2.45,260,18.0
2025-05-17 20:31:19,-97.3483,35.2638, 528.0, 5388,-10.0,-14.0,-12.5, 72, 80, 2.45,260,18.0
2025-05-17 20:31:20,-97.3481,35.2638, 527.8, 5391,-10.0,-14.1,-12.6, 72, 80, 2.44,260,18.0
2025-05-17 20:31:21,-97.3479,35.2638, 527.5, 5394,-10.1,-14.1,-12.6, 72, 80, 2.44,260,18.0
2025-05-17 20:31:22,-97.3478,35.2639, 527.3, 5397,-10.1,-14.1,-12.6, 73, 80, 2.44,260,18.0
2025-05-17 20:31:23,-97.3476,35.2639, 527.1, 5400,-10.1,-14.1,-12.6, 73, 80, 2.44,260,18.0
2025-05-17 20:31:24,-97.3474,35.2639, 527.0, 5403,-10.1,-14.1,-12.6, 73, 80, 2.44,260,18.0
2025-05-17 20:31:25,-97.3472,35.2640, 526.8, 5405,-10.2,-14.1,-12.6, 73, 80, 2.44,260,18.0
2025-05-17 20:31:26,-97.3470,35.2640, 526.7, 5407,-10.2,-14.1,-12.6, 73, 80, 2.44,260,18.0
2025-05-17 20:31:27,-97.3468,35.2640, 526.5, 5409,-10.2,-14.1,-12.6, 73, 80, 2.43,260,18.0
2025-05-17 20:31:28,-97.3466,35.2640, 526.3, 5413,-10.2,-14.1,-12.6, 73, 81, 2.44,260,18.1
2025-05-17 20:31:29,-97.3464,35.2641, 526.0, 5416,-10.2,-14.1,-12.6, 73, 81, 2.45,260,18.1
2025-05-17 20:31:30,-97.3462,35.2641, 525.7, 5421,-10.3,-14.0,-12.5, 74, 82, 2.46,260,18.2
2025-05-17 20:31:31,-97.3460,35.2642, 525.5, 5425,-10.3,-14.0,-12.5, 74, 82, 2.48,260,18.2
2025-05-17 20:31:32,-97.3458,35.2642, 525.1, 5429,-10.3,-13.9,-12.4, 75, 83, 2.49,260,18.3
2025-05-17 20:31:33,-97.3456,35.2642, 524.8, 5434,-10.3,-13.8,-12.3, 76, 84, 2.51,260,18.3
2025-05-17 20:31:34,-97.3454,35.2643, 524.5, 5439,-10.4,-13.7,-12.2, 77, 85, 2.53,260,18.4
2025-05-17 20:31:35,-97.3452,35.2643, 524.1, 5445,-10.4,-13.7,-12.2, 77, 85, 2.54,260,18.4
2025-05-17 20:31:36,-97.3450,35.2643, 523.7, 5451,-10.5,-13.7,-12.2, 77, 85, 2.54,260,18.5
2025-05-17 20:31:37,-97.3448,35.2643, 523.3, 5457,-10.5,-13.7,-12.2, 78, 86, 2.54,260,18.6
2025-05-17 20:31:38,-97.3446,35.2643, 522.8, 5464,-10.6,-13.6,-12.2, 78, 87, 2.56,260,18.7
2025-05-17 20:31:39,-97.3444,35.2644, 522.4, 5470,-10.6,-13.6,-12.1, 79, 87, 2.57,260,18.8
2025-05-17 20:31:40,-97.3443,35.2644, 521.9, 5476,-10.6,-13.5,-12.1, 79, 88, 2.58,259,18.9
2025-05-17 20:31:41,-97.3441,35.2644, 521.5, 5483,-10.7,-13.4,-12.0, 80, 89, 2.61,259,18.9
2025-05-17 20:31:42,-97.3438,35.2644, 521.0, 5490,-10.7,-13.3,-11.9, 81, 90, 2.64,259,19.0
2025-05-17 20:31:43,-97.3436,35.2644, 520.7, 5495,-10.7,-13.2,-11.8, 82, 91, 2.65,259,19.1
2025-05-17 20:31:44,-97.3434,35.2644, 520.4, 5500,-10.7,-13.2,-11.8, 82, 91, 2.67,259,19.2
2025-05-17 20:31:45,-97.3431,35.2645, 520.1, 5504,-10.7,-13.1,-11.7, 82, 91, 2.67,259,19.4
2025-05-17 20:31:46,-97.3429,35.2645, 519.8, 5508,-10.8,-13.1,-11.7, 82, 92, 2.67,258,19.5
2025-05-17 20:31:47,-97.3427,35.2645, 519.5, 5513,-10.8,-13.2,-11.7, 83, 92, 2.67,258,19.6
2025-05-17 20:31:48,-97.3425,35.2645, 519.1, 5518,-10.8,-13.1,-11.7, 83, 92, 2.68,258,19.7
2025-05-17 20:31:49,-97.3423,35.2646, 518.7, 5524,-10.9,-13.1,-11.7, 84, 93, 2.70,257,19.8
2025-05-17 20:31:50,-97.3421,35.2647, 518.4, 5529,-10.9,-13.0,-11.6, 84, 94, 2.71,257,19.9
2025-05-17 20:31:51,-97.3419,35.2647, 518.1, 5533,-10.9,-13.0,-11.6, 85, 94, 2.72,257,20.0
2025-05-17 20:31:52,-97.3416,35.2647, 517.8, 5537,-11.0,-12.9,-11.5, 85, 95, 2.73,256,20.1
2025-05-17 20:31:53,-97.3414,35.2648, 517.6, 5541,-11.0,-12.9,-11.5, 86, 96, 2.75,256,20.2
2025-05-17 20:31:54,-97.3412,35.2648, 517.3, 5545,-11.0,-12.8,-11.4, 86, 96, 2.76,256,20.4
2025-05-17 20:31:55,-97.3411,35.2648, 517.1, 5548,-11.0,-12.8,-11.4, 87, 96, 2.77,255,20.5
2025-05-17 20:31:56,-97.3409,35.2649, 516.9, 5552,-11.1,-12.8,-11.4, 87, 97, 2.77,255,20.6
2025-05-17 20:31:57,-97.3407,35.2650, 516.6, 5556,-11.1,-12.8,-11.4, 87, 97, 2.77,254,20.7
2025-05-17 20:31:58,-97.3404,35.2650, 516.3, 5560,-11.1,-12.8,-11.4, 88, 98, 2.78,254,20.8
2025-05-17 20:31:59,-97.3402,35.2651, 516.0, 5565,-11.1,-12.7,-11.3, 88, 98, 2.79,254,20.9
2025-05-17 20:32:00,-97.3399,35.2652, 515.7, 5569,-11.1,-12.7,-11.3, 88, 98, 2.80,253,21.0
2025-05-17 20:32:01,-97.3397,35.2653, 515.4, 5574,-11.1,-12.6,-11.3, 88, 99, 2.81,253,21.1
2025-05-17 20:32:02,-97.3394,35.2653, 515.1, 5578,-11.1,-12.6,-11.2, 89, 99, 2.82,253,21.2
2025-05-17 20:32:03,-97.3392,35.2654, 514.9, 5582,-11.1,-12.6,-11.2, 89, 99, 2.82,252,21.3
2025-05-17 20:32:04,-97.3390,35.2654, 514.6, 5586,-11.1,-12.6,-11.3, 89, 99, 2.82,252,21.4
2025-05-17 20:32:05,-97.3388,35.2655, 514.3, 5590,-11.2,-12.6,-11.2, 89, 99, 2.82,252,21.5
2025-05-17 20:32:06,-97.3385,35.2656, 514.0, 5595,-11.2,-12.6,-11.2, 90,100, 2.83,252,21.6
2025-05-17 20:32:07,-97.3383,35.2656, 513.7, 5599,-11.3,-12.5,-11.2, 90,101, 2.85,252,21.7
2025-05-17 20:32:08,-97.3381,35.2657, 513.3, 5604,-11.3,-12.5,-11.1, 91,101, 2.86,251,21.8
2025-05-17 20:32:09,-97.3379,35.2658, 513.0, 5609,-11.3,-12.5,-11.1, 91,102, 2.86,251,21.9
2025-05-17 20:32:10,-97.3377,35.2658, 512.6, 5615,-11.4,-12.5,-11.1, 91,102, 2.86,251,22.0
2025-05-17 20:32:11,-97.3375,35.2659, 512.3, 5620,-11.4,-12.5,-11.1, 92,103, 2.87,251,22.0
2025-05-17 20:32:12,-97.3373,35.2660, 512.0, 5625,-11.5,-12.5,-11.1, 92,103, 2.87,251,22.1
2025-05-17 20:32:13,-97.3370,35.2661, 511.7, 5629,-11.5,-12.5,-11.1, 93,104, 2.87,251,22.2
2025-05-17 20:32:14,-97.3368,35.2661, 511.4, 5633,-11.6,-12.5,-11.1, 93,104, 2.87,251,22.2
2025-05-17 20:32:15,-97.3365,35.2662, 511.1, 5638,-11.6,-12.5,-11.1, 93,104, 2.87,251,22.3
2025-05-17 20:32:16,-97.3362,35.2663, 510.8, 5642,-11.6,-12.5,-11.1, 93,104, 2.87,251,22.4
2025-05-17 20:32:17,-97.3360,35.2663, 510.5, 5646,-11.6,-12.5,-11.1, 93,104, 2.87,251,22.4
2025-05-17 20:32:18,-97.3358,35.2664, 510.2, 5651,-11.6,-12.5,-11.1, 93,104, 2.87,251,22.5
2025-05-17 20:32:19,-97.3355,35.2665, 509.9, 5656,-11.6,-12.5,-11.1, 94,105, 2.88,250,22.5
2025-05-17 20:32:20,-97.3353,35.2665, 509.6, 5660,-11.6,-12.4,-11.1, 94,105, 2.89,250,22.6
2025-05-17 20:32:21,-97.3351,35.2666, 509.3, 5664,-11.6,-12.3,-11.0, 94,105, 2.91,250,22.6
2025-05-17 20:32:22,-97.3349,35.2667, 509.1, 5669,-11.6,-12.3,-11.0, 95,106, 2.93,250,22.7
2025-05-17 20:32:23,-97.3346,35.2667, 508.8, 5673,-11.6,-12.3,-10.9, 95,107, 2.93,250,22.7
2025-05-17 20:32:24,-97.3344,35.2668, 508.5, 5677,-11.7,-12.3,-10.9, 96,107, 2.94,250,22.8
2025-05-17 20:32:25,-97.3342,35.2669, 508.2, 5681,-11.7,-12.2,-10.9, 96,107, 2.94,250,22.8
2025-05-17 20:32:26,-97.3339,35.2669, 508.0, 5685,-11.8,-12.3,-11.0, 96,108, 2.94,251,22.9
2025-05-17 20:32:27,-97.3337,35.2670, 507.7, 5689,-11.8,-12.3,-11.0, 96,107, 2.93,251,23.0
2025-05-17 20:32:28,-97.3335,35.2670, 507.4, 5693,-11.8,-12.3,-11.0, 96,108, 2.93,251,23.0
2025-05-17 20:32:29,-97.3333,35.2671, 507.1, 5697,-11.8,-12.3,-11.0, 96,108, 2.93,251,23.1
2025-05-17 20:32:30,-97.3330,35.2672, 506.8, 5702,-11.8,-12.3,-11.0, 96,108, 2.93,251,23.1
2025-05-17 20:32:31,-97.3328,35.2673, 506.5, 5706,-11.8,-12.3,-11.0, 96,108, 2.93,251,23.2
2025-05-17 20:32:32,-97.3325,35.2674, 506.3, 5710,-11.8,-12.4,-11.0, 96,108, 2.93,251,23.3
2025-05-17 20:32:33,-97.3323,35.2675, 506.1, 5713,-11.8,-12.4,-11.1, 96,107, 2.92,251,23.3
2025-05-17 20:32:34,-97.3321,35.2675, 505.9, 5716,-11.9,-12.4,-11.1, 96,108, 2.92,251,23.4
2025-05-17 20:32:35,-97.3318,35.2676, 505.7, 5720,-11.9,-12.4,-11.1, 96,108, 2.92,251,23.5
2025-05-17 20:32:36,-97.3316,35.2676, 505.4, 5723,-11.9,-12.4,-11.1, 96,108, 2.91,251,23.6
2025-05-17 20:32:37,-97.3313,35.2677, 505.2, 5728,-11.9,-12.5,-11.1, 96,108, 2.91,251,23.6
2025-05-17 20:32:38,-97.3311,35.2678, 504.9, 5732,-12.0,-12.5,-11.1, 96,108, 2.91,251,23.7
2025-05-17 20:32:39,-97.3308,35.2679, 504.6, 5736,-12.0,-12.5,-11.1, 96,108, 2.91,251,23.8
2025-05-17 20:32:40,-97.3306,35.2679, 504.3, 5741,-12.0,-12.5,-11.2, 96,108, 2.90,251,23.9
2025-05-17 20:32:41,-97.3303,35.2680, 504.0, 5745,-12.0,-12.5,-11.2, 96,107, 2.90,251,23.9
2025-05-17 20:32:42,-97.3300,35.2680, 503.7, 5749,-12.0,-12.6,-11.2, 95,107, 2.89,251,24.0
2025-05-17 20:32:43,-97.3298,35.2681, 503.5, 5753,-12.0,-12.6,-11.2, 95,107, 2.89,251,24.1
2025-05-17 20:32:44,-97.3295,35.2682, 503.2, 5757,-12.0,-12.6,-11.2, 95,107, 2.89,251,24.1
2025-05-17 20:32:45,-97.3293,35.2683, 503.0, 5760,-12.0,-12.6,-11.3, 95,107, 2.89,251,24.2
2025-05-17 20:32:46,-97.3290,35.2684, 502.8, 5764,-12.1,-12.7,-11.3, 95,107, 2.87,252,24.3
2025-05-17 20:32:47,-97.3288,35.2684, 502.5, 5767,-12.1,-12.7,-11.3, 95,107, 2.87,252,24.4
2025-05-17 20:32:48,-97.3285,35.2685, 502.3, 5771,-12.1,-12.7,-11.4, 95,107, 2.86,252,24.4
2025-05-17 20:32:49,-97.3283,35.2686, 502.0, 5775,-12.1,-12.8,-11.4, 95,106, 2.86,252,24.5
2025-05-17 20:32:50,-97.3280,35.2686, 501.8, 5779,-12.1,-12.8,-11.4, 94,106, 2.85,252,24.5
2025-05-17 20:32:51,-97.3278,35.2687, 501.5, 5783,-12.0,-12.9,-11.5, 93,105, 2.83,252,24.6
2025-05-17 20:32:52,-97.3275,35.2688, 501.3, 5787,-12.0,-13.0,-11.6, 92,104, 2.80,252,24.7
2025-05-17 20:32:53,-97.3273,35.2688, 501.0, 5791,-12.0,-13.1,-11.7, 92,103, 2.78,252,24.7
2025-05-17 20:32:54,-97.3270,35.2689, 500.7, 5795,-12.0,-13.2,-11.8, 91,102, 2.76,253,24.8
2025-05-17 20:32:55,-97.3267,35.2689, 500.4, 5800,-12.0,-13.3,-11.9, 90,101, 2.74,253,24.8
2025-05-17 20:32:56,-97.3265,35.2690, 500.1, 5804,-12.0,-13.4,-12.0, 89,100, 2.71,253,24.9
2025-05-17 20:32:56,-97.3264,35.2690, 500.0, 5806,-12.0,-13.5,-12.1, 89,100, 2.70,253,24.9
2025-05-17 20:32:57,-97.3261,35.2691, 499.9, 5808,-12.0,-13.6,-12.1, 88, 99, 2.69,253,24.9
2025-05-17 20:32:58,-97.3259,35.2692, 499.6, 5812,-12.0,-13.7,-12.2, 87, 98, 2.66,253,24.9
2025-05-17 20:32:59,-97.3256,35.2692, 499.4, 5815,-12.0,-13.8,-12.3, 87, 97, 2.64,253,25.0
2025-05-17 20:33:00,-97.3254,35.2693, 499.2, 5819,-12.0,-13.9,-12.4, 86, 97, 2.63,253,25.0
2025-05-17 20:33:01,-97.3251,35.2693, 498.9, 5822,-12.0,-13.9,-12.4, 86, 97, 2.62,253,25.0
2025-05-17 20:33:02,-97.3249,35.2694, 498.7, 5826,-12.0,-13.9,-12.4, 86, 97, 2.62,254,25.0
2025-05-17 20:33:03,-97.3246,35.2695, 498.5, 5830,-12.1,-14.0,-12.5, 86, 96, 2.61,254,25.1
2025-05-17 20:33:04,-97.3243,35.2695, 498.2, 5834,-12.1,-14.0,-12.5, 86, 96, 2.60,254,25.1
2025-05-17 20:33:05,-97.3240,35.2696, 497.9, 5838,-12.1,-14.0,-12.5, 86, 96, 2.59,254,25.1
2025-05-17 20:33:06,-97.3238,35.2697, 497.7, 5842,-12.1,-14.1,-12.6, 85, 96, 2.58,254,25.1
2025-05-17 20:33:07,-97.3235,35.2697, 497.4, 5846,-12.1,-14.2,-12.7, 84, 95, 2.56,254,25.1
2025-05-17 20:33:08,-97.3232,35.2698, 497.1, 5850,-12.1,-14.4,-12.9, 83, 93, 2.53,254,25.1
2025-05-17 20:33:09,-97.3230,35.2698, 496.9, 5854,-12.1,-14.6,-13.0, 82, 92, 2.49,254,25.1
2025-05-17 20:33:10,-97.3227,35.2699, 496.6, 5858,-12.0,-14.8,-13.2, 80, 90, 2.44,254,25.1
2025-05-17 20:33:11,-97.3224,35.2699, 496.4, 5862,-12.0,-15.0,-13.5, 78, 88, 2.40,254,25.1
2025-05-17 20:33:12,-97.3222,35.2700, 496.1, 5866,-12.0,-15.3,-13.6, 76, 86, 2.36,254,25.1
2025-05-17 20:33:13,-97.3219,35.2701, 495.8, 5870,-11.9,-15.4,-13.8, 75, 84, 2.33,254,25.0
2025-05-17 20:33:14,-97.3216,35.2701, 495.5, 5875,-11.9,-15.5,-13.9, 75, 84, 2.31,254,25.0
2025-05-17 20:33:15,-97.3214,35.2702, 495.3, 5879,-11.9,-15.6,-13.9, 74, 83, 2.30,254,25.0
2025-05-17 20:33:16,-97.3211,35.2702, 495.0, 5883,-11.9,-15.7,-14.0, 74, 83, 2.28,254,25.0
2025-05-17 20:33:17,-97.3208,35.2703, 494.7, 5887,-11.9,-15.8,-14.1, 73, 82, 2.26,254,24.9
2025-05-17 20:33:18,-97.3205,35.2704, 494.4, 5892,-11.9,-15.9,-14.2, 72, 81, 2.24,254,24.9
2025-05-17 20:33:19,-97.3203,35.2704, 494.2, 5896,-11.9,-16.0,-14.3, 72, 81, 2.23,254,24.9
2025-05-17 20:33:20,-97.3200,35.2705, 493.9, 5900,-12.0,-16.0,-14.3, 72, 81, 2.22,254,24.9
2025-05-17 20:33:21,-97.3198,35.2706, 493.7, 5904,-12.0,-16.0,-14.3, 72, 81, 2.22,254,24.8
2025-05-17 20:33:22,-97.3195,35.2706, 493.4, 5908,-12.0,-16.1,-14.4, 72, 81, 2.22,254,24.8
2025-05-17 20:33:23,-97.3193,35.2707, 493.1, 5912,-12.0,-16.1,-14.4, 72, 81, 2.21,254,24.7
2025-05-17 20:33:24,-97.3190,35.2707, 492.9, 5916,-12.1,-16.1,-14.4, 72, 81, 2.21,254,24.7
2025-05-17 20:33:25,-97.3187,35.2708, 492.6, 5920,-12.1,-16.2,-14.5, 72, 81, 2.20,254,24.7
2025-05-17 20:33:26,-97.3185,35.2708, 492.3, 5924,-12.1,-16.2,-14.5, 72, 81, 2.20,254,24.7
2025-05-17 20:33:27,-97.3182,35.2709, 492.1, 5928,-12.1,-16.2,-14.5, 72, 81, 2.19,254,24.6
2025-05-17 20:33:28,-97.3180,35.2710, 491.8, 5933,-12.2,-16.2,-14.5, 72, 81, 2.19,254,24.6
2025-05-17 20:33:29,-97.3177,35.2710, 491.5, 5937,-12.2,-16.3,-14.5, 72, 81, 2.19,254,24.6
2025-05-17 20:33:30,-97.3175,35.2711, 491.2, 5941,-12.2,-16.3,-14.6, 72, 81, 2.19,254,24.5
2025-05-17 20:33:31,-97.3172,35.2712, 490.9, 5946,-12.3,-16.3,-14.6, 72, 81, 2.18,254,24.5
2025-05-17 20:33:32,-97.3169,35.2712, 490.7, 5950,-12.3,-16.3,-14.6, 72, 81, 2.18,254,24.5
2025-05-17 20:33:33,-97.3167,35.2713, 490.3, 5955,-12.3,-16.4,-14.6, 72, 81, 2.18,254,24.5
2025-05-17 20:33:34,-97.3164,35.2713, 490.0, 5960,-12.3,-16.4,-14.7, 72, 81, 2.17,254,24.5
2025-05-17 20:33:35,-97.3161,35.2714, 489.6, 5966,-12.4,-16.4,-14.7, 72, 81, 2.17,254,24.5
2025-05-17 20:33:36,-97.3159,35.2715, 489.3, 5972,-12.4,-16.5,-14.7, 71, 81, 2.16,254,24.5
2025-05-17 20:33:37,-97.3157,35.2715, 488.9, 5978,-12.4,-16.5,-14.8, 71, 80, 2.15,254,24.4
2025-05-17 20:33:38,-97.3154,35.2716, 488.6, 5983,-12.4,-16.6,-14.8, 71, 80, 2.14,254,24.4
2025-05-17 20:33:39,-97.3152,35.2717, 488.2, 5988,-12.5,-16.6,-14.9, 71, 80, 2.14,254,24.4
2025-05-17 20:33:40,-97.3150,35.2717, 487.9, 5993,-12.5,-16.6,-14.9, 71, 81, 2.14,254,24.4
2025-05-17 20:33:41,-97.3147,35.2718, 487.6, 5998,-12.6,-16.6,-14.9, 71, 81, 2.13,254,24.5
2025-05-17 20:33:42,-97.3144,35.2718, 487.3, 6003,-12.6,-16.7,-15.0, 71, 80, 2.12,255,24.5
2025-05-17 20:33:43,-97.3141,35.2719, 487.0, 6007,-12.6,-16.8,-15.0, 71, 80, 2.11,255,24.5
2025-05-17 20:33:44,-97.3138,35.2719, 486.8, 6011,-12.6,-16.8,-15.1, 71, 80, 2.11,255,24.5
2025-05-17 20:33:45,-97.3136,35.2720, 486.5, 6015,-12.7,-16.9,-15.1, 71, 80, 2.10,255,24.5
2025-05-17 20:33:46,-97.3133,35.2720, 486.3, 6019,-12.7,-16.9,-15.1, 71, 80, 2.09,255,24.5
2025-05-17 20:33:47,-97.3131,35.2721, 486.0, 6023,-12.7,-17.0,-15.2, 70, 80, 2.09,254,24.5
2025-05-17 20:33:48,-97.3128,35.2721, 485.7, 6027,-12.7,-17.0,-15.2, 70, 80, 2.08,254,24.5
2025-05-17 20:33:49,-97.3125,35.2722, 485.5, 6032,-12.8,-17.0,-15.2, 71, 80, 2.08,254,24.6
2025-05-17 20:33:50,-97.3123,35.2722, 485.2, 6036,-12.8,-17.0,-15.3, 71, 80, 2.08,254,24.6
2025-05-17 20:33:51,-97.3120,35.2723, 484.9, 6040,-12.8,-17.1,-15.3, 71, 80, 2.07,254,24.6
2025-05-17 20:33:52,-97.3118,35.2724, 484.7, 6044,-12.9,-17.1,-15.3, 70, 80, 2.06,254,24.6
2025-05-17 20:33:53,-97.3115,35.2724, 484.4, 6048,-12.9,-17.2,-15.4, 70, 80, 2.05,254,24.6
2025-05-17 20:33:54,-97.3113,35.2725, 484.2, 6052,-12.9,-17.3,-15.5, 70, 79, 2.04,254,24.7
2025-05-17 20:33:55,-97.3110,35.2725, 483.9, 6056,-12.9,-17.4,-15.5, 69, 79, 2.03,254,24.7
2025-05-17 20:33:56,-97.3107,35.2726, 483.6, 6060,-12.9,-17.5,-15.7, 69, 78, 2.00,254,24.7
2025-05-17 20:33:57,-97.3105,35.2727, 483.4, 6064,-12.9,-17.7,-15.8, 68, 77, 1.98,254,24.7
2025-05-17 20:33:58,-97.3102,35.2727, 483.2, 6068,-12.9,-17.8,-15.9, 67, 76, 1.96,254,24.8
2025-05-17 20:33:59,-97.3099,35.2728, 482.9, 6072,-12.9,-17.8,-16.0, 67, 76, 1.95,254,24.8
2025-05-17 20:34:00,-97.3097,35.2729, 482.7, 6075,-12.9,-18.0,-16.1, 66, 75, 1.92,253,24.8
2025-05-17 20:34:01,-97.3094,35.2729, 482.5, 6079,-13.0,-18.1,-16.2, 65, 74, 1.91,253,24.8
2025-05-17 20:34:02,-97.3092,35.2730, 482.2, 6082,-13.0,-18.1,-16.2, 66, 74, 1.91,253,24.9
2025-05-17 20:34:03,-97.3089,35.2731, 482.0, 6086,-13.0,-18.1,-16.2, 66, 75, 1.91,253,24.9
2025-05-17 20:34:04,-97.3087,35.2732, 481.7, 6090,-13.1,-18.1,-16.2, 66, 75, 1.92,253,24.9
2025-05-17 20:34:05,-97.3084,35.2732, 481.5, 6094,-13.1,-18.1,-16.2, 66, 75, 1.92,253,25.0
2025-05-17 20:34:06,-97.3081,35.2733, 481.3, 6098,-13.2,-18.1,-16.2, 67, 76, 1.92,253,25.0
2025-05-17 20:34:07,-97.3079,35.2733, 481.0, 6101,-13.2,-18.1,-16.2, 67, 76, 1.92,253,25.1
2025-05-17 20:34:08,-97.3076,35.2734, 480.8, 6105,-13.2,-18.1,-16.2, 67, 76, 1.92,253,25.1
2025-05-17 20:34:09,-97.3073,35.2735, 480.6, 6109,-13.3,-18.1,-16.3, 67, 76, 1.91,253,25.1
2025-05-17 20:34:10,-97.3071,35.2736, 480.3, 6113,-13.3,-18.2,-16.3, 67, 76, 1.90,253,25.2
2025-05-17 20:34:11,-97.3068,35.2736, 480.0, 6118,-13.3,-18.2,-16.3, 67, 76, 1.90,253,25.2
2025-05-17 20:34:12,-97.3065,35.2737, 479.8, 6122,-13.4,-18.2,-16.3, 67, 76, 1.90,253,25.3
2025-05-17 20:34:13,-97.3063,35.2738, 479.5, 6126,-13.4,-18.2,-16.3, 67, 76, 1.90,253,25.4
2025-05-17 20:34:14,-97.3060,35.2738, 479.3, 6129,-13.4,-18.3,-16.4, 67, 76, 1.90,253,25.4
2025-05-17 20:34:15,-97.3058,35.2739, 479.1, 6133,-13.5,-18.3,-16.4, 67, 77, 1.89,253,25.5
2025-05-17 20:34:16,-97.3055,35.2739, 478.8, 6136,-13.5,-18.3,-16.4, 67, 77, 1.90,253,25.6
2025-05-17 20:34:17,-97.3053,35.2740, 478.6, 6140,-13.5,-18.3,-16.4, 67, 77, 1.89,253,25.6
2025-05-17 20:34:18,-97.3050,35.2741, 478.4, 6143,-13.6,-18.3,-16.4, 68, 77, 1.89,253,25.7
2025-05-17 20:34:19,-97.3047,35.2742, 478.2, 6147,-13.6,-18.3,-16.4, 68, 77, 1.89,253,25.8
2025-05-17 20:34:20,-97.3044,35.2742, 478.0, 6150,-13.6,-18.3,-16.4, 68, 77, 1.89,253,25.8
2025-05-17 20:34:21,-97.3042,35.2743, 477.8, 6153,-13.7,-18.3,-16.4, 68, 78, 1.89,253,25.9
2025-05-17 20:34:22,-97.3039,35.2744, 477.6, 6156,-13.7,-18.4,-16.5, 68, 77, 1.88,253,26.0
2025-05-17 20:34:23,-97.3036,35.2744, 477.4, 6160,-13.7,-18.4,-16.5, 68, 77, 1.88,253,26.1
2025-05-17 20:34:24,-97.3034,35.2745, 477.1, 6164,-13.7,-18.5,-16.6, 67, 77, 1.87,253,26.1
2025-05-17 20:34:25,-97.3030,35.2746, 476.8, 6169,-13.8,-18.5,-16.6, 67, 77, 1.86,253,26.2
2025-05-17 20:34:26,-97.3028,35.2747, 476.5, 6174,-13.8,-18.6,-16.7, 67, 76, 1.85,253,26.3
2025-05-17 20:34:27,-97.3025,35.2748, 476.1, 6180,-13.8,-18.7,-16.7, 66, 76, 1.84,254,26.3
2025-05-17 20:34:28,-97.3022,35.2748, 475.7, 6187,-13.8,-18.8,-16.9, 65, 75, 1.82,254,26.4
2025-05-17 20:34:29,-97.3019,35.2749, 475.2, 6194,-13.8,-19.0,-17.1, 64, 74, 1.79,254,26.4
2025-05-17 20:34:30,-97.3016,35.2749, 474.9, 6199,-13.8,-19.3,-17.3, 63, 72, 1.75,254,26.4
2025-05-17 20:34:31,-97.3013,35.2749, 474.6, 6204,-13.7,-19.6,-17.6, 61, 70, 1.71,254,26.5
2025-05-17 20:34:32,-97.3010,35.2750, 474.4, 6208,-13.7,-20.0,-17.9, 59, 68, 1.65,254,26.5
2025-05-17 20:34:33,-97.3007,35.2751, 474.1, 6211,-13.7,-20.3,-18.2, 58, 66, 1.61,254,26.5
2025-05-17 20:34:34,-97.3004,35.2751, 473.9, 6215,-13.8,-20.5,-18.4, 57, 65, 1.58,254,26.6
2025-05-17 20:34:35,-97.3002,35.2752, 473.7, 6219,-13.8,-20.7,-18.6, 56, 64, 1.56,254,26.6
2025-05-17 20:34:36,-97.2999,35.2753, 473.4, 6223,-13.8,-20.9,-18.7, 55, 63, 1.53,254,26.6
2025-05-17 20:34:37,-97.2996,35.2754, 473.2, 6227,-13.8,-21.0,-18.9, 55, 62, 1.52,254,26.6
2025-05-17 20:34:38,-97.2993,35.2754, 472.9, 6232,-13.8,-21.1,-18.9, 54, 62, 1.51,254,26.6
2025-05-17 20:34:39,-97.2990,35.2755, 472.6, 6236,-13.9,-21.1,-19.0, 54, 62, 1.50,253,26.6
2025-05-17 20:34:40,-97.2987,35.2755, 472.4, 6240,-13.9,-21.1,-18.9, 55, 62, 1.51,253,26.5
2025-05-17 20:34:41,-97.2985,35.2756, 472.1, 6245,-13.9,-21.0,-18.8, 55, 63, 1.53,253,26.5
2025-05-17 20:34:42,-97.2982,35.2757, 471.8, 6249,-13.9,-20.8,-18.7, 56, 64, 1.55,253,26.5
2025-05-17 20:34:43,-97.2979,35.2758, 471.5, 6254,-14.0,-20.6,-18.5, 57, 66, 1.58,253,26.5
2025-05-17 20:34:44,-97.2977,35.2758, 471.2, 6258,-14.0,-20.3,-18.2, 59, 68, 1.62,253,26.5
2025-05-17 20:34:45,-97.2974,35.2759, 471.0, 6262,-14.0,-20.0,-18.0, 60, 69, 1.65,253,26.5
2025-05-17 20:34:46,-97.2971,35.2760, 470.7, 6266,-14.1,-20.0,-17.9, 61, 70, 1.67,253,26.4
2025-05-17 20:34:47,-97.2968,35.2761, 470.5, 6270,-14.1,-19.9,-17.9, 61, 70, 1.67,253,26.4
2025-05-17 20:34:48,-97.2966,35.2761, 470.3, 6274,-14.1,-19.9,-17.9, 61, 70, 1.67,253,26.4
2025-05-17 20:34:49,-97.2963,35.2762, 470.1, 6277,-14.1,-19.9,-17.9, 62, 71, 1.67,253,26.4
2025-05-17 20:34:50,-97.2961,35.2763, 469.8, 6281,-14.2,-19.9,-17.9, 62, 71, 1.67,253,26.4
2025-05-17 20:34:51,-97.2958,35.2764, 469.6, 6284,-14.2,-19.9,-17.9, 62, 71, 1.67,253,26.4
2025-05-17 20:34:52,-97.2955,35.2764, 469.4, 6287,-14.2,-20.0,-18.0, 62, 71, 1.67,253,26.4
2025-05-17 20:34:53,-97.2952,35.2765, 469.2, 6291,-14.2,-20.1,-18.0, 61, 70, 1.66,253,26.3
2025-05-17 20:34:54,-97.2949,35.2766, 468.9, 6295,-14.2,-20.3,-18.2, 60, 69, 1.63,252,26.3
2025-05-17 20:34:55,-97.2946,35.2766, 468.7, 6299,-14.2,-20.7,-18.6, 58, 67, 1.57,252,26.3
2025-05-17 20:34:56,-97.2943,35.2767, 468.5, 6303,-14.2,-21.2,-19.1, 55, 63, 1.50,252,26.3
2025-05-17 20:34:57,-97.2941,35.2768, 468.2, 6307,-14.2,-21.7,-19.5, 53, 61, 1.44,252,26.3
2025-05-17 20:34:58,-97.2938,35.2769, 468.0, 6310,-14.2,-22.0,-19.8, 52, 59, 1.41,252,26.4
2025-05-17 20:34:59,-97.2936,35.2769, 467.8, 6314,-14.2,-22.1,-19.9, 51, 59, 1.40,252,26.4
2025-05-17 20:35:00,-97.2933,35.2770, 467.6, 6318,-14.2,-22.1,-19.9, 51, 59, 1.39,252,26.4
2025-05-17 20:35:01,-97.2930,35.2771, 467.3, 6321,-14.2,-22.2,-20.0, 51, 58, 1.38,253,26.4
2025-05-17 20:35:02,-97.2927,35.2772, 467.1, 6326,-14.3,-22.4,-20.1, 50, 58, 1.36,253,26.4
2025-05-17 20:35:03,-97.2924,35.2773, 466.8, 6330,-14.3,-22.5,-20.3, 50, 57, 1.35,253,26.4
2025-05-17 20:35:04,-97.2922,35.2773, 466.6, 6334,-14.4,-22.7,-20.4, 49, 57, 1.33,253,26.4
2025-05-17 20:35:05,-97.2919,35.2774, 466.3, 6338,-14.4,-22.8,-20.5, 49, 56, 1.32,253,26.4
2025-05-17 20:35:06,-97.2916,35.2775, 466.1, 6342,-14.4,-22.8,-20.5, 49, 56, 1.32,253,26.4
2025-05-17 20:35:07,-97.2913,35.2775, 465.8, 6346,-14.5,-22.8,-20.5, 49, 57, 1.32,253,26.5
2025-05-17 20:35:08,-97.2911,35.2776, 465.5, 6351,-14.5,-22.8,-20.5, 49, 57, 1.31,253,26.5
2025-05-17 20:35:09,-97.2908,35.2776, 465.3, 6355,-14.5,-22.9,-20.6, 49, 56, 1.30,253,26.5
2025-05-17 20:35:10,-97.2905,35.2777, 465.0, 6359,-14.6,-23.1,-20.8, 48, 56, 1.28,253,26.5
2025-05-17 20:35:11,-97.2902,35.2778, 464.8, 6362,-14.6,-23.3,-21.0, 47, 55, 1.26,253,26.5
2025-05-17 20:35:12,-97.2899,35.2779, 464.6, 6365,-14.6,-23.5,-21.2, 47, 54, 1.23,253,26.5
2025-05-17 20:35:13,-97.2897,35.2780, 464.4, 6369,-14.7,-23.7,-21.3, 46, 53, 1.22,253,26.6
2025-05-17 20:35:14,-97.2894,35.2780, 464.2, 6372,-14.7,-23.9,-21.5, 46, 53, 1.20,253,26.6
2025-05-17 20:35:15,-97.2891,35.2781, 463.9, 6377,-14.7,-24.2,-21.8, 44, 51, 1.16,253,26.6
2025-05-17 20:35:16,-97.2888,35.2781, 463.6, 6382,-14.7,-24.5,-22.1, 43, 50, 1.14,253,26.6
2025-05-17 20:35:17,-97.2885,35.2782, 463.3, 6386,-14.8,-24.6,-22.2, 43, 50, 1.13,253,26.6
2025-05-17 20:35:18,-97.2882,35.2783, 463.1, 6390,-14.8,-24.8,-22.3, 42, 49, 1.11,253,26.6
2025-05-17 20:35:19,-97.2880,35.2784, 462.9, 6393,-14.8,-24.9,-22.5, 42, 48, 1.09,253,26.6
2025-05-17 20:35:20,-97.2877,35.2785, 462.7, 6397,-14.8,-25.1,-22.6, 41, 48, 1.08,253,26.7
2025-05-17 20:35:21,-97.2874,35.2785, 462.4, 6402,-14.8,-25.2,-22.7, 41, 47, 1.07,253,26.7
2025-05-17 20:35:22,-97.2871,35.2786, 462.1, 6406,-14.9,-25.2,-22.7, 41, 47, 1.07,253,26.7
2025-05-17 20:35:23,-97.2869,35.2786, 461.9, 6409,-14.9,-25.2,-22.8, 41, 47, 1.07,253,26.7
2025-05-17 20:35:24,-97.2866,35.2787, 461.8, 6412,-14.9,-25.3,-22.9, 41, 47, 1.06,253,26.7
2025-05-17 20:35:25,-97.2863,35.2788, 461.6, 6415,-14.9,-25.6,-23.1, 40, 46, 1.03,253,26.7
2025-05-17 20:35:26,-97.2860,35.2789, 461.4, 6419,-14.9,-25.8,-23.3, 39, 45, 1.01,253,26.7
2025-05-17 20:35:27,-97.2858,35.2789, 461.1, 6422,-15.0,-26.0,-23.5, 38, 44, 0.99,253,26.7
2025-05-17 20:35:28,-97.2855,35.2790, 460.9, 6427,-15.0,-26.1,-23.5, 38, 44, 0.99,253,26.7
2025-05-17 20:35:29,-97.2852,35.2791, 460.6, 6431,-15.0,-26.1,-23.5, 38, 44, 0.99,254,26.7
2025-05-17 20:35:30,-97.2849,35.2791, 460.3, 6436,-15.0,-26.1,-23.5, 38, 44, 0.99,254,26.7
2025-05-17 20:35:31,-97.2846,35.2792, 460.0, 6441,-15.0,-26.1,-23.6, 38, 44, 0.99,254,26.7
2025-05-17 20:35:32,-97.2843,35.2793, 459.7, 6445,-15.0,-26.3,-23.7, 38, 44, 0.97,254,26.7
2025-05-17 20:35:33,-97.2840,35.2793, 459.4, 6450,-15.1,-26.5,-23.9, 37, 43, 0.96,254,26.7
2025-05-17 20:35:34,-97.2837,35.2794, 459.2, 6455,-15.1,-26.7,-24.1, 37, 42, 0.94,254,26.7
2025-05-17 20:35:35,-97.2835,35.2795, 458.9, 6459,-15.1,-26.7,-24.1, 36, 42, 0.94,254,26.6
2025-05-17 20:35:36,-97.2832,35.2796, 458.7, 6462,-15.2,-26.7,-24.1, 37, 42, 0.94,254,26.6
2025-05-17 20:35:37,-97.2829,35.2796, 458.5, 6466,-15.2,-26.6,-24.0, 37, 43, 0.95,254,26.6
2025-05-17 20:35:38,-97.2826,35.2797, 458.3, 6469,-15.2,-26.0,-23.5, 39, 46, 1.00,254,26.6
2025-05-17 20:35:39,-97.2823,35.2797, 458.0, 6473,-15.3,-25.2,-22.7, 42, 49, 1.08,254,26.6
2025-05-17 20:35:40,-97.2820,35.2798, 457.8, 6477,-15.3,-24.7,-22.2, 45, 52, 1.13,254,26.5
2025-05-17 20:35:41,-97.2817,35.2799, 457.5, 6481,-15.3,-24.6,-22.2, 45, 52, 1.14,254,26.5
2025-05-17 20:35:42,-97.2814,35.2799, 457.3, 6486,-15.4,-24.9,-22.4, 44, 51, 1.11,254,26.5
2025-05-17 20:35:43,-97.2812,35.2800, 457.0, 6490,-15.4,-25.3,-22.8, 42, 49, 1.07,253,26.5
2025-05-17 20:35:44,-97.2809,35.2801, 456.8, 6494,-15.4,-25.8,-23.2, 41, 48, 1.03,253,26.4
2025-05-17 20:35:45,-97.2807,35.2802, 456.6, 6498,-15.5,-26.0,-23.5, 40, 47, 1.01,253,26.4
2025-05-17 20:35:46,-97.2804,35.2802, 456.3, 6502,-15.5,-26.1,-23.5, 40, 46, 1.00,253,26.4
2025-05-17 20:35:47,-97.2801,35.2803, 456.1, 6506,-15.5,-25.9,-23.3, 41, 47, 1.02,253,26.4
2025-05-17 20:35:48,-97.2799,35.2803, 455.8, 6510,-15.6,-25.4,-22.9, 43, 50, 1.06,253,26.4
2025-05-17 20:35:49,-97.2796,35.2804, 455.6, 6514,-15.6,-24.7,-22.2, 46, 53, 1.14,253,26.4
2025-05-17 20:35:50,-97.2793,35.2805, 455.3, 6518,-15.6,-23.8,-21.5, 49, 57, 1.23,253,26.4
2025-05-17 20:35:51,-97.2790,35.2806, 455.1, 6522,-15.7,-23.4,-21.0, 52, 60, 1.28,253,26.3
2025-05-17 20:35:52,-97.2788,35.2806, 454.8, 6526,-15.7,-23.3,-21.0, 52, 61, 1.29,253,26.3
2025-05-17 20:35:53,-97.2785,35.2807, 454.6, 6531,-15.7,-23.4,-21.1, 52, 60, 1.28,253,26.3
2025-05-17 20:35:54,-97.2782,35.2807, 454.3, 6536,-15.7,-23.5,-21.1, 51, 60, 1.27,253,26.3
2025-05-17 20:35:55,-97.2779,35.2808, 454.0, 6540,-15.8,-23.4,-21.1, 52, 60, 1.28,252,26.3
2025-05-17 20:35:56,-97.2776,35.2808, 453.7, 6546,-15.8,-23.3,-21.0, 53, 62, 1.29,252,26.3
2025-05-17 20:35:57,-97.2774,35.2809, 453.3, 6551,-15.9,-23.1,-20.8, 54, 63, 1.31,252,26.3
2025-05-17 20:35:58,-97.2771,35.2810, 453.0, 6556,-16.0,-23.1,-20.8, 54, 63, 1.31,252,26.3
2025-05-17 20:35:59,-97.2768,35.2811, 452.7, 6561,-16.0,-23.3,-21.0, 54, 63, 1.30,252,26.3
2025-05-17 20:36:00,-97.2766,35.2812, 452.5, 6565,-16.1,-23.4,-21.0, 53, 62, 1.29,252,26.2
2025-05-17 20:36:01,-97.2763,35.2813, 452.3, 6569,-16.1,-23.4,-21.0, 54, 63, 1.29,252,26.2
2025-05-17 20:36:02,-97.2760,35.2814, 452.0, 6573,-16.1,-23.4,-21.0, 54, 63, 1.29,252,26.2
2025-05-17 20:36:03,-97.2757,35.2814, 451.8, 6577,-16.1,-23.4,-21.1, 53, 63, 1.28,252,26.2
2025-05-17 20:36:04,-97.2754,35.2815, 451.5, 6582,-16.1,-23.5,-21.2, 53, 62, 1.27,252,26.1
2025-05-17 20:36:05,-97.2752,35.2816, 451.3, 6586,-16.1,-23.6,-21.2, 53, 62, 1.26,252,26.1
2025-05-17 20:36:06,-97.2749,35.2817, 451.0, 6590,-16.1,-23.6,-21.3, 52, 61, 1.26,252,26.1
2025-05-17 20:36:07,-97.2746,35.2818, 450.8, 6594,-16.2,-23.7,-21.3, 52, 61, 1.26,252,26.0
2025-05-17 20:36:08,-97.2743,35.2818, 450.5, 6598,-16.2,-23.7,-21.3, 52, 61, 1.25,251,26.0
2025-05-17 20:36:09,-97.2740,35.2819, 450.3, 6602,-16.2,-23.8,-21.4, 52, 61, 1.25,251,25.9
2025-05-17 20:36:10,-97.2738,35.2820, 450.1, 6606,-16.3,-23.8,-21.5, 52, 61, 1.24,251,25.9
2025-05-17 20:36:11,-97.2735,35.2820, 449.9, 6609,-16.3,-23.9,-21.5, 52, 61, 1.23,251,25.8
2025-05-17 20:36:12,-97.2733,35.2821, 449.6, 6613,-16.3,-24.0,-21.6, 52, 61, 1.23,251,25.8
2025-05-17 20:36:13,-97.2730,35.2822, 449.4, 6616,-16.4,-24.1,-21.7, 51, 60, 1.22,251,25.7
2025-05-17 20:36:14,-97.2728,35.2823, 449.2, 6620,-16.4,-24.1,-21.8, 51, 60, 1.21,251,25.6
2025-05-17 20:36:15,-97.2725,35.2823, 449.0, 6624,-16.4,-24.2,-21.8, 51, 60, 1.21,251,25.6
2025-05-17 20:36:16,-97.2722,35.2824, 448.7, 6628,-16.5,-24.2,-21.8, 51, 60, 1.21,251,25.5
2025-05-17 20:36:17,-97.2719,35.2825, 448.4, 6633,-16.5,-24.2,-21.8, 51, 60, 1.20,251,25.5
2025-05-17 20:36:18,-97.2717,35.2826, 448.2, 6637,-16.5,-24.3,-21.9, 51, 60, 1.19,251,25.4
2025-05-17 20:36:19,-97.2714,35.2826, 447.9, 6642,-16.6,-24.5,-22.1, 50, 59, 1.17,251,25.3
2025-05-17 20:36:20,-97.2712,35.2827, 447.6, 6646,-16.6,-24.8,-22.3, 49, 58, 1.15,251,25.3
2025-05-17 20:36:21,-97.2709,35.2828, 447.4, 6650,-16.6,-25.0,-22.5, 48, 57, 1.13,251,25.2
2025-05-17 20:36:22,-97.2707,35.2828, 447.1, 6655,-16.6,-25.3,-22.8, 47, 56, 1.10,250,25.2
2025-05-17 20:36:23,-97.2704,35.2829, 446.8, 6660,-16.6,-25.5,-23.0, 46, 54, 1.07,250,25.1
2025-05-17 20:36:24,-97.2701,35.2830, 446.5, 6665,-16.6,-25.7,-23.2, 45, 53, 1.06,250,25.1
2025-05-17 20:36:25,-97.2699,35.2831, 446.3, 6670,-16.7,-25.8,-23.3, 45, 53, 1.05,250,25.1
2025-05-17 20:36:26,-97.2696,35.2832, 446.0, 6674,-16.7,-25.8,-23.3, 45, 53, 1.04,250,25.0
2025-05-17 20:36:27,-97.2694,35.2833, 445.7, 6679,-16.7,-25.8,-23.3, 45, 53, 1.05,250,25.0
2025-05-17 20:36:28,-97.2691,35.2833, 445.5, 6683,-16.8,-25.9,-23.4, 45, 53, 1.04,250,25.0
2025-05-17 20:36:29,-97.2689,35.2834, 445.2, 6687,-16.8,-26.1,-23.6, 44, 52, 1.02,250,24.9
2025-05-17 20:36:30,-97.2686,35.2835, 444.9, 6692,-16.8,-26.4,-23.8, 43, 51, 1.00,250,24.9
2025-05-17 20:36:31,-97.2683,35.2835, 444.7, 6696,-16.8,-26.6,-24.1, 42, 50, 0.97,250,24.9
2025-05-17 20:36:32,-97.2681,35.2836, 444.4, 6700,-16.8,-26.8,-24.2, 42, 49, 0.96,250,24.9
2025-05-17 20:36:33,-97.2679,35.2837, 444.2, 6705,-16.8,-27.0,-24.4, 41, 48, 0.94,250,24.9
2025-05-17 20:36:34,-97.2676,35.2838, 443.9, 6709,-16.9,-27.2,-24.6, 40, 48, 0.93,250,24.9
2025-05-17 20:36:35,-97.2674,35.2839, 443.7, 6712,-16.9,-27.4,-24.8, 40, 47, 0.91,250,24.9
2025-05-17 20:36:36,-97.2671,35.2839, 443.5, 6716,-16.9,-27.7,-25.0, 39, 45, 0.89,250,24.9
2025-05-17 20:36:37,-97.2668,35.2840, 443.3, 6720,-16.9,-28.0,-25.3, 38, 44, 0.86,250,24.9
2025-05-17 20:36:38,-97.2666,35.2841, 443.0, 6724,-16.9,-28.2,-25.5, 37, 43, 0.85,250,24.9
2025-05-17 20:36:39,-97.2663,35.2842, 442.7, 6729,-16.9,-28.6,-25.9, 36, 42, 0.81,250,24.9
2025-05-17 20:36:40,-97.2661,35.2843, 442.5, 6733,-16.9,-29.3,-26.5, 33, 39, 0.76,250,24.9
2025-05-17 20:36:41,-97.2658,35.2843, 442.2, 6737,-17.0,-30.3,-27.4, 31, 36, 0.70,250,24.9
2025-05-17 20:36:42,-97.2656,35.2844, 442.0, 6741,-17.0,-31.2,-28.3, 28, 33, 0.64,249,24.9
2025-05-17 20:36:43,-97.2653,35.2845, 441.8, 6745,-17.0,-32.3,-29.3, 25, 30, 0.58,249,24.9
2025-05-17 20:36:44,-97.2651,35.2846, 441.6, 6748,-17.0,-33.6,-30.5, 22, 26, 0.51,249,24.9
2025-05-17 20:36:45,-97.2648,35.2847, 441.4, 6752,-17.0,-35.0,-31.8, 20, 23, 0.45,249,24.9
2025-05-17 20:36:46,-97.2645,35.2847, 441.1, 6757,-17.0,-35.8,-32.6, 18, 21, 0.41,249,24.9
2025-05-17 20:36:47,-97.2643,35.2848, 440.8, 6762,-17.0,-35.9,-32.7, 18, 21, 0.40,249,24.9
2025-05-17 20:36:48,-97.2640,35.2849, 440.5, 6767,-17.1,-35.9,-32.6, 18, 21, 0.41,249,24.9
2025-05-17 20:36:49,-97.2638,35.2849, 440.3, 6771,-17.1,-36.0,-32.7, 18, 21, 0.40,249,24.9
2025-05-17 20:36:50,-97.2635,35.2850, 440.0, 6775,-17.1,-36.4,-33.1, 17, 20, 0.39,249,24.9
2025-05-17 20:36:51,-97.2632,35.2851, 439.8, 6779,-17.1,-36.8,-33.5, 16, 19, 0.37,249,24.9
2025-05-17 20:36:52,-97.2630,35.2852, 439.6, 6783,-17.1,-37.0,-33.7, 16, 19, 0.36,249,24.9
2025-05-17 20:36:53,-97.2627,35.2853, 439.3, 6787,-17.2,-36.8,-33.5, 17, 20, 0.37,249,24.9
2025-05-17 20:36:54,-97.2625,35.2853, 439.1, 6791,-17.2,-36.1,-32.8, 18, 21, 0.40,249,24.9
2025-05-17 20:36:55,-97.2622,35.2854, 438.8, 6796,-17.3,-35.3,-32.1, 19, 23, 0.43,249,24.9
2025-05-17 20:36:56,-97.2620,35.2855, 438.5, 6800,-17.3,-34.8,-31.6, 20, 24, 0.45,249,24.9
2025-05-17 20:36:57,-97.2617,35.2856, 438.3, 6804,-17.4,-34.5,-31.4, 21, 25, 0.47,249,25.0
2025-05-17 20:36:58,-97.2615,35.2857, 438.1, 6808,-17.4,-34.2,-31.1, 22, 26, 0.48,249,25.0
2025-05-17 20:36:59,-97.2612,35.2858, 437.8, 6813,-17.4,-34.2,-31.0, 22, 26, 0.49,249,25.0
2025-05-17 20:37:00,-97.2610,35.2859, 437.6, 6817,-17.4,-34.7,-31.6, 21, 25, 0.46,249,25.0
2025-05-17 20:37:01,-97.2607,35.2859, 437.3, 6821,-17.4,-36.0,-32.7, 18, 22, 0.41,249,25.0
2025-05-17 20:37:02,-97.2604,35.2860, 437.1, 6825,-17.4,-37.9,-34.6, 15, 18, 0.33,249,25.0
2025-05-17 20:37:03,-97.2602,35.2861, 436.8, 6829,-17.4,-39.7,-36.2, 13, 15, 0.28,249,25.0
2025-05-17 20:37:04,-97.2600,35.2862, 436.6, 6833,-17.5,-40.4,-36.9, 12, 14, 0.26,249,25.0
2025-05-17 20:37:05,-97.2597,35.2862, 436.4, 6837,-17.5,-40.4,-36.9, 12, 14, 0.26,248,25.0
2025-05-17 20:37:06,-97.2595,35.2863, 436.2, 6840,-17.5,-40.3,-36.8, 12, 14, 0.26,248,25.0
2025-05-17 20:37:07,-97.2592,35.2864, 436.0, 6844,-17.6,-40.5,-37.0, 12, 14, 0.26,248,25.0
2025-05-17 20:37:08,-97.2589,35.2865, 435.8, 6848,-17.6,-41.1,-37.5, 11, 13, 0.24,248,25.0
2025-05-17 20:37:09,-97.2586,35.2866, 435.6, 6852,-17.6,-41.6,-38.0, 10, 12, 0.23,248,25.0
2025-05-17 20:37:10,-97.2584,35.2867, 435.3, 6856,-17.7,-41.9,-38.3, 10, 12, 0.22,248,25.0
2025-05-17 20:37:11,-97.2581,35.2867, 435.1, 6860,-17.7,-41.6,-38.0, 10, 12, 0.23,248,25.0
2025-05-17 20:37:12,-97.2579,35.2868, 434.8, 6864,-17.7,-40.7,-37.2, 12, 14, 0.25,248,25.0
2025-05-17 20:37:13,-97.2576,35.2869, 434.6, 6868,-17.7,-39.6,-36.1, 13, 15, 0.28,248,25.0
2025-05-17 20:37:14,-97.2574,35.2870, 434.3, 6872,-17.8,-38.9,-35.4, 14, 17, 0.31,248,25.0
2025-05-17 20:37:15,-97.2572,35.2871, 434.1, 6876,-17.8,-38.5,-35.1, 15, 17, 0.32,248,25.0
2025-05-17 20:37:16,-97.2569,35.2872, 433.9, 6880,-17.9,-38.3,-34.9, 15, 18, 0.33,248,25.0
2025-05-17 20:37:17,-97.2567,35.2873, 433.6, 6885,-17.9,-38.0,-34.6, 16, 18, 0.33,247,25.0
2025-05-17 20:37:18,-97.2564,35.2874, 433.4, 6889,-17.9,-37.7,-34.3, 16, 19, 0.35,247,25.0
2025-05-17 20:37:19,-97.2561,35.2874, 433.1, 6894,-18.0,-37.1,-33.8, 17, 20, 0.37,247,25.0
2025-05-17 20:37:20,-97.2559,35.2875, 432.8, 6898,-18.0,-36.2,-33.0, 19, 22, 0.40,247,25.0
2025-05-17 20:37:21,-97.2556,35.2876, 432.6, 6903,-18.1,-35.3,-32.1, 21, 25, 0.44,247,25.0
2025-05-17 20:37:22,-97.2554,35.2877, 432.3, 6908,-18.1,-34.6,-31.5, 22, 26, 0.47,247,25.0
2025-05-17 20:37:23,-97.2551,35.2878, 432.0, 6913,-18.1,-34.4,-31.2, 23, 27, 0.48,247,25.0
2025-05-17 20:37:24,-97.2549,35.2879, 431.7, 6918,-18.2,-34.4,-31.2, 23, 27, 0.48,247,25.1
2025-05-17 20:37:25,-97.2546,35.2880, 431.4, 6922,-18.2,-34.3,-31.2, 23, 27, 0.49,247,25.1
2025-05-17 20:37:26,-97.2544,35.2881, 431.2, 6927,-18.2,-34.2,-31.0, 23, 28, 0.49,247,25.1
2025-05-17 20:37:27,-97.2541,35.2882, 430.9, 6931,-18.3,-34.1,-30.9, 24, 28, 0.50,247,25.1
2025-05-17 20:37:28,-97.2539,35.2883, 430.7, 6935,-18.3,-34.0,-30.9, 24, 29, 0.50,247,25.2
2025-05-17 20:37:29,-97.2536,35.2883, 430.4, 6940,-18.4,-33.9,-30.8, 24, 29, 0.51,247,25.2
2025-05-17 20:37:30,-97.2534,35.2884, 430.2, 6944,-18.4,-33.8,-30.7, 25, 30, 0.51,247,25.2
2025-05-17 20:37:31,-97.2532,35.2885, 429.9, 6948,-18.4,-33.6,-30.5, 25, 30, 0.52,247,25.3
2025-05-17 20:37:32,-97.2529,35.2886, 429.7, 6953,-18.5,-33.5,-30.4, 25, 30, 0.53,247,25.3
2025-05-17 20:37:33,-97.2526,35.2887, 429.4, 6957,-18.5,-33.4,-30.3, 26, 31, 0.53,247,25.4
2025-05-17 20:37:34,-97.2524,35.2888, 429.2, 6962,-18.5,-33.3,-30.2, 26, 31, 0.54,247,25.4
2025-05-17 20:37:35,-97.2521,35.2889, 428.9, 6966,-18.6,-33.2,-30.1, 27, 32, 0.55,247,25.5
2025-05-17 20:37:36,-97.2518,35.2889, 428.6, 6971,-18.6,-33.0,-29.9, 27, 33, 0.56,246,25.5
2025-05-17 20:37:37,-97.2516,35.2890, 428.4, 6976,-18.7,-32.8,-29.7, 28, 33, 0.57,246,25.6
2025-05-17 20:37:38,-97.2514,35.2891, 428.1, 6980,-18.7,-32.7,-29.7, 28, 34, 0.57,246,25.6
2025-05-17 20:37:39,-97.2511,35.2892, 427.8, 6985,-18.7,-32.7,-29.7, 28, 34, 0.57,246,25.7
2025-05-17 20:37:40,-97.2508,35.2894, 427.6, 6989,-18.8,-32.8,-29.7, 28, 34, 0.57,246,25.7
2025-05-17 20:37:41,-97.2505,35.2895, 427.4, 6993,-18.8,-32.8,-29.8, 28, 34, 0.57,246,25.8
2025-05-17 20:37:42,-97.2502,35.2895, 427.2, 6997,-18.8,-32.9,-29.9, 28, 33, 0.56,246,25.8
2025-05-17 20:37:43,-97.2500,35.2896, 426.9, 7001,-18.9,-33.0,-29.9, 28, 33, 0.56,246,25.9
2025-05-17 20:37:44,-97.2497,35.2897, 426.7, 7004,-18.9,-33.0,-30.0, 28, 33, 0.56,246,25.9
2025-05-17 20:37:45,-97.2495,35.2898, 426.5, 7008,-18.9,-33.0,-30.0, 28, 33, 0.56,246,26.0
2025-05-17 20:37:46,-97.2492,35.2899, 426.3, 7011,-19.0,-33.0,-30.0, 28, 33, 0.56,246,26.0
2025-05-17 20:37:47,-97.2490,35.2900, 426.1, 7016,-19.0,-33.0,-30.0, 28, 34, 0.56,246,26.1
2025-05-17 20:37:48,-97.2487,35.2901, 425.8, 7020,-19.0,-33.0,-30.0, 28, 34, 0.56,246,26.1
2025-05-17 20:37:49,-97.2484,35.2902, 425.6, 7025,-19.1,-33.1,-30.1, 28, 33, 0.55,245,26.1
2025-05-17 20:37:50,-97.2482,35.2903, 425.3, 7029,-19.1,-33.2,-30.1, 28, 33, 0.55,245,26.2
2025-05-17 20:37:51,-97.2479,35.2904, 425.0, 7034,-19.1,-33.2,-30.1, 28, 34, 0.55,245,26.2
2025-05-17 20:37:52,-97.2477,35.2905, 424.8, 7038,-19.2,-33.0,-30.0, 28, 34, 0.56,245,26.2
2025-05-17 20:37:53,-97.2474,35.2906, 424.6, 7042,-19.2,-32.9,-29.8, 29, 35, 0.57,245,26.3
2025-05-17 20:37:54,-97.2471,35.2907, 424.4, 7045,-19.2,-32.7,-29.6, 30, 36, 0.58,245,26.3
2025-05-17 20:37:55,-97.2468,35.2908, 424.2, 7048,-19.3,-32.5,-29.5, 30, 36, 0.59,245,26.3
2025-05-17 20:37:56,-97.2466,35.2909, 424.0, 7052,-19.3,-32.4,-29.3, 31, 37, 0.60,245,26.4
2025-05-17 20:37:57,-97.2463,35.2910, 423.8, 7056,-19.3,-32.2,-29.2, 31, 37, 0.61,244,26.4
2025-05-17 20:37:58,-97.2461,35.2911, 423.5, 7061,-19.4,-32.0,-29.0, 32, 38, 0.62,244,26.4
2025-05-17 20:37:59,-97.2458,35.2912, 423.2, 7066,-19.4,-31.6,-28.6, 33, 40, 0.64,244,26.5
2025-05-17 20:38:00,-97.2455,35.2914, 422.9, 7071,-19.4,-31.1,-28.2, 35, 42, 0.68,244,26.5
2025-05-17 20:38:01,-97.2453,35.2915, 422.7, 7075,-19.5,-30.6,-27.7, 37, 44, 0.71,244,26.5
2025-05-17 20:38:02,-97.2450,35.2915, 422.4, 7080,-19.5,-30.3,-27.4, 38, 46, 0.73,244,26.5
2025-05-17 20:38:03,-97.2448,35.2916, 422.1, 7085,-19.6,-30.2,-27.3, 38, 47, 0.74,244,26.5
2025-05-17 20:38:04,-97.2445,35.2917, 421.8, 7090,-19.6,-30.0,-27.2, 39, 47, 0.75,244,26.6
2025-05-17 20:38:05,-97.2443,35.2918, 421.5, 7095,-19.7,-30.0,-27.2, 39, 48, 0.75,244,26.6
2025-05-17 20:38:06,-97.2441,35.2919, 421.2, 7100,-19.7,-30.1,-27.2, 39, 48, 0.75,244,26.6
2025-05-17 20:38:07,-97.2438,35.2921, 421.0, 7105,-19.8,-30.2,-27.3, 39, 48, 0.74,244,26.6
2025-05-17 20:38:08,-97.2435,35.2922, 420.7, 7109,-19.8,-30.2,-27.4, 39, 47, 0.74,244,26.6
2025-05-17 20:38:09,-97.2432,35.2923, 420.5, 7113,-19.9,-30.3,-27.4, 39, 47, 0.73,244,26.6
2025-05-17 20:38:10,-97.2430,35.2924, 420.3, 7116,-19.9,-30.4,-27.6, 39, 47, 0.72,244,26.6
2025-05-17 20:38:11,-97.2427,35.2925, 420.1, 7120,-19.9,-30.7,-27.8, 38, 46, 0.71,244,26.6
2025-05-17 20:38:12,-97.2424,35.2926, 419.9, 7124,-19.9,-31.2,-28.2, 36, 44, 0.68,244,26.6
2025-05-17 20:38:13,-97.2422,35.2927, 419.7, 7128,-19.9,-31.8,-28.9, 34, 41, 0.64,244,26.6
2025-05-17 20:38:14,-97.2419,35.2928, 419.4, 7132,-20.0,-32.4,-29.4, 32, 39, 0.60,244,26.6
2025-05-17 20:38:15,-97.2416,35.2930, 419.2, 7137,-20.0,-32.7,-29.7, 31, 38, 0.58,244,26.6
2025-05-17 20:38:16,-97.2413,35.2931, 419.0, 7141,-20.0,-32.7,-29.6, 32, 38, 0.59,244,26.6
2025-05-17 20:38:17,-97.2411,35.2932, 418.7, 7145,-20.1,-32.4,-29.4, 32, 39, 0.60,244,26.6
2025-05-17 20:38:18,-97.2408,35.2933, 418.5, 7148,-20.1,-32.3,-29.3, 33, 40, 0.61,244,26.6
2025-05-17 20:38:19,-97.2405,35.2933, 418.3, 7152,-20.1,-32.3,-29.3, 33, 40, 0.61,244,26.6
2025-05-17 20:38:20,-97.2403,35.2934, 418.1, 7156,-20.2,-32.3,-29.3, 33, 40, 0.61,244,26.5
2025-05-17 20:38:21,-97.2400,35.2936, 417.9, 7159,-20.2,-32.3,-29.3, 33, 41, 0.61,244,26.5
2025-05-17 20:38:22,-97.2398,35.2937, 417.7, 7163,-20.2,-32.2,-29.2, 34, 41, 0.62,244,26.5
2025-05-17 20:38:23,-97.2395,35.2938, 417.5, 7166,-20.3,-32.1,-29.1, 34, 41, 0.62,244,26.5
2025-05-17 20:38:24,-97.2392,35.2939, 417.3, 7170,-20.3,-32.1,-29.1, 34, 42, 0.62,244,26.4
2025-05-17 20:38:25,-97.2390,35.2939, 417.2, 7173,-20.3,-32.1,-29.1, 34, 42, 0.62,244,26.4
2025-05-17 20:38:26,-97.2387,35.2940, 417.0, 7176,-20.4,-32.1,-29.1, 34, 42, 0.62,244,26.4
2025-05-17 20:38:27,-97.2385,35.2941, 416.7, 7180,-20.4,-32.1,-29.1, 35, 42, 0.62,244,26.4
2025-05-17 20:38:28,-97.2382,35.2943, 416.5, 7185,-20.5,-32.2,-29.2, 34, 42, 0.62,244,26.3
2025-05-17 20:38:29,-97.2379,35.2944, 416.2, 7189,-20.5,-32.2,-29.2, 34, 42, 0.62,244,26.3
2025-05-17 20:38:30,-97.2377,35.2945, 416.0, 7194,-20.5,-32.4,-29.3, 34, 41, 0.61,244,26.3
2025-05-17 20:38:31,-97.2374,35.2946, 415.7, 7198,-20.6,-32.5,-29.4, 34, 41, 0.60,244,26.3
2025-05-17 20:38:32,-97.2372,35.2947, 415.5, 7202,-20.6,-32.5,-29.5, 34, 41, 0.60,244,26.3
2025-05-17 20:38:33,-97.2370,35.2948, 415.3, 7206,-20.6,-32.6,-29.6, 34, 41, 0.60,244,26.3
2025-05-17 20:38:34,-97.2367,35.2949, 415.1, 7210,-20.7,-32.6,-29.6, 34, 41, 0.60,244,26.3
2025-05-17 20:38:35,-97.2364,35.2950, 414.8, 7214,-20.7,-32.6,-29.5, 34, 41, 0.60,244,26.3
2025-05-17 20:38:36,-97.2362,35.2951, 414.6, 7219,-20.7,-32.6,-29.5, 34, 41, 0.60,244,26.3
2025-05-17 20:38:37,-97.2359,35.2952, 414.3, 7223,-20.8,-32.6,-29.6, 34, 41, 0.60,244,26.3
2025-05-17 20:38:38,-97.2357,35.2953, 414.1, 7227,-20.8,-32.7,-29.7, 34, 41, 0.59,244,26.3
2025-05-17 20:38:39,-97.2354,35.2954, 413.9, 7231,-20.9,-32.9,-29.9, 33, 41, 0.58,244,26.3
2025-05-17 20:38:40,-97.2351,35.2955, 413.7, 7234,-20.9,-33.1,-30.0, 33, 40, 0.57,244,26.3
2025-05-17 20:38:41,-97.2349,35.2956, 413.5, 7238,-21.0,-33.1,-30.1, 33, 40, 0.57,244,26.3
2025-05-17 20:38:42,-97.2346,35.2957, 413.3, 7242,-21.0,-33.1,-30.0, 33, 40, 0.57,244,26.3
2025-05-17 20:38:43,-97.2343,35.2959, 413.1, 7245,-21.0,-33.1,-30.0, 33, 41, 0.57,244,26.3
2025-05-17 20:38:44,-97.2341,35.2960, 412.9, 7249,-21.1,-33.3,-30.2, 33, 40, 0.56,244,26.3
2025-05-17 20:38:45,-97.2339,35.2961, 412.7, 7252,-21.1,-33.4,-30.3, 32, 40, 0.55,244,26.3
2025-05-17 20:38:46,-97.2336,35.2962, 412.5, 7256,-21.1,-33.5,-30.4, 32, 40, 0.55,244,26.4
2025-05-17 20:38:47,-97.2333,35.2963, 412.3, 7259,-21.2,-33.5,-30.4, 32, 40, 0.55,244,26.4
2025-05-17 20:38:48,-97.2331,35.2963, 412.1, 7263,-21.2,-33.5,-30.4, 32, 40, 0.55,244,26.4
2025-05-17 20:38:49,-97.2328,35.2964, 411.9, 7267,-21.3,-33.5,-30.4, 32, 40, 0.55,244,26.4
2025-05-17 20:38:50,-97.2325,35.2965, 411.6, 7271,-21.3,-33.5,-30.4, 33, 40, 0.55,244,26.4
2025-05-17 20:38:51,-97.2323,35.2966, 411.4, 7275,-21.3,-33.4,-30.3, 33, 40, 0.56,244,26.4
2025-05-17 20:38:52,-97.2320,35.2967, 411.2, 7279,-21.3,-33.3,-30.2, 33, 41, 0.56,244,26.5
2025-05-17 20:38:53,-97.2317,35.2968, 411.0, 7283,-21.4,-33.2,-30.2, 34, 41, 0.57,244,26.5
2025-05-17 20:38:54,-97.2315,35.2969, 410.8, 7287,-21.4,-33.2,-30.1, 34, 42, 0.57,244,26.5
2025-05-17 20:38:55,-97.2312,35.2970, 410.6, 7290,-21.4,-33.3,-30.2, 34, 41, 0.56,244,26.5
2025-05-17 20:38:56,-97.2309,35.2972, 410.4, 7294,-21.5,-33.5,-30.4, 33, 41, 0.55,244,26.6
2025-05-17 20:38:57,-97.2307,35.2973, 410.1, 7298,-21.5,-33.7,-30.6, 33, 40, 0.54,245,26.6
2025-05-17 20:38:58,-97.2304,35.2974, 409.9, 7302,-21.5,-33.6,-30.5, 33, 40, 0.55,245,26.6
2025-05-17 20:38:59,-97.2302,35.2975, 409.7, 7306,-21.6,-33.5,-30.4, 33, 41, 0.55,245,26.7
2025-05-17 20:39:00,-97.2299,35.2976, 409.5, 7310,-21.6,-33.5,-30.4, 33, 41, 0.55,245,26.7
2025-05-17 20:39:01,-97.2296,35.2977, 409.3, 7313,-21.7,-33.5,-30.5, 33, 41, 0.55,245,26.7
2025-05-17 20:39:02,-97.2294,35.2978, 409.1, 7317,-21.7,-33.6,-30.5, 33, 41, 0.55,245,26.8
2025-05-17 20:39:03,-97.2291,35.2979, 408.8, 7321,-21.7,-33.7,-30.6, 33, 41, 0.54,245,26.8
2025-05-17 20:39:04,-97.2288,35.2980, 408.6, 7325,-21.8,-33.8,-30.7, 33, 41, 0.54,245,26.9
2025-05-17 20:39:05,-97.2285,35.2981, 408.4, 7329,-21.8,-33.8,-30.7, 33, 41, 0.54,245,26.9
2025-05-17 20:39:06,-97.2283,35.2982, 408.2, 7333,-21.9,-33.9,-30.8, 33, 41, 0.54,245,27.0
2025-05-17 20:39:07,-97.2281,35.2983, 408.0, 7337,-21.9,-33.9,-30.8, 33, 41, 0.53,245,27.0
2025-05-17 20:39:08,-97.2278,35.2984, 407.7, 7342,-21.9,-34.0,-30.9, 33, 41, 0.53,245,27.1
2025-05-17 20:39:09,-97.2275,35.2985, 407.5, 7346,-22.0,-34.0,-30.9, 33, 41, 0.53,245,27.2
2025-05-17 20:39:10,-97.2272,35.2986, 407.2, 7350,-22.0,-34.0,-30.9, 33, 41, 0.53,245,27.2
2025-05-17 20:39:11,-97.2270,35.2987, 407.0, 7355,-22.0,-34.0,-30.9, 33, 41, 0.53,245,27.3
2025-05-17 20:39:12,-97.2267,35.2988, 406.8, 7359,-22.1,-34.0,-30.9, 33, 41, 0.53,245,27.4
2025-05-17 20:39:13,-97.2264,35.2989, 406.6, 7362,-22.1,-34.0,-30.9, 33, 41, 0.53,245,27.5
2025-05-17 20:39:14,-97.2262,35.2990, 406.3, 7366,-22.1,-34.0,-30.9, 33, 41, 0.53,245,27.5
2025-05-17 20:39:15,-97.2259,35.2991, 406.1, 7371,-22.2,-34.0,-30.9, 33, 42, 0.53,245,27.6
2025-05-17 20:39:16,-97.2256,35.2992, 405.8, 7375,-22.2,-33.9,-30.7, 34, 42, 0.54,245,27.7
2025-05-17 20:39:17,-97.2253,35.2993, 405.6, 7380,-22.2,-33.7,-30.6, 35, 43, 0.55,245,27.7
2025-05-17 20:39:18,-97.2250,35.2994, 405.3, 7385,-22.2,-33.4,-30.3, 36, 44, 0.57,244,27.8
2025-05-17 20:39:19,-97.2247,35.2995, 405.1, 7389,-22.2,-33.2,-30.1, 36, 45, 0.58,244,27.9
2025-05-17 20:39:20,-97.2244,35.2996, 404.9, 7393,-22.2,-33.0,-30.0, 37, 46, 0.59,244,27.9
2025-05-17 20:39:21,-97.2241,35.2998, 404.7, 7397,-22.3,-32.9,-29.9, 37, 47, 0.59,244,28.0
2025-05-17 20:39:22,-97.2238,35.2999, 404.5, 7401,-22.3,-32.8,-29.8, 38, 47, 0.60,244,28.0
2025-05-17 20:39:23,-97.2236,35.3000, 404.2, 7405,-22.4,-32.7,-29.7, 38, 48, 0.60,244,28.1
2025-05-17 20:39:24,-97.2233,35.3001, 404.0, 7410,-22.4,-32.7,-29.7, 39, 48, 0.60,244,28.1
2025-05-17 20:39:25,-97.2231,35.3002, 403.7, 7415,-22.4,-32.7,-29.7, 39, 48, 0.61,244,28.1
2025-05-17 20:39:26,-97.2227,35.3003, 403.4, 7420,-22.5,-32.7,-29.7, 39, 49, 0.61,244,28.2
2025-05-17 20:39:27,-97.2224,35.3004, 403.1, 7425,-22.5,-32.7,-29.7, 39, 49, 0.61,244,28.2
2025-05-17 20:39:28,-97.2221,35.3006, 402.9, 7430,-22.6,-32.7,-29.7, 39, 49, 0.61,244,28.2
2025-05-17 20:39:29,-97.2219,35.3007, 402.6, 7434,-22.6,-32.7,-29.7, 39, 49, 0.61,244,28.3
2025-05-17 20:39:30,-97.2217,35.3008, 402.4, 7438,-22.7,-32.7,-29.7, 40, 49, 0.61,244,28.3
2025-05-17 20:39:31,-97.2214,35.3009, 402.2, 7442,-22.7,-32.7,-29.7, 40, 50, 0.61,244,28.3
2025-05-17 20:39:32,-97.2211,35.3010, 402.0, 7446,-22.7,-32.7,-29.7, 40, 50, 0.61,244,28.3
2025-05-17 20:39:33,-97.2208,35.3011, 401.8, 7449,-22.8,-32.7,-29.7, 40, 50, 0.61,244,28.3
2025-05-17 20:39:34,-97.2206,35.3012, 401.6, 7453,-22.8,-32.8,-29.7, 40, 50, 0.61,244,28.3
2025-05-17 20:39:35,-97.2203,35.3014, 401.4, 7457,-22.8,-32.8,-29.8, 40, 50, 0.60,244,28.3
2025-05-17 20:39:36,-97.2200,35.3015, 401.2, 7461,-22.9,-32.9,-29.9, 40, 49, 0.60,244,28.3
2025-05-17 20:39:37,-97.2198,35.3016, 400.9, 7465,-22.9,-32.9,-29.9, 40, 49, 0.60,244,28.3
2025-05-17 20:39:38,-97.2195,35.3017, 400.7, 7470,-23.0,-32.9,-29.9, 40, 50, 0.60,244,28.4
2025-05-17 20:39:39,-97.2192,35.3018, 400.4, 7474,-23.0,-32.9,-29.9, 40, 50, 0.60,244,28.4
2025-05-17 20:39:40,-97.2189,35.3019, 400.2, 7478,-23.0,-32.9,-29.9, 40, 50, 0.60,244,28.4
2025-05-17 20:39:41,-97.2186,35.3021, 400.0, 7482,-23.1,-33.0,-29.9, 40, 50, 0.60,244,28.4
2025-05-17 20:39:42,-97.2183,35.3022, 399.8, 7486,-23.1,-33.0,-29.9, 40, 50, 0.60,244,28.4
2025-05-17 20:39:43,-97.2180,35.3023, 399.5, 7491,-23.2,-33.0,-29.9, 40, 50, 0.60,244,28.4
2025-05-17 20:39:44,-97.2178,35.3024, 399.2, 7496,-23.2,-33.0,-29.9, 40, 51, 0.60,244,28.4
2025-05-17 20:39:45,-97.2175,35.3025, 398.9, 7502,-23.3,-33.0,-29.9, 41, 51, 0.60,244,28.4
2025-05-17 20:39:46,-97.2172,35.3026, 398.5, 7508,-23.3,-33.0,-29.9, 41, 51, 0.60,244,28.4
2025-05-17 20:39:47,-97.2169,35.3027, 398.2, 7515,-23.4,-33.0,-30.0, 41, 51, 0.60,244,28.5
2025-05-17 20:39:48,-97.2166,35.3028, 397.9, 7521,-23.4,-33.1,-30.0, 41, 51, 0.59,244,28.5
2025-05-17 20:39:49,-97.2164,35.3029, 397.6, 7526,-23.5,-33.1,-30.1, 41, 51, 0.59,244,28.5
2025-05-17 20:39:50,-97.2161,35.3030, 397.4, 7530,-23.5,-33.1,-30.1, 41, 52, 0.59,244,28.5
2025-05-17 20:39:51,-97.2159,35.3032, 397.1, 7534,-23.6,-33.1,-30.1, 41, 52, 0.59,244,28.6
2025-05-17 20:39:52,-97.2156,35.3033, 396.9, 7538,-23.6,-33.2,-30.1, 41, 52, 0.59,244,28.6
2025-05-17 20:39:53,-97.2153,35.3034, 396.7, 7542,-23.6,-33.3,-30.2, 41, 51, 0.58,244,28.6
2025-05-17 20:39:54,-97.2150,35.3036, 396.5, 7546,-23.6,-33.5,-30.4, 40, 50, 0.57,244,28.7
2025-05-17 20:39:55,-97.2147,35.3036, 396.3, 7550,-23.7,-33.8,-30.7, 39, 49, 0.56,244,28.7
2025-05-17 20:39:56,-97.2144,35.3037, 396.0, 7554,-23.7,-34.0,-30.9, 38, 48, 0.55,244,28.7
2025-05-17 20:39:57,-97.2141,35.3038, 395.8, 7559,-23.7,-34.0,-30.9, 38, 48, 0.54,244,28.7
2025-05-17 20:39:58,-97.2138,35.3040, 395.6, 7563,-23.7,-34.0,-30.9, 38, 48, 0.54,245,28.8
2025-05-17 20:39:59,-97.2135,35.3041, 395.3, 7567,-23.8,-34.0,-30.9, 38, 48, 0.55,245,28.8
2025-05-17 20:40:00,-97.2132,35.3042, 395.1, 7572,-23.8,-34.0,-30.9, 39, 49, 0.55,245,28.8
2025-05-17 20:40:01,-97.2129,35.3043, 394.9, 7576,-23.8,-34.0,-30.9, 39, 49, 0.55,245,28.9
2025-05-17 20:40:02,-97.2127,35.3044, 394.6, 7581,-23.9,-34.0,-30.9, 39, 49, 0.55,245,28.9
2025-05-17 20:40:03,-97.2124,35.3045, 394.4, 7585,-24.0,-34.1,-31.0, 39, 49, 0.54,245,28.9
2025-05-17 20:40:04,-97.2121,35.3046, 394.1, 7591,-24.0,-34.2,-31.0, 39, 49, 0.54,245,29.0
2025-05-17 20:40:05,-97.2118,35.3047, 393.8, 7596,-24.1,-34.3,-31.1, 39, 49, 0.53,245,29.0
2025-05-17 20:40:06,-97.2115,35.3048, 393.6, 7601,-24.1,-34.4,-31.3, 38, 48, 0.53,245,29.1
2025-05-17 20:40:07,-97.2112,35.3049, 393.3, 7605,-24.1,-34.6,-31.5, 37, 47, 0.52,245,29.1
2025-05-17 20:40:08,-97.2109,35.3051, 393.1, 7608,-24.2,-34.8,-31.6, 37, 47, 0.51,245,29.1
2025-05-17 20:40:09,-97.2107,35.3052, 393.0, 7612,-24.2,-35.0,-31.8, 36, 46, 0.50,245,29.2
2025-05-17 20:40:10,-97.2104,35.3053, 392.8, 7615,-24.2,-35.3,-32.1, 35, 45, 0.48,245,29.2
2025-05-17 20:40:11,-97.2101,35.3054, 392.6, 7618,-24.2,-35.8,-32.6, 34, 42, 0.46,245,29.3
2025-05-17 20:40:12,-97.2098,35.3055, 392.5, 7621,-24.3,-36.3,-33.0, 32, 41, 0.44,245,29.3
2025-05-17 20:40:13,-97.2095,35.3056, 392.3, 7624,-24.3,-36.5,-33.2, 31, 40, 0.43,245,29.4
2025-05-17 20:40:14,-97.2092,35.3057, 392.1, 7628,-24.3,-36.6,-33.3, 31, 40, 0.43,244,29.4
2025-05-17 20:40:15,-97.2089,35.3058, 391.9, 7632,-24.4,-36.5,-33.2, 32, 40, 0.43,244,29.5
2025-05-17 20:40:16,-97.2086,35.3059, 391.7, 7636,-24.4,-36.3,-33.0, 33, 41, 0.44,244,29.5
2025-05-17 20:40:17,-97.2083,35.3061, 391.5, 7639,-24.4,-35.9,-32.6, 34, 43, 0.46,244,29.6
2025-05-17 20:40:18,-97.2080,35.3062, 391.3, 7643,-24.5,-35.4,-32.2, 35, 45, 0.48,244,29.6
2025-05-17 20:40:19,-97.2077,35.3063, 391.1, 7646,-24.5,-35.1,-31.9, 37, 47, 0.49,244,29.7
2025-05-17 20:40:20,-97.2074,35.3064, 390.9, 7650,-24.5,-35.1,-31.9, 37, 47, 0.50,244,29.7
2025-05-17 20:40:21,-97.2071,35.3066, 390.7, 7654,-24.5,-35.1,-31.9, 37, 47, 0.50,244,29.8
2025-05-17 20:40:22,-97.2068,35.3067, 390.5, 7657,-24.5,-35.0,-31.8, 37, 47, 0.50,244,29.8
2025-05-17 20:40:23,-97.2065,35.3068, 390.3, 7661,-24.5,-34.8,-31.6, 38, 49, 0.51,244,29.9
2025-05-17 20:40:24,-97.2062,35.3069, 390.1, 7664,-24.6,-34.6,-31.4, 39, 50, 0.52,244,29.9
2025-05-17 20:40:25,-97.2059,35.3070, 390.0, 7667,-24.6,-34.5,-31.3, 39, 50, 0.53,244,30.0
2025-05-17 20:40:26,-97.2056,35.3071, 389.8, 7670,-24.6,-34.5,-31.3, 40, 50, 0.53,244,30.0
2025-05-17 20:40:27,-97.2054,35.3073, 389.6, 7674,-24.7,-34.5,-31.4, 40, 50, 0.53,244,30.1
2025-05-17 20:40:28,-97.2051,35.3074, 389.4, 7678,-24.7,-34.5,-31.4, 40, 51, 0.53,244,30.1
2025-05-17 20:40:29,-97.2048,35.3075, 389.2, 7682,-24.7,-34.4,-31.3, 40, 51, 0.53,244,30.2
2025-05-17 20:40:30,-97.2044,35.3077, 389.0, 7685,-24.8,-34.3,-31.1, 41, 52, 0.54,244,30.2
2025-05-17 20:40:31,-97.2041,35.3078, 388.9, 7688,-24.8,-34.2,-31.0, 42, 53, 0.55,244,30.3
2025-05-17 20:40:32,-97.2038,35.3079, 388.7, 7691,-24.8,-34.0,-30.8, 42, 54, 0.56,244,30.3
2025-05-17 20:40:33,-97.2035,35.3080, 388.5, 7695,-24.9,-33.7,-30.6, 44, 56, 0.57,244,30.4
2025-05-17 20:40:34,-97.2032,35.3081, 388.3, 7699,-24.9,-33.4,-30.3, 45, 57, 0.59,244,30.4
2025-05-17 20:40:35,-97.2030,35.3082, 388.1, 7702,-24.9,-33.1,-30.1, 46, 59, 0.60,244,30.4
2025-05-17 20:40:36,-97.2027,35.3084, 387.9, 7706,-24.9,-33.0,-30.0, 47, 60, 0.61,244,30.5
2025-05-17 20:40:37,-97.2024,35.3085, 387.7, 7710,-25.0,-33.0,-29.9, 47, 60, 0.61,244,30.5
2025-05-17 20:40:38,-97.2020,35.3086, 387.5, 7714,-25.0,-33.1,-30.0, 47, 60, 0.61,244,30.5
2025-05-17 20:40:39,-97.2017,35.3087, 387.3, 7718,-25.1,-33.2,-30.1, 47, 60, 0.60,244,30.6
2025-05-17 20:40:40,-97.2014,35.3089, 387.0, 7722,-25.1,-33.3,-30.3, 46, 59, 0.60,244,30.6
2025-05-17 20:40:41,-97.2011,35.3090, 386.8, 7727,-25.1,-33.4,-30.3, 46, 59, 0.59,244,30.6
2025-05-17 20:40:42,-97.2008,35.3091, 386.6, 7731,-25.2,-33.5,-30.4, 46, 59, 0.59,244,30.7
2025-05-17 20:40:43,-97.2006,35.3092, 386.3, 7735,-25.2,-33.5,-30.4, 46, 59, 0.59,244,30.7
2025-05-17 20:40:44,-97.2002,35.3093, 386.1, 7740,-25.2,-33.6,-30.5, 46, 59, 0.58,244,30.7
2025-05-17 20:40:45,-97.1999,35.3095, 385.9, 7744,-25.3,-33.6,-30.5, 46, 58, 0.58,244,30.7
2025-05-17 20:40:46,-97.1996,35.3096, 385.6, 7748,-25.3,-33.8,-30.7, 45, 58, 0.57,244,30.8
2025-05-17 20:40:47,-97.1993,35.3097, 385.4, 7752,-25.3,-33.9,-30.8, 45, 57, 0.56,244,30.8
2025-05-17 20:40:48,-97.1990,35.3098, 385.3, 7756,-25.3,-34.0,-30.9, 44, 57, 0.56,244,30.8
2025-05-17 20:40:49,-97.1987,35.3100, 385.1, 7759,-25.4,-34.1,-31.0, 44, 56, 0.56,244,30.8
2025-05-17 20:40:50,-97.1984,35.3101, 384.9, 7763,-25.4,-34.1,-31.0, 44, 56, 0.55,244,30.8
2025-05-17 20:40:51,-97.1981,35.3102, 384.7, 7767,-25.5,-34.2,-31.1, 44, 56, 0.55,244,30.8
2025-05-17 20:40:52,-97.1978,35.3104, 384.5, 7771,-25.5,-34.4,-31.3, 43, 55, 0.54,244,30.8
2025-05-17 20:40:53,-97.1975,35.3105, 384.3, 7774,-25.5,-34.8,-31.6, 42, 53, 0.52,244,30.9
2025-05-17 20:40:54,-97.1972,35.3106, 384.1, 7778,-25.5,-35.1,-31.9, 40, 52, 0.50,244,30.9
2025-05-17 20:40:55,-97.1969,35.3107, 383.9, 7782,-25.5,-35.4,-32.2, 39, 50, 0.49,244,30.9
2025-05-17 20:40:56,-97.1966,35.3108, 383.7, 7785,-25.5,-35.5,-32.3, 39, 50, 0.49,244,30.9
2025-05-17 20:40:57,-97.1963,35.3110, 383.5, 7788,-25.5,-35.5,-32.2, 39, 50, 0.49,244,30.9
2025-05-17 20:40:58,-97.1960,35.3111, 383.4, 7791,-25.6,-35.4,-32.2, 39, 51, 0.49,244,30.9
2025-05-17 20:40:59,-97.1956,35.3112, 383.2, 7795,-25.6,-35.4,-32.2, 40, 51, 0.49,244,30.9
2025-05-17 20:41:00,-97.1954,35.3114, 383.0, 7798,-25.6,-35.4,-32.2, 40, 51, 0.49,244,30.9
2025-05-17 20:41:01,-97.1951,35.3115, 382.8, 7802,-25.7,-35.5,-32.3, 39, 50, 0.49,244,30.9
2025-05-17 20:41:02,-97.1947,35.3116, 382.6, 7806,-25.7,-35.6,-32.4, 39, 50, 0.48,244,30.9
2025-05-17 20:41:03,-97.1944,35.3117, 382.4, 7810,-25.7,-35.7,-32.5, 39, 50, 0.48,244,30.9
2025-05-17 20:41:04,-97.1941,35.3118, 382.2, 7814,-25.8,-35.7,-32.5, 39, 50, 0.48,244,30.9
2025-05-17 20:41:05,-97.1938,35.3119, 382.0, 7818,-25.8,-35.7,-32.5, 39, 50, 0.48,244,30.9
2025-05-17 20:41:06,-97.1935,35.3121, 381.8, 7822,-25.8,-35.7,-32.5, 39, 50, 0.48,244,30.9
2025-05-17 20:41:07,-97.1932,35.3122, 381.6, 7825,-25.9,-35.8,-32.5, 39, 50, 0.48,244,30.9
2025-05-17 20:41:08,-97.1929,35.3123, 381.4, 7829,-25.9,-35.8,-32.6, 39, 50, 0.47,244,30.9
2025-05-17 20:41:09,-97.1926,35.3124, 381.2, 7833,-25.9,-35.9,-32.7, 39, 50, 0.47,244,30.9
2025-05-17 20:41:10,-97.1923,35.3125, 381.0, 7836,-25.9,-36.0,-32.8, 38, 49, 0.46,244,31.0
2025-05-17 20:41:11,-97.1920,35.3126, 380.8, 7840,-26.0,-36.1,-32.9, 38, 49, 0.46,244,31.0
2025-05-17 20:41:12,-97.1917,35.3128, 380.6, 7844,-26.0,-36.2,-32.9, 38, 49, 0.46,244,31.0
2025-05-17 20:41:13,-97.1914,35.3129, 380.4, 7847,-26.0,-36.3,-33.0, 38, 49, 0.45,244,31.0
2025-05-17 20:41:14,-97.1911,35.3130, 380.3, 7850,-26.1,-36.3,-33.0, 38, 49, 0.45,244,31.0
2025-05-17 20:41:15,-97.1908,35.3132, 380.1, 7853,-26.1,-36.3,-33.0, 38, 49, 0.45,244,31.0
2025-05-17 20:41:16,-97.1905,35.3133, 379.9, 7856,-26.2,-36.3,-33.0, 38, 49, 0.45,244,31.1
2025-05-17 20:41:17,-97.1902,35.3134, 379.8, 7860,-26.2,-36.3,-33.0, 38, 49, 0.45,244,31.1
2025-05-17 20:41:18,-97.1899,35.3135, 379.6, 7864,-26.2,-36.3,-33.1, 38, 49, 0.45,244,31.1
2025-05-17 20:41:19,-97.1895,35.3136, 379.4, 7867,-26.3,-36.4,-33.1, 38, 49, 0.45,244,31.1
2025-05-17 20:41:20,-97.1892,35.3137, 379.2, 7871,-26.3,-36.4,-33.1, 38, 49, 0.45,244,31.1
2025-05-17 20:41:21,-97.1889,35.3139, 379.0, 7875,-26.3,-36.4,-33.1, 38, 49, 0.45,244,31.2
2025-05-17 20:41:22,-97.1886,35.3140, 378.8, 7878,-26.4,-36.4,-33.2, 38, 49, 0.45,244,31.2
2025-05-17 20:41:23,-97.1883,35.3141, 378.6, 7882,-26.4,-36.4,-33.2, 38, 50, 0.45,244,31.2
2025-05-17 20:41:24,-97.1880,35.3142, 378.4, 7886,-26.4,-36.5,-33.2, 38, 50, 0.45,245,31.2
2025-05-17 20:41:25,-97.1877,35.3144, 378.2, 7889,-26.5,-36.5,-33.2, 38, 50, 0.45,245,31.2
2025-05-17 20:41:26,-97.1874,35.3145, 378.0, 7893,-26.5,-36.5,-33.2, 39, 50, 0.45,245,31.2
2025-05-17 20:41:27,-97.1870,35.3146, 377.8, 7897,-26.6,-36.4,-33.2, 39, 50, 0.45,245,31.2
2025-05-17 20:41:28,-97.1867,35.3148, 377.6, 7900,-26.6,-36.4,-33.1, 39, 51, 0.45,245,31.3
2025-05-17 20:41:29,-97.1864,35.3149, 377.4, 7904,-26.6,-36.4,-33.1, 39, 51, 0.45,245,31.3
2025-05-17 20:41:30,-97.1861,35.3150, 377.2, 7908,-26.7,-36.4,-33.1, 40, 51, 0.45,245,31.3
2025-05-17 20:41:31,-97.1858,35.3151, 377.0, 7912,-26.7,-36.4,-33.1, 40, 52, 0.45,245,31.3
2025-05-17 20:41:32,-97.1855,35.3152, 376.9, 7915,-26.8,-36.4,-33.1, 40, 52, 0.45,245,31.3
2025-05-17 20:41:33,-97.1852,35.3153, 376.7, 7919,-26.8,-36.4,-33.1, 40, 52, 0.45,245,31.3
2025-05-17 20:41:34,-97.1849,35.3155, 376.5, 7922,-26.8,-36.5,-33.2, 40, 52, 0.45,245,31.3
2025-05-17 20:41:35,-97.1845,35.3156, 376.3, 7926,-26.9,-36.5,-33.2, 40, 52, 0.45,245,31.3
2025-05-17 20:41:36,-97.1842,35.3157, 376.1, 7930,-26.9,-36.5,-33.2, 40, 52, 0.45,245,31.3
2025-05-17 20:41:37,-97.1839,35.3158, 375.9, 7934,-26.9,-36.6,-33.3, 40, 51, 0.44,245,31.4
2025-05-17 20:41:38,-97.1836,35.3160, 375.6, 7939,-27.0,-36.7,-33.4, 39, 51, 0.44,245,31.4
2025-05-17 20:41:39,-97.1833,35.3161, 375.4, 7943,-27.0,-36.8,-33.5, 39, 51, 0.43,245,31.4
2025-05-17 20:41:40,-97.1830,35.3162, 375.2, 7948,-27.0,-36.9,-33.6, 39, 51, 0.43,245,31.5
2025-05-17 20:41:41,-97.1827,35.3163, 375.0, 7952,-27.1,-36.8,-33.5, 39, 51, 0.44,245,31.5
2025-05-17 20:41:42,-97.1825,35.3164, 374.7, 7956,-27.1,-36.7,-33.4, 40, 52, 0.44,245,31.5
2025-05-17 20:41:43,-97.1821,35.3165, 374.5, 7960,-27.2,-36.7,-33.4, 40, 52, 0.44,245,31.6
2025-05-17 20:41:44,-97.1818,35.3167, 374.3, 7965,-27.2,-36.9,-33.6, 39, 51, 0.43,245,31.7
2025-05-17 20:41:45,-97.1814,35.3168, 374.0, 7970,-27.2,-37.2,-33.9, 38, 50, 0.42,245,31.7
2025-05-17 20:41:46,-97.1811,35.3169, 373.7, 7976,-27.3,-37.7,-34.3, 37, 48, 0.40,245,31.8
2025-05-17 20:41:47,-97.1808,35.3170, 373.4, 7981,-27.3,-38.1,-34.8, 35, 46, 0.38,245,31.9
2025-05-17 20:41:48,-97.1805,35.3171, 373.1, 7986,-27.3,-38.4,-35.0, 34, 44, 0.37,245,32.0
2025-05-17 20:41:49,-97.1803,35.3172, 372.9, 7992,-27.3,-38.4,-35.0, 34, 45, 0.37,246,32.1
2025-05-17 20:41:50,-97.1800,35.3174, 372.6, 7997,-27.3,-38.3,-34.9, 35, 45, 0.38,246,32.2
2025-05-17 20:41:51,-97.1797,35.3175, 372.3, 8002,-27.4,-38.2,-34.8, 35, 46, 0.38,246,32.3
2025-05-17 20:41:52,-97.1793,35.3177, 372.0, 8008,-27.5,-38.2,-34.9, 35, 46, 0.38,246,32.4
2025-05-17 20:41:53,-97.1790,35.3178, 371.7, 8014,-27.5,-38.4,-35.0, 35, 46, 0.37,246,32.5
2025-05-17 20:41:54,-97.1787,35.3178, 371.4, 8021,-27.6,-38.7,-35.2, 34, 45, 0.37,246,32.7
2025-05-17 20:41:55,-97.1784,35.3179, 371.0, 8027,-27.6,-38.9,-35.5, 33, 44, 0.36,246,32.8
2025-05-17 20:41:56,-97.1780,35.3181, 370.7, 8034,-27.7,-39.2,-35.7, 33, 43, 0.35,246,33.0
2025-05-17 20:41:57,-97.1776,35.3182, 370.4, 8040,-27.7,-39.8,-36.3, 31, 40, 0.32,246,33.1
2025-05-17 20:41:58,-97.1772,35.3184, 370.1, 8046,-27.7,-40.8,-37.3, 28, 36, 0.29,246,33.3
2025-05-17 20:41:59,-97.1769,35.3185, 369.7, 8053,-27.7,-42.1,-38.5, 24, 31, 0.26,246,33.4
2025-05-17 20:42:00,-97.1765,35.3187, 369.4, 8060,-27.7,-43.4,-39.7, 21, 27, 0.22,247,33.6
2025-05-17 20:42:01,-97.1762,35.3187, 369.0, 8066,-27.7,-44.3,-40.6, 19, 25, 0.20,247,33.8
2025-05-17 20:42:02,-97.1758,35.3188, 368.7, 8072,-27.7,-44.5,-40.8, 19, 24, 0.20,247,33.9
2025-05-17 20:42:03,-97.1755,35.3189, 368.5, 8077,-27.7,-44.5,-40.7, 19, 25, 0.20,247,34.1
2025-05-17 20:42:04,-97.1752,35.3190, 368.2, 8082,-27.8,-44.3,-40.5, 19, 25, 0.20,247,34.3
2025-05-17 20:42:05,-97.1749,35.3191, 367.9, 8087,-27.8,-44.1,-40.4, 20, 26, 0.21,247,34.5
2025-05-17 20:42:06,-97.1746,35.3193, 367.6, 8093,-27.9,-44.0,-40.3, 20, 26, 0.21,247,34.6
2025-05-17 20:42:07,-97.1743,35.3194, 367.3, 8100,-27.9,-44.1,-40.4, 20, 26, 0.21,247,34.8
2025-05-17 20:42:08,-97.1739,35.3195, 366.9, 8108,-28.0,-44.2,-40.5, 20, 26, 0.21,247,35.0
2025-05-17 20:42:09,-97.1735,35.3196, 366.5, 8116,-28.1,-44.6,-40.8, 19, 25, 0.20,247,35.2
2025-05-17 20:42:10,-97.1731,35.3197, 366.2, 8122,-28.1,-45.2,-41.4, 18, 24, 0.19,247,35.3
2025-05-17 20:42:11,-97.1727,35.3198, 365.9, 8127,-28.1,-45.8,-42.0, 17, 22, 0.17,247,35.5
2025-05-17 20:42:12,-97.1723,35.3200, 365.7, 8131,-28.1,-46.4,-42.5, 16, 21, 0.16,247,35.7
2025-05-17 20:42:13,-97.1719,35.3201, 365.5, 8135,-28.2,-46.6,-42.7, 16, 20, 0.16,247,35.8
2025-05-17 20:42:14,-97.1716,35.3203, 365.3, 8140,-28.2,-46.6,-42.7, 16, 21, 0.16,247,36.0
2025-05-17 20:42:15,-97.1712,35.3204, 365.0, 8146,-28.3,-46.6,-42.8, 16, 21, 0.16,247,36.1
2025-05-17 20:42:16,-97.1709,35.3205, 364.7, 8152,-28.3,-46.7,-42.9, 16, 21, 0.16,246,36.3
2025-05-17 20:42:17,-97.1706,35.3206, 364.4, 8157,-28.4,-46.7,-42.8, 16, 21, 0.16,246,36.4
2025-05-17 20:42:18,-97.1702,35.3208, 364.1, 8163,-28.4,-46.6,-42.8, 16, 21, 0.16,246,36.5
2025-05-17 20:42:19,-97.1698,35.3210, 363.8, 8168,-28.5,-46.7,-42.8, 16, 21, 0.16,246,36.6
2025-05-17 20:42:20,-97.1694,35.3211, 363.6, 8173,-28.5,-46.8,-42.9, 16, 21, 0.16,246,36.7
2025-05-17 20:42:21,-97.1690,35.3213, 363.4, 8177,-28.6,-47.1,-43.2, 15, 20, 0.15,246,36.8
2025-05-17 20:42:22,-97.1686,35.3214, 363.2, 8180,-28.6,-47.6,-43.7, 14, 19, 0.14,246,36.9
2025-05-17 20:42:23,-97.1682,35.3215, 363.0, 8184,-28.6,-48.4,-44.4, 13, 18, 0.13,246,37.0
2025-05-17 20:42:24,-97.1678,35.3217, 362.8, 8188,-28.6,-49.1,-45.2, 12, 16, 0.12,246,37.1
2025-05-17 20:42:25,-97.1675,35.3218, 362.6, 8193,-28.6,-49.7,-45.7, 11, 15, 0.11,246,37.1
2025-05-17 20:42:26,-97.1671,35.3219, 362.3, 8198,-28.6,-50.0,-46.0, 11, 15, 0.11,246,37.2
2025-05-17 20:42:27,-97.1668,35.3221, 361.9, 8206,-28.7,-50.3,-46.3, 11, 14, 0.11,246,37.2
2025-05-17 20:42:28,-97.1664,35.3222, 361.5, 8214,-28.7,-50.6,-46.6, 10, 14, 0.10,246,37.3
2025-05-17 20:42:29,-97.1660,35.3223, 361.2, 8220,-28.7,-50.9,-46.8, 10, 13, 0.10,247,37.3
2025-05-17 20:42:30,-97.1656,35.3224, 360.9, 8226,-28.7,-51.2,-47.1, 10, 13, 0.10,247,37.3
2025-05-17 20:42:31,-97.1653,35.3226, 360.7, 8230,-28.7,-51.5,-47.4,  9, 12, 0.09,247,37.3
2025-05-17 20:42:32,-97.1649,35.3227, 360.5, 8233,-28.7,-51.8,-47.7,  9, 12, 0.09,247,37.3
2025-05-17 20:42:33,-97.1645,35.3229, 360.4, 8237,-28.7,-52.0,-47.9,  9, 12, 0.09,247,37.4
2025-05-17 20:42:34,-97.1641,35.3230, 360.2, 8240,-28.7,-52.1,-48.0,  9, 12, 0.09,247,37.4
2025-05-17 20:42:35,-97.1638,35.3231, 360.0, 8244,-28.7,-52.1,-48.0,  9, 12, 0.09,247,37.4
2025-05-17 20:42:36,-97.1634,35.3232, 359.8, 8249,-28.8,-52.1,-48.0,  9, 12, 0.09,247,37.4
2025-05-17 20:42:37,-97.1630,35.3233, 359.5, 8254,-28.8,-52.0,-47.9,  9, 12, 0.09,247,37.4
2025-05-17 20:42:38,-97.1626,35.3235, 359.2, 8259,-28.8,-52.0,-47.9,  9, 12, 0.09,247,37.4
2025-05-17 20:42:39,-97.1622,35.3236, 359.0, 8264,-28.9,-52.0,-47.9,  9, 12, 0.09,247,37.5
2025-05-17 20:42:40,-97.1619,35.3237, 358.8, 8268,-28.9,-52.1,-48.0,  9, 12, 0.09,247,37.5
2025-05-17 20:42:41,-97.1615,35.3239, 358.6, 8272,-28.9,-52.2,-48.1,  9, 12, 0.09,248,37.5
2025-05-17 20:42:42,-97.1611,35.3240, 358.3, 8277,-29.0,-52.2,-48.1,  9, 12, 0.09,248,37.5
2025-05-17 20:42:43,-97.1607,35.3241, 358.1, 8281,-29.0,-52.3,-48.2,  9, 12, 0.09,248,37.6
2025-05-17 20:42:44,-97.1603,35.3242, 357.9, 8285,-29.0,-52.3,-48.2,  9, 12, 0.08,248,37.6
2025-05-17 20:42:45,-97.1599,35.3243, 357.7, 8290,-29.0,-52.4,-48.3,  9, 12, 0.08,248,37.6
2025-05-17 20:42:46,-97.1596,35.3245, 357.5, 8294,-29.1,-52.5,-48.4,  9, 11, 0.08,248,37.7
2025-05-17 20:42:47,-97.1592,35.3246, 357.3, 8298,-29.1,-52.7,-48.6,  8, 11, 0.08,248,37.7
2025-05-17 20:42:48,-97.1588,35.3247, 357.1, 8303,-29.1,-52.9,-48.8,  8, 11, 0.08,248,37.7
2025-05-17 20:42:49,-97.1584,35.3249, 356.8, 8307,-29.1,-53.0,-48.9,  8, 11, 0.08,248,37.8
2025-05-17 20:42:50,-97.1581,35.3250, 356.6, 8311,-29.1,-53.1,-48.9,  8, 11, 0.08,248,37.8
2025-05-17 20:42:51,-97.1577,35.3251, 356.4, 8316,-29.1,-53.0,-48.8,  8, 11, 0.08,248,37.9
2025-05-17 20:42:52,-97.1573,35.3252, 356.2, 8320,-29.1,-52.8,-48.7,  8, 11, 0.08,248,37.9
2025-05-17 20:42:53,-97.1569,35.3254, 356.0, 8324,-29.1,-52.5,-48.4,  9, 12, 0.08,248,38.0
2025-05-17 20:42:54,-97.1564,35.3255, 355.8, 8327,-29.1,-52.2,-48.1,  9, 12, 0.09,248,38.0
2025-05-17 20:42:55,-97.1560,35.3256, 355.7, 8331,-29.1,-51.9,-47.8,  9, 12, 0.09,248,38.1
2025-05-17 20:42:56,-97.1557,35.3257, 355.5, 8334,-29.1,-52.0,-47.9,  9, 12, 0.09,248,38.1
2025-05-17 20:42:57,-97.1553,35.3259, 355.3, 8338,-29.1,-52.4,-48.3,  9, 12, 0.08,248,38.2
2025-05-17 20:42:58,-97.1549,35.3260, 355.0, 8344,-29.1,-52.9,-48.8,  8, 11, 0.08,248,38.2
2025-05-17 20:42:59,-97.1545,35.3262, 354.7, 8349,-29.1,-53.0,-48.9,  8, 11, 0.08,248,38.3
2025-05-17 20:43:00,-97.1541,35.3263, 354.5, 8354,-29.1,-52.8,-48.6,  8, 11, 0.08,248,38.3
2025-05-17 20:43:01,-97.1537,35.3264, 354.3, 8359,-29.1,-52.3,-48.2,  9, 12, 0.09,248,38.4
2025-05-17 20:43:02,-97.1533,35.3265, 354.1, 8363,-29.1,-52.0,-47.9,  9, 12, 0.09,248,38.4
2025-05-17 20:43:03,-97.1530,35.3266, 353.9, 8367,-29.1,-51.9,-47.8,  9, 12, 0.09,248,38.5
2025-05-17 20:43:04,-97.1526,35.3268, 353.6, 8371,-29.1,-51.8,-47.7,  9, 13, 0.09,248,38.5
2025-05-17 20:43:05,-97.1522,35.3269, 353.4, 8375,-29.2,-51.8,-47.7,  9, 13, 0.09,248,38.6
2025-05-17 20:43:06,-97.1518,35.3270, 353.2, 8380,-29.2,-51.7,-47.7, 10, 13, 0.09,248,38.6
2025-05-17 20:43:07,-97.1514,35.3272, 353.0, 8384,-29.2,-51.7,-47.7, 10, 13, 0.09,248,38.7
2025-05-17 20:43:08,-97.1510,35.3273, 352.8, 8388,-29.2,-51.8,-47.7, 10, 13, 0.09,248,38.7
2025-05-17 20:43:09,-97.1506,35.3275, 352.6, 8392,-29.3,-51.8,-47.7, 10, 13, 0.09,248,38.8
2025-05-17 20:43:10,-97.1502,35.3276, 352.5, 8395,-29.3,-51.8,-47.8, 10, 13, 0.09,248,38.8
2025-05-17 20:43:11,-97.1498,35.3277, 352.2, 8399,-29.4,-51.9,-47.8, 10, 13, 0.09,248,38.9
2025-05-17 20:43:12,-97.1494,35.3279, 352.0, 8404,-29.4,-51.8,-47.8, 10, 13, 0.09,248,39.0
2025-05-17 20:43:13,-97.1490,35.3280, 351.7, 8410,-29.4,-51.8,-47.8, 10, 13, 0.09,248,39.0
2025-05-17 20:43:14,-97.1486,35.3281, 351.5, 8415,-29.5,-51.9,-47.8, 10, 13, 0.09,248,39.1
2025-05-17 20:43:15,-97.1482,35.3283, 351.3, 8419,-29.5,-51.9,-47.8, 10, 13, 0.09,248,39.1
2025-05-17 20:43:16,-97.1478,35.3284, 351.0, 8424,-29.6,-51.9,-47.8, 10, 13, 0.09,248,39.2
2025-05-17 20:43:17,-97.1474,35.3285, 350.8, 8428,-29.6,-51.6,-47.5, 10, 13, 0.09,248,39.2
2025-05-17 20:43:18,-97.1471,35.3286, 350.6, 8433,-29.6,-51.1,-47.0, 11, 14, 0.10,248,39.3
2025-05-17 20:43:19,-97.1467,35.3287, 350.4, 8437,-29.6,-50.4,-46.4, 12, 15, 0.11,248,39.4
2025-05-17 20:43:20,-97.1462,35.3289, 350.2, 8441,-29.6,-49.6,-45.6, 13, 17, 0.12,248,39.4
2025-05-17 20:43:21,-97.1458,35.3290, 350.0, 8446,-29.7,-48.4,-44.5, 15, 20, 0.14,248,39.5
2025-05-17 20:43:22,-97.1454,35.3292, 349.8, 8450,-29.7,-47.0,-43.1, 17, 23, 0.16,248,39.5
2025-05-17 20:43:23,-97.1450,35.3293, 349.6, 8454,-29.7,-45.6,-41.8, 20, 27, 0.19,248,39.6
2025-05-17 20:43:24,-97.1446,35.3294, 349.4, 8458,-29.8,-44.8,-41.0, 22, 29, 0.20,248,39.6
2025-05-17 20:43:25,-97.1442,35.3296, 349.2, 8461,-29.8,-44.4,-40.7, 23, 31, 0.21,248,39.7
2025-05-17 20:43:26,-97.1438,35.3297, 349.0, 8465,-29.8,-44.2,-40.4, 24, 31, 0.22,249,39.7
2025-05-17 20:43:27,-97.1434,35.3298, 348.8, 8469,-29.8,-43.7,-40.0, 25, 33, 0.23,249,39.7
2025-05-17 20:43:28,-97.1430,35.3299, 348.6, 8473,-29.9,-43.2,-39.5, 26, 35, 0.24,249,39.8
2025-05-17 20:43:29,-97.1425,35.3301, 348.4, 8478,-29.9,-42.7,-39.0, 28, 37, 0.26,249,39.8
2025-05-17 20:43:30,-97.1421,35.3302, 348.1, 8483,-30.0,-42.3,-38.7, 29, 39, 0.27,249,39.9
2025-05-17 20:43:31,-97.1417,35.3304, 347.9, 8487,-30.0,-42.0,-38.4, 30, 41, 0.28,249,39.9
2025-05-17 20:43:32,-97.1413,35.3305, 347.7, 8491,-30.0,-42.1,-38.5, 30, 40, 0.27,249,39.9
2025-05-17 20:43:33,-97.1409,35.3306, 347.5, 8496,-30.0,-42.5,-38.9, 29, 39, 0.26,249,39.9
2025-05-17 20:43:34,-97.1405,35.3307, 347.3, 8500,-30.1,-43.1,-39.4, 27, 36, 0.25,249,40.0
2025-05-17 20:43:35,-97.1401,35.3309, 347.1, 8504,-30.1,-43.6,-39.9, 26, 34, 0.23,249,40.0
2025-05-17 20:43:36,-97.1397,35.3310, 346.9, 8508,-30.1,-44.3,-40.5, 24, 32, 0.22,249,40.0
2025-05-17 20:43:37,-97.1393,35.3311, 346.7, 8512,-30.1,-45.1,-41.3, 22, 29, 0.20,249,40.0
2025-05-17 20:43:38,-97.1389,35.3312, 346.5, 8516,-30.2,-46.1,-42.2, 20, 27, 0.18,249,40.1
2025-05-17 20:43:39,-97.1384,35.3314, 346.3, 8520,-30.2,-47.0,-43.1, 18, 24, 0.16,249,40.1
2025-05-17 20:43:40,-97.1380,35.3315, 346.1, 8525,-30.2,-47.7,-43.8, 17, 22, 0.15,249,40.1
2025-05-17 20:43:41,-97.1376,35.3316, 345.9, 8529,-30.3,-48.3,-44.3, 16, 21, 0.14,249,40.1
2025-05-17 20:43:42,-97.1372,35.3317, 345.7, 8533,-30.3,-48.8,-44.9, 15, 20, 0.13,249,40.1
2025-05-17 20:43:43,-97.1368,35.3319, 345.5, 8537,-30.3,-49.7,-45.7, 13, 18, 0.12,249,40.2
2025-05-17 20:43:44,-97.1364,35.3320, 345.3, 8541,-30.4,-51.4,-47.3, 11, 15, 0.10,249,40.2
2025-05-17 20:43:45,-97.1360,35.3321, 345.2, 8544,-30.4,-53.6,-49.4,  9, 12, 0.08,249,40.2
2025-05-17 20:43:46,-97.1356,35.3323, 345.0, 8548,-30.5,-55.8,-51.6,  7,  9, 0.06,249,40.2
2025-05-17 20:43:47,-97.1352,35.3324, 344.8, 8552,-30.5,-56.9,-52.6,  6,  8, 0.05,249,40.3
2025-05-17 20:43:48,-97.1347,35.3325, 344.5, 8557,-30.5,-56.5,-52.2,  6,  8, 0.05,249,40.3
2025-05-17 20:43:49,-97.1343,35.3327, 344.3, 8562,-30.6,-55.8,-51.5,  7,  9, 0.06,250,40.3
2025-05-17 20:43:50,-97.1339,35.3328, 344.1, 8566,-30.6,-55.3,-51.1,  7, 10, 0.06,250,40.3
2025-05-17 20:43:51,-97.1335,35.3329, 343.9, 8570,-30.6,-55.1,-50.9,  7, 10, 0.06,250,40.4
2025-05-17 20:43:52,-97.1331,35.3330, 343.7, 8574,-30.7,-54.9,-50.7,  8, 10, 0.07,250,40.4
2025-05-17 20:43:53,-97.1326,35.3332, 343.5, 8578,-30.7,-54.9,-50.7,  8, 10, 0.07,250,40.4
2025-05-17 20:43:54,-97.1322,35.3333, 343.3, 8583,-30.7,-54.9,-50.7,  8, 10, 0.07,250,40.5
2025-05-17 20:43:55,-97.1318,35.3334, 343.1, 8587,-30.7,-54.9,-50.7,  8, 10, 0.07,250,40.5
2025-05-17 20:43:56,-97.1314,35.3335, 342.9, 8592,-30.8,-54.9,-50.7,  8, 10, 0.07,250,40.5
2025-05-17 20:43:57,-97.1310,35.3336, 342.7, 8596,-30.8,-54.8,-50.6,  8, 10, 0.07,250,40.5
2025-05-17 20:43:58,-97.1306,35.3337, 342.5, 8600,-30.9,-54.7,-50.5,  8, 11, 0.07,250,40.6
2025-05-17 20:43:59,-97.1301,35.3339, 342.2, 8604,-30.9,-54.6,-50.4,  8, 11, 0.07,250,40.6
2025-05-17 20:44:00,-97.1297,35.3340, 342.0, 8609,-30.9,-54.5,-50.3,  8, 11, 0.07,250,40.6
2025-05-17 20:44:01,-97.1293,35.3342, 341.8, 8613,-31.0,-54.3,-50.1,  8, 11, 0.07,250,40.6
2025-05-17 20:44:02,-97.1288,35.3343, 341.6, 8617,-31.0,-54.2,-50.0,  8, 11, 0.07,250,40.6
2025-05-17 20:44:03,-97.1284,35.3344, 341.4, 8621,-31.1,-54.2,-50.0,  9, 12, 0.07,250,40.7
2025-05-17 20:44:04,-97.1280,35.3346, 341.2, 8625,-31.1,-54.5,-50.3,  8, 11, 0.07,250,40.7
2025-05-17 20:44:05,-97.1276,35.3347, 341.0, 8629,-31.1,-55.0,-50.8,  8, 11, 0.07,250,40.7
2025-05-17 20:44:06,-97.1272,35.3348, 340.8, 8634,-31.2,-55.4,-51.2,  7, 10, 0.06,250,40.7
2025-05-17 20:44:07,-97.1267,35.3349, 340.6, 8638,-31.2,-55.6,-51.4,  7, 10, 0.06,250,40.8
2025-05-17 20:44:08,-97.1263,35.3350, 340.4, 8642,-31.2,-55.6,-51.4,  7, 10, 0.06,250,40.8
2025-05-17 20:44:09,-97.1259,35.3351, 340.2, 8646,-31.3,-55.3,-51.1,  8, 10, 0.06,250,40.8
2025-05-17 20:44:10,-97.1255,35.3353, 340.0, 8650,-31.3,-54.3,-50.1,  9, 12, 0.07,250,40.8
2025-05-17 20:44:11,-97.1251,35.3354, 339.8, 8654,-31.3,-52.8,-48.7, 10, 14, 0.09,250,40.8
2025-05-17 20:44:12,-97.1247,35.3355, 339.6, 8659,-31.4,-50.9,-46.9, 13, 18, 0.11,250,40.9
2025-05-17 20:44:13,-97.1243,35.3357, 339.4, 8664,-31.4,-49.4,-45.4, 15, 21, 0.13,250,40.9
2025-05-17 20:44:14,-97.1238,35.3358, 339.2, 8668,-31.4,-48.3,-44.3, 18, 24, 0.14,250,40.9
2025-05-17 20:44:15,-97.1234,35.3359, 339.0, 8672,-31.5,-47.1,-43.3, 20, 27, 0.16,250,40.9
2025-05-17 20:44:16,-97.1230,35.3360, 338.8, 8676,-31.5,-45.9,-42.1, 23, 31, 0.19,250,41.0
2025-05-17 20:44:17,-97.1226,35.3362, 338.6, 8681,-31.5,-44.6,-40.8, 27, 36, 0.22,250,41.0
2025-05-17 20:44:18,-97.1222,35.3363, 338.4, 8685,-31.6,-43.6,-39.9, 30, 40, 0.24,250,41.0
2025-05-17 20:44:19,-97.1217,35.3364, 338.2, 8689,-31.6,-43.4,-39.7, 30, 41, 0.24,250,41.0
2025-05-17 20:44:20,-97.1213,35.3366, 338.0, 8694,-31.7,-43.4,-39.7, 30, 41, 0.24,250,41.1
2025-05-17 20:44:21,-97.1208,35.3367, 337.8, 8698,-31.7,-43.4,-39.7, 31, 42, 0.24,250,41.1
2025-05-17 20:44:22,-97.1204,35.3368, 337.6, 8702,-31.7,-43.2,-39.5, 31, 43, 0.25,250,41.1
2025-05-17 20:44:23,-97.1200,35.3370, 337.4, 8706,-31.8,-42.9,-39.2, 33, 44, 0.26,250,41.2
2025-05-17 20:44:24,-97.1196,35.3371, 337.1, 8710,-31.8,-42.5,-38.9, 34, 46, 0.27,250,41.2
2025-05-17 20:44:25,-97.1192,35.3372, 336.9, 8715,-31.8,-42.2,-38.6, 35, 48, 0.28,250,41.2
2025-05-17 20:44:26,-97.1188,35.3374, 336.7, 8719,-31.9,-42.0,-38.4, 36, 49, 0.28,250,41.3
2025-05-17 20:44:27,-97.1183,35.3375, 336.5, 8723,-31.9,-41.8,-38.2, 37, 50, 0.29,250,41.3
2025-05-17 20:44:28,-97.1179,35.3376, 336.3, 8727,-31.9,-41.7,-38.1, 37, 51, 0.30,250,41.4
2025-05-17 20:44:29,-97.1175,35.3377, 336.2, 8731,-31.9,-41.4,-37.9, 38, 52, 0.30,250,41.4
2025-05-17 20:44:30,-97.1170,35.3379, 336.0, 8735,-31.9,-41.2,-37.6, 39, 54, 0.31,250,41.5
2025-05-17 20:44:31,-97.1166,35.3380, 335.8, 8739,-31.9,-41.0,-37.4, 40, 55, 0.32,250,41.5
2025-05-17 20:44:32,-97.1162,35.3381, 335.6, 8743,-31.9,-41.0,-37.4, 40, 55, 0.32,250,41.6
2025-05-17 20:44:33,-97.1158,35.3383, 335.4, 8746,-32.0,-41.2,-37.6, 40, 54, 0.31,250,41.6
2025-05-17 20:44:34,-97.1153,35.3384, 335.3, 8750,-32.0,-41.5,-37.9, 39, 53, 0.30,250,41.7
2025-05-17 20:44:35,-97.1149,35.3385, 335.1, 8754,-32.0,-41.8,-38.2, 37, 51, 0.29,250,41.7
2025-05-17 20:44:36,-97.1145,35.3386, 334.9, 8759,-32.1,-42.0,-38.4, 37, 50, 0.29,250,41.8
2025-05-17 20:44:37,-97.1140,35.3388, 334.6, 8763,-32.1,-41.9,-38.3, 37, 51, 0.29,250,41.8
2025-05-17 20:44:38,-97.1136,35.3389, 334.4, 8768,-32.1,-41.5,-37.9, 39, 53, 0.30,250,41.9
2025-05-17 20:44:39,-97.1132,35.3390, 334.2, 8772,-32.1,-41.1,-37.6, 40, 55, 0.31,250,41.9
2025-05-17 20:44:40,-97.1127,35.3392, 334.0, 8776,-32.1,-40.8,-37.3, 42, 57, 0.32,250,42.0
2025-05-17 20:44:41,-97.1123,35.3393, 333.8, 8781,-32.2,-40.8,-37.2, 42, 58, 0.33,250,42.1
2025-05-17 20:44:42,-97.1119,35.3394, 333.6, 8786,-32.2,-41.0,-37.5, 41, 56, 0.32,250,42.1
2025-05-17 20:44:43,-97.1115,35.3395, 333.4, 8790,-32.2,-41.8,-38.2, 38, 52, 0.29,250,42.2
2025-05-17 20:44:44,-97.1110,35.3397, 333.2, 8794,-32.1,-43.3,-39.6, 32, 44, 0.25,250,42.3
2025-05-17 20:44:45,-97.1106,35.3398, 333.0, 8798,-32.1,-45.6,-41.8, 25, 34, 0.20,250,42.4
2025-05-17 20:44:46,-97.1101,35.3399, 332.8, 8803,-32.0,-48.3,-44.4, 18, 25, 0.15,250,42.4
2025-05-17 20:44:47,-97.1097,35.3401, 332.6, 8807,-31.9,-51.1,-47.1, 13, 18, 0.11,250,42.5
2025-05-17 20:44:48,-97.1092,35.3402, 332.4, 8811,-31.9,-53.7,-49.5, 10, 13, 0.08,250,42.6
2025-05-17 20:44:49,-97.1088,35.3403, 332.2, 8814,-31.8,-54.4,-50.2,  9, 12, 0.07,250,42.6
2025-05-17 20:44:50,-97.1084,35.3404, 332.1, 8818,-31.8,-52.9,-48.8, 11, 15, 0.09,250,42.7
2025-05-17 20:44:51,-97.1079,35.3406, 331.9, 8822,-31.9,-50.8,-46.7, 14, 19, 0.11,250,42.8
2025-05-17 20:44:52,-97.1075,35.3407, 331.7, 8825,-31.9,-48.7,-44.7, 18, 24, 0.14,250,42.9
2025-05-17 20:44:53,-97.1070,35.3409, 331.5, 8830,-31.9,-46.5,-42.7, 22, 31, 0.18,250,43.0
2025-05-17 20:44:54,-97.1066,35.3410, 331.3, 8834,-32.0,-44.4,-40.7, 28, 39, 0.22,250,43.0
2025-05-17 20:44:55,-97.1061,35.3411, 331.1, 8838,-32.0,-42.6,-38.9, 34, 47, 0.27,250,43.1
2025-05-17 20:44:56,-97.1057,35.3413, 330.9, 8843,-32.0,-41.3,-37.7, 39, 54, 0.31,250,43.2
2025-05-17 20:44:57,-97.1052,35.3414, 330.7, 8847,-32.0,-40.6,-37.1, 43, 58, 0.34,250,43.3
2025-05-17 20:44:58,-97.1048,35.3415, 330.5, 8851,-32.1,-40.1,-36.6, 45, 61, 0.35,250,43.4
2025-05-17 20:44:59,-97.1044,35.3417, 330.3, 8856,-32.1,-39.6,-36.2, 47, 65, 0.37,249,43.4
2025-05-17 20:45:00,-97.1039,35.3418, 330.0, 8861,-32.1,-39.2,-35.8, 49, 67, 0.39,249,43.5
2025-05-17 20:45:01,-97.1035,35.3420, 329.8, 8865,-32.1,-39.1,-35.6, 50, 69, 0.39,249,43.6
2025-05-17 20:45:02,-97.1030,35.3421, 329.7, 8869,-32.1,-39.1,-35.7, 50, 68, 0.39,249,43.7
2025-05-17 20:45:03,-97.1026,35.3422, 329.5, 8872,-32.0,-39.3,-35.9, 49, 66, 0.38,249,43.8
2025-05-17 20:45:04,-97.1022,35.3424, 329.4, 8874,-32.0,-39.4,-36.0, 48, 65, 0.38,249,43.8
2025-05-17 20:45:05,-97.1017,35.3426, 329.3, 8877,-32.0,-39.4,-35.9, 48, 66, 0.38,249,43.9
2025-05-17 20:45:06,-97.1012,35.3427, 329.1, 8881,-32.0,-39.2,-35.8, 49, 67, 0.39,249,44.0
2025-05-17 20:45:07,-97.1008,35.3428, 328.9, 8885,-32.0,-39.0,-35.6, 50, 68, 0.40,249,44.1
2025-05-17 20:45:08,-97.1003,35.3430, 328.7, 8890,-32.1,-38.9,-35.4, 51, 70, 0.40,249,44.2
2025-05-17 20:45:09,-97.0999,35.3431, 328.4, 8896,-32.1,-38.9,-35.5, 51, 70, 0.40,249,44.2
2025-05-17 20:45:10,-97.0994,35.3432, 328.1, 8902,-32.1,-39.0,-35.6, 50, 69, 0.40,249,44.3
2025-05-17 20:45:11,-97.0989,35.3434, 327.8, 8908,-32.1,-39.3,-35.8, 49, 67, 0.39,249,44.4
2025-05-17 20:45:12,-97.0985,35.3435, 327.6, 8913,-32.1,-39.4,-35.9, 48, 66, 0.39,249,44.4
2025-05-17 20:45:13,-97.0980,35.3437, 327.4, 8918,-32.0,-39.3,-35.8, 49, 66, 0.39,249,44.5
2025-05-17 20:45:14,-97.0976,35.3438, 327.2, 8921,-32.0,-39.2,-35.7, 49, 67, 0.39,249,44.6
2025-05-17 20:45:15,-97.0971,35.3439, 327.1, 8925,-32.0,-39.2,-35.7, 49, 67, 0.39,249,44.7
2025-05-17 20:45:16,-97.0966,35.3441, 326.9, 8928,-32.0,-39.2,-35.8, 49, 67, 0.39,249,44.7
2025-05-17 20:45:17,-97.0962,35.3442, 326.7, 8932,-32.0,-39.4,-35.9, 48, 66, 0.39,249,44.8
2025-05-17 20:45:18,-97.0957,35.3444, 326.5, 8937,-32.0,-39.6,-36.1, 47, 64, 0.38,249,44.9
2025-05-17 20:45:19,-97.0953,35.3445, 326.3, 8942,-32.0,-39.8,-36.3, 46, 63, 0.37,249,44.9
2025-05-17 20:45:20,-97.0948,35.3446, 326.1, 8946,-32.0,-39.9,-36.5, 45, 62, 0.36,249,45.0
2025-05-17 20:45:21,-97.0943,35.3448, 325.9, 8950,-32.1,-40.1,-36.6, 45, 62, 0.36,249,45.1
2025-05-17 20:45:22,-97.0939,35.3450, 325.7, 8954,-32.1,-40.1,-36.6, 45, 61, 0.36,249,45.2
2025-05-17 20:45:23,-97.0934,35.3451, 325.6, 8957,-32.1,-40.1,-36.6, 45, 61, 0.36,249,45.2
2025-05-17 20:45:24,-97.0929,35.3453, 325.4, 8961,-32.1,-40.1,-36.6, 45, 62, 0.36,249,45.3
2025-05-17 20:45:25,-97.0924,35.3454, 325.2, 8965,-32.2,-40.2,-36.7, 45, 62, 0.36,249,45.4
2025-05-17 20:45:26,-97.0920,35.3456, 325.0, 8970,-32.2,-40.4,-36.8, 44, 61, 0.35,249,45.5
2025-05-17 20:45:27,-97.0915,35.3457, 324.8, 8974,-32.2,-40.6,-37.1, 43, 59, 0.34,248,45.5
2025-05-17 20:45:28,-97.0911,35.3458, 324.5, 8980,-32.3,-40.9,-37.4, 42, 57, 0.33,248,45.6
2025-05-17 20:45:29,-97.0906,35.3460, 324.3, 8984,-32.3,-41.2,-37.6, 41, 56, 0.32,248,45.7
2025-05-17 20:45:30,-97.0902,35.3462, 324.1, 8989,-32.3,-41.3,-37.7, 40, 55, 0.32,248,45.8
2025-05-17 20:45:31,-97.0897,35.3463, 323.9, 8993,-32.3,-41.4,-37.8, 40, 55, 0.32,248,45.9
2025-05-17 20:45:32,-97.0892,35.3465, 323.7, 8997,-32.3,-41.4,-37.9, 40, 55, 0.31,248,46.0
2025-05-17 20:45:33,-97.0888,35.3466, 323.5, 9001,-32.4,-41.5,-37.9, 40, 55, 0.31,248,46.0
2025-05-17 20:45:34,-97.0883,35.3468, 323.3, 9006,-32.4,-41.4,-37.8, 40, 55, 0.32,248,46.1
2025-05-17 20:45:35,-97.0878,35.3469, 323.1, 9010,-32.4,-41.3,-37.7, 41, 56, 0.32,248,46.2
2025-05-17 20:45:36,-97.0873,35.3471, 323.0, 9014,-32.4,-41.0,-37.5, 42, 58, 0.33,248,46.3
2025-05-17 20:45:37,-97.0868,35.3473, 322.8, 9018,-32.4,-40.7,-37.1, 44, 60, 0.34,248,46.4
2025-05-17 20:45:38,-97.0864,35.3474, 322.6, 9022,-32.4,-40.3,-36.8, 45, 62, 0.35,248,46.5
2025-05-17 20:45:39,-97.0859,35.3475, 322.4, 9026,-32.4,-40.0,-36.5, 47, 64, 0.37,248,46.6
2025-05-17 20:45:40,-97.0855,35.3477, 322.2, 9030,-32.4,-39.6,-36.1, 49, 67, 0.38,247,46.7
2025-05-17 20:45:41,-97.0850,35.3479, 322.0, 9035,-32.4,-39.1,-35.7, 51, 70, 0.40,247,46.8
2025-05-17 20:45:42,-97.0846,35.3480, 321.8, 9039,-32.4,-38.8,-35.3, 53, 73, 0.42,247,46.9
2025-05-17 20:45:43,-97.0841,35.3482, 321.6, 9044,-32.4,-38.6,-35.2, 54, 75, 0.43,247,47.0
2025-05-17 20:45:44,-97.0836,35.3484, 321.4, 9048,-32.4,-38.5,-35.1, 55, 75, 0.43,247,47.1
2025-05-17 20:45:45,-97.0831,35.3486, 321.2, 9053,-32.4,-38.4,-35.0, 55, 75, 0.43,247,47.1
2025-05-17 20:45:46,-97.0826,35.3487, 321.0, 9057,-32.4,-38.4,-35.0, 55, 76, 0.44,247,47.2
2025-05-17 20:45:47,-97.0821,35.3489, 320.8, 9061,-32.4,-38.3,-34.9, 56, 77, 0.44,247,47.3
2025-05-17 20:45:48,-97.0816,35.3491, 320.6, 9065,-32.4,-38.2,-34.8, 57, 78, 0.44,247,47.4
2025-05-17 20:45:49,-97.0811,35.3493, 320.4, 9069,-32.5,-38.0,-34.7, 58, 79, 0.45,247,47.5
2025-05-17 20:45:50,-97.0806,35.3494, 320.2, 9073,-32.5,-37.9,-34.6, 58, 80, 0.46,247,47.5
2025-05-17 20:45:51,-97.0802,35.3496, 320.1, 9078,-32.5,-37.9,-34.5, 59, 81, 0.46,247,47.6
2025-05-17 20:45:52,-97.0797,35.3498, 319.9, 9081,-32.5,-37.8,-34.4, 59, 81, 0.46,247,47.6
2025-05-17 20:45:53,-97.0792,35.3499, 319.7, 9085,-32.5,-37.7,-34.4, 60, 82, 0.47,247,47.7
2025-05-17 20:45:54,-97.0787,35.3501, 319.5, 9089,-32.5,-37.7,-34.3, 60, 83, 0.47,246,47.7
2025-05-17 20:45:55,-97.0782,35.3503, 319.4, 9093,-32.5,-37.6,-34.3, 61, 83, 0.47,246,47.8
2025-05-17 20:45:56,-97.0778,35.3505, 319.2, 9097,-32.6,-37.6,-34.3, 61, 83, 0.47,246,47.8
2025-05-17 20:45:57,-97.0773,35.3506, 319.0, 9101,-32.6,-37.7,-34.3, 60, 83, 0.47,246,47.9
2025-05-17 20:45:58,-97.0768,35.3508, 318.8, 9105,-32.6,-37.8,-34.4, 60, 82, 0.46,246,47.9
2025-05-17 20:45:59,-97.0763,35.3510, 318.6, 9109,-32.6,-37.9,-34.5, 59, 82, 0.46,246,47.9
2025-05-17 20:46:00,-97.0758,35.3512, 318.4, 9114,-32.6,-37.9,-34.5, 59, 82, 0.46,246,47.9
2025-05-17 20:46:01,-97.0754,35.3514, 318.2, 9118,-32.7,-37.9,-34.5, 60, 82, 0.46,246,48.0
2025-05-17 20:46:02,-97.0749,35.3515, 318.0, 9122,-32.7,-37.8,-34.5, 60, 83, 0.46,246,48.0
2025-05-17 20:46:03,-97.0744,35.3517, 317.9, 9126,-32.7,-37.8,-34.4, 60, 83, 0.46,246,48.0
2025-05-17 20:46:04,-97.0739,35.3519, 317.7, 9130,-32.8,-37.8,-34.4, 61, 84, 0.47,246,48.0
2025-05-17 20:46:05,-97.0734,35.3520, 317.5, 9135,-32.8,-37.8,-34.4, 61, 84, 0.47,246,48.1
2025-05-17 20:46:06,-97.0730,35.3522, 317.3, 9139,-32.8,-37.8,-34.4, 61, 84, 0.47,246,48.1
2025-05-17 20:46:07,-97.0725,35.3524, 317.1, 9144,-32.9,-37.8,-34.4, 61, 85, 0.47,246,48.1
2025-05-17 20:46:08,-97.0720,35.3526, 316.9, 9148,-32.9,-37.8,-34.5, 62, 85, 0.47,246,48.1
2025-05-17 20:46:09,-97.0715,35.3528, 316.7, 9152,-33.0,-37.8,-34.4, 62, 86, 0.47,246,48.1
2025-05-17 20:46:10,-97.0710,35.3530, 316.5, 9156,-33.0,-37.8,-34.4, 63, 86, 0.47,246,48.2
2025-05-17 20:46:11,-97.0705,35.3531, 316.3, 9161,-33.1,-37.7,-34.4, 63, 87, 0.47,246,48.2
2025-05-17 20:46:12,-97.0700,35.3533, 316.1, 9165,-33.1,-37.8,-34.4, 63, 87, 0.47,246,48.2
2025-05-17 20:46:13,-97.0696,35.3535, 315.9, 9169,-33.1,-37.8,-34.4, 63, 87, 0.47,245,48.2
2025-05-17 20:46:14,-97.0691,35.3536, 315.7, 9174,-33.1,-37.8,-34.5, 63, 87, 0.47,245,48.3
2025-05-17 20:46:15,-97.0686,35.3538, 315.5, 9179,-33.2,-37.9,-34.5, 63, 87, 0.47,245,48.3
2025-05-17 20:46:16,-97.0682,35.3540, 315.3, 9184,-33.2,-37.9,-34.5, 63, 87, 0.47,245,48.3
2025-05-17 20:46:17,-97.0677,35.3542, 315.0, 9189,-33.3,-37.9,-34.5, 63, 88, 0.47,245,48.3
2025-05-17 20:46:18,-97.0671,35.3544, 314.8, 9194,-33.3,-37.9,-34.5, 64, 88, 0.47,245,48.4
2025-05-17 20:46:19,-97.0667,35.3546, 314.6, 9199,-33.4,-37.8,-34.5, 64, 89, 0.47,245,48.4
2025-05-17 20:46:20,-97.0662,35.3547, 314.3, 9205,-33.4,-37.8,-34.5, 64, 89, 0.47,245,48.5
2025-05-17 20:46:21,-97.0657,35.3549, 314.0, 9211,-33.4,-37.8,-34.5, 65, 90, 0.47,245,48.5
2025-05-17 20:46:22,-97.0653,35.3551, 313.8, 9217,-33.5,-37.9,-34.5, 65, 90, 0.47,245,48.5
2025-05-17 20:46:23,-97.0648,35.3553, 313.5, 9222,-33.5,-37.9,-34.5, 65, 90, 0.47,245,48.6
2025-05-17 20:46:24,-97.0643,35.3555, 313.3, 9227,-33.6,-37.9,-34.5, 65, 91, 0.47,245,48.6
2025-05-17 20:46:25,-97.0638,35.3557, 313.1, 9232,-33.6,-37.9,-34.5, 66, 91, 0.47,245,48.7
2025-05-17 20:46:26,-97.0633,35.3559, 312.9, 9237,-33.7,-37.9,-34.5, 66, 92, 0.47,245,48.7
2025-05-17 20:46:27,-97.0628,35.3561, 312.6, 9242,-33.7,-37.9,-34.5, 66, 92, 0.47,245,48.8
2025-05-17 20:46:28,-97.0623,35.3563, 312.4, 9248,-33.7,-37.9,-34.6, 66, 91, 0.47,245,48.8
2025-05-17 20:46:29,-97.0619,35.3565, 312.1, 9254,-33.8,-38.0,-34.6, 65, 91, 0.46,245,48.9
2025-05-17 20:46:30,-97.0614,35.3567, 311.9, 9260,-33.8,-38.1,-34.7, 65, 91, 0.46,245,49.0
2025-05-17 20:46:31,-97.0609,35.3569, 311.6, 9267,-33.8,-38.1,-34.7, 66, 92, 0.46,245,49.0
2025-05-17 20:46:32,-97.0604,35.3570, 311.3, 9273,-33.9,-38.0,-34.7, 66, 92, 0.46,245,49.1
2025-05-17 20:46:33,-97.0599,35.3572, 311.0, 9278,-34.0,-38.1,-34.7, 66, 93, 0.46,245,49.1
2025-05-17 20:46:34,-97.0595,35.3574, 310.8, 9284,-34.0,-38.1,-34.7, 67, 93, 0.46,245,49.2
2025-05-17 20:46:35,-97.0590,35.3575, 310.6, 9289,-34.1,-38.1,-34.7, 67, 93, 0.46,245,49.2
2025-05-17 20:46:36,-97.0585,35.3577, 310.3, 9294,-34.1,-38.1,-34.7, 67, 94, 0.46,245,49.3
2025-05-17 20:46:37,-97.0580,35.3579, 310.1, 9300,-34.2,-38.1,-34.7, 68, 94, 0.46,244,49.4
2025-05-17 20:46:38,-97.0575,35.3581, 309.9, 9305,-34.3,-38.2,-34.8, 68, 95, 0.46,244,49.4
2025-05-17 20:46:39,-97.0570,35.3583, 309.7, 9310,-34.3,-38.2,-34.8, 68, 95, 0.46,244,49.4
2025-05-17 20:46:40,-97.0564,35.3585, 309.5, 9314,-34.3,-38.2,-34.8, 68, 95, 0.46,244,49.5
2025-05-17 20:46:41,-97.0559,35.3588, 309.3, 9318,-34.3,-38.2,-34.8, 68, 95, 0.46,244,49.5
2025-05-17 20:46:42,-97.0554,35.3590, 309.1, 9323,-34.3,-38.3,-34.9, 67, 94, 0.45,244,49.5
2025-05-17 20:46:43,-97.0549,35.3591, 308.9, 9327,-34.4,-38.4,-35.0, 67, 93, 0.45,244,49.6
2025-05-17 20:46:44,-97.0544,35.3593, 308.7, 9332,-34.4,-38.5,-35.1, 67, 93, 0.45,244,49.6
2025-05-17 20:46:45,-97.0540,35.3595, 308.4, 9337,-34.5,-38.5,-35.1, 67, 94, 0.45,244,49.6
2025-05-17 20:46:46,-97.0535,35.3597, 308.2, 9343,-34.5,-38.4,-35.0, 68, 95, 0.45,244,49.6
2025-05-17 20:46:47,-97.0530,35.3600, 308.0, 9348,-34.6,-38.3,-34.9, 69, 96, 0.46,244,49.7
2025-05-17 20:46:48,-97.0525,35.3602, 307.8, 9352,-34.7,-38.2,-34.9, 70, 98, 0.46,244,49.7
2025-05-17 20:46:49,-97.0520,35.3604, 307.5, 9357,-34.7,-38.2,-34.8, 71, 99, 0.46,244,49.7
2025-05-17 20:46:50,-97.0515,35.3606, 307.3, 9363,-34.8,-38.2,-34.8, 71,100, 0.46,244,49.7
2025-05-17 20:46:51,-97.0510,35.3608, 307.1, 9368,-34.8,-38.2,-34.8, 71,100, 0.46,244,49.7
2025-05-17 20:46:52,-97.0505,35.3609, 306.8, 9373,-34.9,-38.2,-34.9, 71,100, 0.46,244,49.7
2025-05-17 20:46:53,-97.0500,35.3611, 306.6, 9378,-34.9,-38.2,-34.9, 71,100, 0.46,244,49.7
2025-05-17 20:46:54,-97.0496,35.3613, 306.4, 9383,-34.9,-38.3,-34.9, 71,100, 0.46,244,49.7
2025-05-17 20:46:55,-97.0491,35.3615, 306.2, 9388,-34.9,-38.4,-35.0, 71,100, 0.46,244,49.7
2025-05-17 20:46:56,-97.0487,35.3617, 306.0, 9393,-35.0,-38.5,-35.1, 70, 99, 0.45,244,49.7
2025-05-17 20:46:57,-97.0482,35.3619, 305.7, 9399,-35.0,-38.5,-35.1, 70, 99, 0.45,244,49.8
2025-05-17 20:46:58,-97.0477,35.3621, 305.4, 9406,-35.1,-38.5,-35.1, 71,100, 0.45,244,49.8
2025-05-17 20:46:59,-97.0472,35.3623, 305.1, 9413,-35.2,-38.5,-35.0, 72,102, 0.45,244,49.8
2025-05-17 20:47:00,-97.0467,35.3625, 304.7, 9422,-35.3,-38.4,-35.0, 73,104, 0.46,243,49.8
2025-05-17 20:47:01,-97.0462,35.3628, 304.4, 9430,-35.4,-38.3,-34.9, 74,105, 0.46,243,49.8
2025-05-17 20:47:02,-97.0457,35.3629, 304.1, 9437,-35.4,-38.3,-34.9, 75,105, 0.46,243,49.8
2025-05-17 20:47:03,-97.0452,35.3631, 303.8, 9442,-35.4,-38.4,-35.0, 74,105, 0.46,243,49.8
2025-05-17 20:47:04,-97.0447,35.3633, 303.6, 9447,-35.5,-38.5,-35.1, 74,104, 0.45,243,49.9
2025-05-17 20:47:05,-97.0442,35.3635, 303.4, 9451,-35.5,-38.6,-35.2, 73,103, 0.45,243,49.9
2025-05-17 20:47:06,-97.0437,35.3637, 303.3, 9455,-35.6,-38.7,-35.3, 73,103, 0.44,243,49.9
2025-05-17 20:47:07,-97.0432,35.3639, 303.1, 9459,-35.6,-38.8,-35.4, 72,102, 0.44,243,49.9
2025-05-17 20:47:08,-97.0427,35.3641, 302.9, 9463,-35.6,-38.9,-35.4, 72,102, 0.44,243,49.9
2025-05-17 20:47:09,-97.0422,35.3643, 302.7, 9468,-35.6,-38.9,-35.5, 72,102, 0.44,243,49.9
2025-05-17 20:47:10,-97.0418,35.3646, 302.5, 9472,-35.7,-38.9,-35.5, 72,102, 0.44,243,49.9
2025-05-17 20:47:11,-97.0413,35.3648, 302.3, 9477,-35.7,-38.8,-35.4, 73,103, 0.44,243,49.9
2025-05-17 20:47:12,-97.0408,35.3650, 302.1, 9481,-35.7,-38.8,-35.4, 74,104, 0.44,243,50.0
2025-05-17 20:47:13,-97.0403,35.3652, 301.9, 9485,-35.8,-38.7,-35.3, 75,106, 0.45,242,50.0
2025-05-17 20:47:14,-97.0398,35.3654, 301.8, 9490,-35.8,-38.6,-35.2, 75,107, 0.45,242,50.0
2025-05-17 20:47:15,-97.0393,35.3656, 301.6, 9494,-35.9,-38.6,-35.2, 76,108, 0.45,242,50.0
2025-05-17 20:47:16,-97.0388,35.3658, 301.3, 9499,-35.9,-38.6,-35.2, 77,109, 0.45,242,50.0
2025-05-17 20:47:17,-97.0384,35.3660, 301.1, 9504,-36.0,-38.5,-35.1, 77,110, 0.46,242,50.0
2025-05-17 20:47:18,-97.0379,35.3662, 300.9, 9509,-36.0,-38.5,-35.1, 78,110, 0.46,242,50.0
2025-05-17 20:47:19,-97.0374,35.3665, 300.7, 9513,-36.1,-38.5,-35.1, 78,111, 0.46,242,50.0
2025-05-17 20:47:20,-97.0369,35.3667, 300.5, 9518,-36.1,-38.5,-35.1, 78,111, 0.46,242,50.0
2025-05-17 20:47:21,-97.0364,35.3669, 300.3, 9523,-36.1,-38.6,-35.2, 78,111, 0.46,242,50.0
2025-05-17 20:47:22,-97.0361,35.3670, 300.1, 9527,-36.2,-38.6,-35.2, 78,112, 0.45,242,50.0
2025-05-17 20:47:22,-97.0359,35.3671, 300.0, 9530,-36.2,-38.6,-35.2, 79,112, 0.46,242,50.0
2025-05-17 20:47:23,-97.0354,35.3673, 299.9, 9532,-36.2,-38.6,-35.2, 79,112, 0.46,242,50.0
2025-05-17 20:47:24,-97.0350,35.3675, 299.7, 9536,-36.3,-38.5,-35.1, 80,114, 0.46,242,50.0
2025-05-17 20:47:25,-97.0345,35.3677, 299.5, 9541,-36.3,-38.5,-35.1, 81,115, 0.46,242,50.0
2025-05-17 20:47:26,-97.0340,35.3680, 299.3, 9545,-36.4,-38.4,-35.0, 81,116, 0.46,242,50.0
2025-05-17 20:47:27,-97.0335,35.3682, 299.2, 9550,-36.4,-38.3,-34.9, 82,117, 0.47,242,50.0
2025-05-17 20:47:28,-97.0330,35.3684, 299.0, 9554,-36.4,-38.3,-34.9, 83,119, 0.47,242,50.0
2025-05-17 20:47:29,-97.0326,35.3686, 298.8, 9559,-36.5,-38.2,-34.8, 84,120, 0.48,241,50.0
2025-05-17 20:47:30,-97.0321,35.3688, 298.6, 9563,-36.5,-38.1,-34.7, 85,122, 0.48,241,50.0
2025-05-17 20:47:31,-97.0316,35.3690, 298.4, 9568,-36.6,-38.0,-34.7, 86,123, 0.48,241,50.1
2025-05-17 20:47:32,-97.0311,35.3692, 298.2, 9573,-36.6,-38.0,-34.6, 87,124, 0.48,241,50.1
2025-05-17 20:47:33,-97.0306,35.3694, 298.0, 9577,-36.6,-38.0,-34.6, 87,124, 0.49,241,50.1
2025-05-17 20:47:34,-97.0301,35.3697, 297.8, 9582,-36.7,-38.1,-34.8, 86,123, 0.48,241,50.1
2025-05-17 20:47:35,-97.0297,35.3699, 297.6, 9587,-36.7,-38.5,-35.0, 83,119, 0.47,241,50.1
2025-05-17 20:47:36,-97.0292,35.3701, 297.4, 9591,-36.7,-38.9,-35.5, 80,114, 0.45,241,50.1
2025-05-17 20:47:37,-97.0287,35.3704, 297.2, 9595,-36.7,-39.3,-35.8, 77,110, 0.43,241,50.2
2025-05-17 20:47:38,-97.0282,35.3706, 297.0, 9599,-36.7,-39.5,-36.1, 75,107, 0.42,241,50.2
2025-05-17 20:47:39,-97.0278,35.3708, 296.8, 9604,-36.8,-39.6,-36.1, 75,107, 0.41,241,50.2
2025-05-17 20:47:40,-97.0273,35.3710, 296.6, 9608,-36.8,-39.6,-36.1, 75,108, 0.41,241,50.2
2025-05-17 20:47:41,-97.0268,35.3712, 296.4, 9613,-36.8,-39.7,-36.2, 75,108, 0.41,241,50.2
2025-05-17 20:47:42,-97.0263,35.3714, 296.2, 9618,-36.9,-39.7,-36.3, 75,107, 0.41,241,50.2
2025-05-17 20:47:43,-97.0258,35.3717, 296.0, 9622,-36.9,-40.0,-36.5, 73,105, 0.40,241,50.3
2025-05-17 20:47:44,-97.0253,35.3719, 295.9, 9627,-37.0,-40.3,-36.8, 71,102, 0.39,241,50.3
2025-05-17 20:47:45,-97.0249,35.3721, 295.7, 9631,-37.0,-40.7,-37.2, 68, 98, 0.37,241,50.3
2025-05-17 20:47:46,-97.0244,35.3723, 295.5, 9635,-37.0,-41.2,-37.7, 65, 93, 0.35,241,50.3
2025-05-17 20:47:47,-97.0239,35.3725, 295.3, 9640,-37.1,-41.7,-38.1, 62, 89, 0.34,241,50.3
2025-05-17 20:47:48,-97.0234,35.3728, 295.1, 9644,-37.1,-41.9,-38.3, 61, 87, 0.33,241,50.3
2025-05-17 20:47:49,-97.0229,35.3730, 294.9, 9649,-37.1,-41.8,-38.2, 62, 89, 0.33,241,50.4
2025-05-17 20:47:50,-97.0224,35.3732, 294.7, 9654,-37.2,-41.6,-38.0, 64, 92, 0.34,241,50.4
2025-05-17 20:47:51,-97.0220,35.3734, 294.5, 9659,-37.3,-41.5,-38.0, 64, 93, 0.34,241,50.4
2025-05-17 20:47:52,-97.0215,35.3737, 294.3, 9663,-37.3,-41.7,-38.1, 64, 92, 0.34,241,50.4
2025-05-17 20:47:53,-97.0210,35.3739, 294.1, 9668,-37.3,-41.8,-38.2, 63, 91, 0.33,241,50.4
2025-05-17 20:47:54,-97.0205,35.3741, 293.9, 9673,-37.3,-41.8,-38.2, 63, 91, 0.33,241,50.4
2025-05-17 20:47:55,-97.0200,35.3743, 293.7, 9678,-37.4,-41.8,-38.2, 63, 91, 0.33,241,50.4
2025-05-17 20:47:56,-97.0195,35.3745, 293.5, 9683,-37.4,-41.7,-38.1, 64, 92, 0.34,241,50.4
2025-05-17 20:47:57,-97.0191,35.3748, 293.3, 9687,-37.5,-41.7,-38.1, 65, 94, 0.34,241,50.4
2025-05-17 20:47:58,-97.0186,35.3750, 293.1, 9692,-37.5,-41.6,-38.0, 65, 94, 0.34,241,50.4
2025-05-17 20:47:59,-97.0181,35.3752, 292.9, 9696,-37.5,-41.6,-38.1, 65, 94, 0.34,240,50.4
2025-05-17 20:48:00,-97.0176,35.3754, 292.7, 9700,-37.5,-41.7,-38.1, 65, 94, 0.34,240,50.5
2025-05-17 20:48:01,-97.0171,35.3756, 292.5, 9704,-37.6,-41.8,-38.2, 65, 93, 0.33,240,50.5
2025-05-17 20:48:02,-97.0166,35.3758, 292.4, 9709,-37.6,-42.0,-38.3, 64, 92, 0.33,240,50.5
2025-05-17 20:48:03,-97.0161,35.3761, 292.2, 9713,-37.6,-42.1,-38.5, 63, 91, 0.32,240,50.5
2025-05-17 20:48:04,-97.0157,35.3763, 292.0, 9717,-37.6,-42.2,-38.6, 62, 90, 0.32,240,50.5
2025-05-17 20:48:05,-97.0152,35.3765, 291.8, 9721,-37.7,-42.2,-38.6, 62, 90, 0.32,240,50.5
2025-05-17 20:48:06,-97.0147,35.3768, 291.6, 9726,-37.7,-42.2,-38.6, 62, 90, 0.32,240,50.5
2025-05-17 20:48:07,-97.0142,35.3770, 291.4, 9730,-37.7,-42.2,-38.6, 63, 91, 0.32,240,50.5
2025-05-17 20:48:08,-97.0137,35.3773, 291.2, 9735,-37.7,-42.1,-38.5, 63, 92, 0.32,240,50.5
2025-05-17 20:48:09,-97.0133,35.3775, 291.0, 9740,-37.8,-42.1,-38.5, 64, 92, 0.32,240,50.6
2025-05-17 20:48:10,-97.0128,35.3777, 290.9, 9744,-37.8,-42.2,-38.6, 63, 91, 0.32,240,50.6
2025-05-17 20:48:11,-97.0123,35.3779, 290.7, 9749,-37.8,-42.3,-38.7, 63, 91, 0.32,240,50.6
2025-05-17 20:48:12,-97.0118,35.3782, 290.5, 9753,-37.8,-42.3,-38.7, 63, 91, 0.32,240,50.6
2025-05-17 20:48:13,-97.0114,35.3784, 290.3, 9758,-37.9,-42.3,-38.7, 63, 91, 0.32,240,50.7
2025-05-17 20:48:14,-97.0109,35.3786, 290.1, 9762,-37.9,-42.4,-38.8, 63, 91, 0.32,240,50.7
2025-05-17 20:48:15,-97.0104,35.3788, 289.9, 9766,-37.9,-42.5,-38.8, 62, 90, 0.31,240,50.7
2025-05-17 20:48:16,-97.0099,35.3790, 289.7, 9771,-37.9,-42.6,-39.0, 62, 89, 0.31,240,50.7
2025-05-17 20:48:17,-97.0094,35.3793, 289.6, 9775,-38.0,-42.7,-39.0, 61, 89, 0.31,240,50.8
2025-05-17 20:48:18,-97.0089,35.3795, 289.4, 9780,-38.0,-42.7,-39.1, 62, 89, 0.31,240,50.8
2025-05-17 20:48:19,-97.0085,35.3797, 289.2, 9784,-38.1,-42.7,-39.1, 62, 90, 0.31,240,50.8
2025-05-17 20:48:20,-97.0080,35.3800, 289.0, 9789,-38.1,-42.7,-39.1, 62, 90, 0.31,240,50.8
2025-05-17 20:48:21,-97.0075,35.3802, 288.8, 9794,-38.2,-42.7,-39.1, 62, 91, 0.31,240,50.9
2025-05-17 20:48:22,-97.0070,35.3805, 288.6, 9798,-38.2,-42.7,-39.1, 63, 91, 0.31,240,50.9
2025-05-17 20:48:23,-97.0066,35.3807, 288.4, 9803,-38.2,-42.8,-39.1, 63, 91, 0.31,240,50.9
2025-05-17 20:48:24,-97.0061,35.3809, 288.2, 9807,-38.3,-42.9,-39.2, 62, 90, 0.30,240,50.9
2025-05-17 20:48:25,-97.0056,35.3811, 288.0, 9812,-38.3,-43.0,-39.3, 61, 89, 0.30,239,50.9
2025-05-17 20:48:26,-97.0051,35.3814, 287.8, 9816,-38.3,-43.1,-39.5, 61, 88, 0.29,239,51.0
2025-05-17 20:48:27,-97.0046,35.3816, 287.7, 9820,-38.4,-43.3,-39.7, 59, 86, 0.29,239,51.0
2025-05-17 20:48:28,-97.0041,35.3819, 287.5, 9825,-38.4,-43.5,-39.8, 59, 85, 0.28,239,51.0
2025-05-17 20:48:29,-97.0036,35.3821, 287.3, 9829,-38.4,-43.6,-39.9, 58, 84, 0.28,239,51.0
2025-05-17 20:48:30,-97.0031,35.3823, 287.1, 9834,-38.4,-43.7,-40.0, 58, 84, 0.28,239,51.0
2025-05-17 20:48:31,-97.0027,35.3826, 286.9, 9839,-38.4,-43.7,-40.0, 58, 84, 0.28,239,51.0
2025-05-17 20:48:32,-97.0022,35.3828, 286.7, 9843,-38.5,-43.6,-39.9, 58, 85, 0.28,239,51.0
2025-05-17 20:48:33,-97.0017,35.3830, 286.5, 9848,-38.5,-43.6,-39.9, 59, 85, 0.28,239,50.9
2025-05-17 20:48:34,-97.0012,35.3833, 286.4, 9852,-38.5,-43.5,-39.9, 59, 86, 0.28,239,50.9
2025-05-17 20:48:35,-97.0007,35.3835, 286.2, 9856,-38.6,-43.5,-39.8, 60, 87, 0.29,239,50.9
2025-05-17 20:48:36,-97.0002,35.3837, 286.0, 9859,-38.6,-43.4,-39.7, 60, 88, 0.29,239,50.9
2025-05-17 20:48:37,-96.9997,35.3839, 285.9, 9864,-38.6,-43.4,-39.7, 61, 89, 0.29,239,50.9
2025-05-17 20:48:38,-96.9993,35.3842, 285.7, 9868,-38.7,-43.4,-39.7, 62, 90, 0.29,239,50.8
2025-05-17 20:48:39,-96.9988,35.3844, 285.5, 9873,-38.8,-43.3,-39.6, 62, 91, 0.29,239,50.8
2025-05-17 20:48:40,-96.9983,35.3847, 285.3, 9877,-38.8,-43.3,-39.6, 63, 92, 0.29,239,50.8
2025-05-17 20:48:41,-96.9978,35.3849, 285.1, 9882,-38.8,-43.2,-39.5, 63, 92, 0.30,239,50.8
2025-05-17 20:48:42,-96.9974,35.3852, 284.9, 9887,-38.8,-43.1,-39.5, 64, 93, 0.30,239,50.7
2025-05-17 20:48:43,-96.9969,35.3854, 284.7, 9892,-38.8,-43.1,-39.5, 64, 93, 0.30,239,50.7
2025-05-17 20:48:44,-96.9964,35.3856, 284.5, 9896,-38.8,-43.2,-39.5, 64, 93, 0.30,239,50.7
2025-05-17 20:48:45,-96.9959,35.3859, 284.3, 9901,-38.9,-43.2,-39.6, 63, 93, 0.30,239,50.6
2025-05-17 20:48:46,-96.9955,35.3861, 284.1, 9905,-38.9,-43.3,-39.6, 63, 93, 0.29,239,50.6
2025-05-17 20:48:47,-96.9950,35.3863, 284.0, 9909,-39.0,-43.3,-39.7, 63, 93, 0.29,239,50.6
2025-05-17 20:48:48,-96.9946,35.3866, 283.8, 9913,-39.0,-43.4,-39.7, 64, 93, 0.29,239,50.6
2025-05-17 20:48:49,-96.9941,35.3868, 283.6, 9917,-39.1,-43.4,-39.7, 64, 93, 0.29,239,50.5
2025-05-17 20:48:50,-96.9936,35.3871, 283.4, 9922,-39.1,-43.4,-39.7, 64, 93, 0.29,239,50.5
2025-05-17 20:48:51,-96.9931,35.3873, 283.2, 9926,-39.1,-43.4,-39.8, 64, 93, 0.29,239,50.5
2025-05-17 20:48:52,-96.9927,35.3875, 283.1, 9931,-39.2,-43.4,-39.8, 64, 94, 0.29,239,50.5
2025-05-17 20:48:53,-96.9922,35.3878, 282.9, 9936,-39.2,-43.4,-39.7, 64, 94, 0.29,239,50.5
2025-05-17 20:48:54,-96.9917,35.3880, 282.7, 9941,-39.2,-43.4,-39.8, 64, 94, 0.29,239,50.4
2025-05-17 20:48:55,-96.9913,35.3882, 282.5, 9945,-39.3,-43.5,-39.8, 64, 94, 0.29,239,50.4
2025-05-17 20:48:56,-96.9908,35.3885, 282.3, 9949,-39.3,-43.7,-40.0, 63, 93, 0.28,239,50.4
2025-05-17 20:48:57,-96.9903,35.3887, 282.1, 9954,-39.4,-43.9,-40.2, 62, 91, 0.28,239,50.4
2025-05-17 20:48:58,-96.9898,35.3890, 281.9, 9959,-39.4,-44.1,-40.3, 61, 90, 0.27,239,50.4
2025-05-17 20:48:59,-96.9893,35.3892, 281.7, 9964,-39.4,-44.1,-40.4, 61, 89, 0.27,239,50.4
2025-05-17 20:49:00,-96.9888,35.3894, 281.5, 9969,-39.5,-44.2,-40.4, 61, 90, 0.27,238,50.4
2025-05-17 20:49:01,-96.9884,35.3896, 281.3, 9973,-39.5,-44.2,-40.5, 61, 90, 0.27,238,50.4
2025-05-17 20:49:02,-96.9879,35.3899, 281.1, 9978,-39.6,-44.2,-40.5, 61, 90, 0.27,238,50.4
2025-05-17 20:49:03,-96.9874,35.3901, 280.9, 9982,-39.6,-44.3,-40.5, 61, 90, 0.27,238,50.4
2025-05-17 20:49:04,-96.9870,35.3903, 280.8, 9987,-39.7,-44.3,-40.6, 61, 90, 0.27,238,50.4
2025-05-17 20:49:05,-96.9865,35.3906, 280.6, 9992,-39.7,-44.3,-40.6, 61, 90, 0.27,238,50.4
2025-05-17 20:49:06,-96.9860,35.3908, 280.4, 9996,-39.7,-44.4,-40.6, 61, 90, 0.26,238,50.4
2025-05-17 20:49:07,-96.9855,35.3911, 280.2,10001,-39.8,-44.4,-40.7, 61, 91, 0.26,238,50.4
2025-05-17 20:49:08,-96.9851,35.3913, 280.0,10005,-39.8,-44.4,-40.7, 62, 91, 0.26,238,50.4
2025-05-17 20:49:09,-96.9846,35.3915, 279.8,10010,-39.9,-44.4,-40.7, 62, 91, 0.26,238,50.3
2025-05-17 20:49:10,-96.9842,35.3918, 279.6,10014,-39.9,-44.4,-40.7, 62, 91, 0.26,238,50.3
2025-05-17 20:49:11,-96.9837,35.3920, 279.4,10019,-39.9,-44.5,-40.7, 62, 91, 0.26,238,50.3
2025-05-17 20:49:12,-96.9832,35.3923, 279.3,10024,-40.0,-44.5,-40.8, 62, 91, 0.26,238,50.3
2025-05-17 20:49:13,-96.9828,35.3925, 279.1,10028,-40.0,-44.6,-40.8, 62, 92, 0.26,238,50.3
2025-05-17 20:49:14,-96.9823,35.3928, 278.9,10033,-40.1,-44.6,-40.8, 62, 92, 0.26,238,50.3
2025-05-17 20:49:15,-96.9818,35.3930, 278.7,10037,-40.1,-44.6,-40.8, 63, 92, 0.26,238,50.4
2025-05-17 20:49:16,-96.9813,35.3932, 278.5,10042,-40.1,-44.5,-40.8, 63, 93, 0.26,238,50.4
2025-05-17 20:49:17,-96.9809,35.3935, 278.3,10047,-40.2,-44.6,-40.8, 63, 93, 0.26,238,50.4
2025-05-17 20:49:18,-96.9804,35.3937, 278.1,10052,-40.2,-44.6,-40.8, 63, 93, 0.26,238,50.4
2025-05-17 20:49:19,-96.9800,35.3940, 277.9,10056,-40.2,-44.5,-40.8, 64, 94, 0.26,238,50.4
2025-05-17 20:49:20,-96.9795,35.3942, 277.7,10061,-40.3,-44.5,-40.7, 64, 95, 0.27,238,50.4
2025-05-17 20:49:21,-96.9790,35.3944, 277.5,10065,-40.3,-44.4,-40.6, 65, 96, 0.27,238,50.4
2025-05-17 20:49:22,-96.9785,35.3947, 277.4,10070,-40.4,-44.3,-40.6, 66, 98, 0.27,238,50.4
2025-05-17 20:49:23,-96.9781,35.3949, 277.2,10075,-40.4,-44.3,-40.6, 66, 98, 0.27,238,50.4
2025-05-17 20:49:24,-96.9776,35.3951, 277.0,10079,-40.4,-44.3,-40.6, 66, 98, 0.27,238,50.4
2025-05-17 20:49:25,-96.9771,35.3954, 276.8,10084,-40.5,-44.4,-40.7, 66, 98, 0.27,238,50.4
2025-05-17 20:49:26,-96.9767,35.3956, 276.6,10088,-40.5,-44.5,-40.7, 66, 97, 0.27,238,50.4
2025-05-17 20:49:27,-96.9762,35.3959, 276.4,10093,-40.5,-44.5,-40.8, 65, 97, 0.26,238,50.4
2025-05-17 20:49:28,-96.9757,35.3962, 276.2,10098,-40.5,-44.5,-40.8, 65, 97, 0.26,238,50.5
2025-05-17 20:49:29,-96.9752,35.3964, 276.0,10102,-40.6,-44.5,-40.8, 66, 98, 0.27,238,50.5
2025-05-17 20:49:30,-96.9748,35.3966, 275.9,10107,-40.6,-44.5,-40.8, 66, 99, 0.27,238,50.5
2025-05-17 20:49:31,-96.9743,35.3968, 275.7,10111,-40.7,-44.5,-40.8, 67, 99, 0.27,238,50.5
2025-05-17 20:49:32,-96.9738,35.3971, 275.5,10116,-40.7,-44.5,-40.8, 67,100, 0.27,238,50.5
2025-05-17 20:49:33,-96.9734,35.3973, 275.3,10120,-40.8,-44.5,-40.7, 67,100, 0.27,238,50.5
2025-05-17 20:49:34,-96.9729,35.3975, 275.1,10125,-40.8,-44.5,-40.7, 68,101, 0.27,238,50.6
2025-05-17 20:49:35,-96.9724,35.3978, 275.0,10129,-40.9,-44.5,-40.7, 68,101, 0.27,238,50.6
2025-05-17 20:49:36,-96.9720,35.3981, 274.8,10134,-40.9,-44.5,-40.8, 68,101, 0.27,238,50.6
2025-05-17 20:49:37,-96.9715,35.3983, 274.6,10138,-40.9,-44.5,-40.8, 68,102, 0.27,238,50.6
2025-05-17 20:49:38,-96.9710,35.3986, 274.4,10142,-40.9,-44.5,-40.8, 68,102, 0.27,238,50.6
2025-05-17 20:49:39,-96.9705,35.3988, 274.3,10146,-41.0,-44.6,-40.8, 68,102, 0.27,238,50.6
2025-05-17 20:49:40,-96.9701,35.3990, 274.1,10151,-41.0,-44.6,-40.9, 68,102, 0.26,238,50.7
2025-05-17 20:49:41,-96.9696,35.3992, 273.9,10155,-41.1,-44.7,-40.9, 68,102, 0.26,238,50.7
2025-05-17 20:49:42,-96.9691,35.3995, 273.7,10160,-41.2,-44.7,-40.9, 69,103, 0.26,238,50.7
2025-05-17 20:49:43,-96.9686,35.3997, 273.5,10165,-41.2,-44.7,-40.9, 69,104, 0.26,238,50.7
2025-05-17 20:49:44,-96.9682,35.4000, 273.3,10170,-41.3,-44.7,-40.9, 70,105, 0.26,238,50.7
2025-05-17 20:49:45,-96.9677,35.4002, 273.1,10175,-41.3,-44.7,-40.9, 70,105, 0.26,238,50.8
2025-05-17 20:49:46,-96.9672,35.4005, 272.9,10180,-41.4,-44.7,-40.9, 70,105, 0.26,238,50.8
2025-05-17 20:49:47,-96.9668,35.4007, 272.7,10184,-41.4,-44.7,-41.0, 70,105, 0.26,238,50.8
2025-05-17 20:49:48,-96.9663,35.4010, 272.6,10189,-41.4,-44.8,-41.1, 70,104, 0.26,238,50.8
2025-05-17 20:49:49,-96.9658,35.4012, 272.4,10193,-41.5,-44.9,-41.2, 69,104, 0.26,238,50.8
2025-05-17 20:49:50,-96.9653,35.4014, 272.2,10198,-41.5,-45.0,-41.3, 69,103, 0.25,238,50.8
2025-05-17 20:49:51,-96.9648,35.4017, 272.0,10202,-41.5,-45.2,-41.4, 68,102, 0.25,238,50.9
2025-05-17 20:49:52,-96.9644,35.4019, 271.9,10206,-41.6,-45.3,-41.5, 67,101, 0.25,238,50.9
2025-05-17 20:49:53,-96.9639,35.4022, 271.7,10211,-41.6,-45.4,-41.6, 67,100, 0.25,238,50.9
2025-05-17 20:49:54,-96.9635,35.4024, 271.5,10215,-41.7,-45.4,-41.6, 67,101, 0.24,238,50.9
2025-05-17 20:49:55,-96.9630,35.4027, 271.3,10220,-41.7,-45.4,-41.6, 67,101, 0.25,238,50.9
2025-05-17 20:49:56,-96.9625,35.4029, 271.1,10225,-41.8,-45.4,-41.6, 68,102, 0.25,238,50.9
2025-05-17 20:49:57,-96.9620,35.4032, 270.9,10230,-41.8,-45.3,-41.5, 69,103, 0.25,238,50.9
2025-05-17 20:49:58,-96.9616,35.4034, 270.7,10234,-41.9,-45.3,-41.5, 69,104, 0.25,238,50.9
2025-05-17 20:49:59,-96.9611,35.4037, 270.6,10238,-41.9,-45.3,-41.5, 69,104, 0.25,238,50.9
2025-05-17 20:50:00,-96.9606,35.4039, 270.4,10243,-41.9,-45.3,-41.5, 70,105, 0.25,238,50.9
2025-05-17 20:50:01,-96.9601,35.4042, 270.2,10247,-42.0,-45.4,-41.6, 70,105, 0.25,238,50.9
2025-05-17 20:50:02,-96.9597,35.4044, 270.0,10252,-42.0,-45.4,-41.6, 70,105, 0.25,238,50.9
2025-05-17 20:50:03,-96.9592,35.4047, 269.9,10256,-42.1,-45.4,-41.6, 70,105, 0.25,238,50.9
2025-05-17 20:50:04,-96.9587,35.4049, 269.7,10261,-42.1,-45.5,-41.7, 70,106, 0.25,238,50.9
2025-05-17 20:50:05,-96.9583,35.4052, 269.5,10266,-42.1,-45.5,-41.7, 70,106, 0.25,238,50.8
2025-05-17 20:50:06,-96.9578,35.4054, 269.3,10270,-42.2,-45.4,-41.7, 70,106, 0.25,238,50.8
2025-05-17 20:50:07,-96.9573,35.4056, 269.1,10274,-42.2,-45.5,-41.7, 70,106, 0.25,238,50.8
2025-05-17 20:50:08,-96.9568,35.4059, 268.9,10279,-42.2,-45.5,-41.7, 70,106, 0.24,238,50.8
2025-05-17 20:50:09,-96.9564,35.4061, 268.8,10284,-42.3,-45.6,-41.8, 70,106, 0.24,238,50.7
2025-05-17 20:50:10,-96.9559,35.4064, 268.6,10289,-42.4,-45.6,-41.8, 71,107, 0.24,238,50.7
2025-05-17 20:50:11,-96.9554,35.4066, 268.4,10294,-42.4,-45.6,-41.8, 71,108, 0.24,238,50.7
2025-05-17 20:50:12,-96.9550,35.4069, 268.2,10299,-42.4,-45.5,-41.7, 72,108, 0.24,238,50.6
2025-05-17 20:50:13,-96.9545,35.4071, 268.0,10304,-42.4,-45.5,-41.7, 72,109, 0.25,239,50.6
2025-05-17 20:50:14,-96.9540,35.4074, 267.7,10309,-42.5,-45.5,-41.7, 72,109, 0.25,239,50.6
2025-05-17 20:50:15,-96.9535,35.4076, 267.5,10315,-42.6,-45.5,-41.7, 73,110, 0.24,239,50.5
2025-05-17 20:50:16,-96.9530,35.4078, 267.3,10321,-42.7,-45.6,-41.8, 73,110, 0.24,239,50.5
2025-05-17 20:50:17,-96.9525,35.4081, 267.1,10326,-42.8,-45.7,-41.9, 73,111, 0.24,239,50.4
2025-05-17 20:50:18,-96.9521,35.4083, 266.9,10332,-42.8,-45.7,-41.9, 73,111, 0.24,239,50.4
2025-05-17 20:50:19,-96.9516,35.4085, 266.6,10337,-42.8,-45.8,-42.0, 73,111, 0.24,239,50.4
2025-05-17 20:50:20,-96.9511,35.4087, 266.5,10342,-42.9,-45.9,-42.1, 72,110, 0.24,239,50.3
2025-05-17 20:50:21,-96.9506,35.4090, 266.3,10347,-42.9,-46.0,-42.1, 72,109, 0.24,239,50.3
2025-05-17 20:50:22,-96.9502,35.4092, 266.0,10352,-43.0,-46.0,-42.2, 72,109, 0.23,239,50.3
2025-05-17 20:50:23,-96.9497,35.4094, 265.8,10358,-43.0,-46.1,-42.2, 72,109, 0.23,240,50.2
2025-05-17 20:50:24,-96.9492,35.4096, 265.6,10364,-43.1,-46.0,-42.2, 72,110, 0.23,240,50.2
2025-05-17 20:50:25,-96.9488,35.4098, 265.4,10369,-43.1,-46.0,-42.1, 73,112, 0.24,240,50.2
2025-05-17 20:50:26,-96.9483,35.4100, 265.2,10374,-43.1,-45.9,-42.0, 74,113, 0.24,240,50.1
2025-05-17 20:50:27,-96.9478,35.4102, 265.0,10379,-43.1,-45.8,-41.9, 75,115, 0.24,240,50.1
2025-05-17 20:50:28,-96.9473,35.4105, 264.8,10383,-43.1,-45.7,-41.9, 76,115, 0.24,240,50.1
2025-05-17 20:50:29,-96.9468,35.4107, 264.6,10388,-43.1,-45.7,-41.9, 76,116, 0.24,240,50.1
2025-05-17 20:50:30,-96.9464,35.4109, 264.5,10393,-43.2,-45.7,-41.9, 76,116, 0.24,240,50.0
2025-05-17 20:50:31,-96.9459,35.4112, 264.3,10398,-43.2,-45.7,-41.9, 76,116, 0.24,240,50.0
2025-05-17 20:50:32,-96.9454,35.4114, 264.1,10402,-43.3,-45.7,-41.9, 77,117, 0.24,240,50.0
2025-05-17 20:50:33,-96.9449,35.4116, 263.9,10407,-43.4,-45.7,-41.9, 78,119, 0.24,240,50.0
2025-05-17 20:50:34,-96.9445,35.4118, 263.7,10412,-43.4,-45.6,-41.8, 79,121, 0.25,240,50.0
2025-05-17 20:50:35,-96.9440,35.4120, 263.5,10418,-43.5,-45.6,-41.8, 80,122, 0.25,240,49.9
2025-05-17 20:50:36,-96.9435,35.4123, 263.2,10424,-43.5,-45.5,-41.7, 80,123, 0.25,240,49.9
2025-05-17 20:50:37,-96.9430,35.4125, 263.0,10430,-43.6,-45.5,-41.7, 81,124, 0.25,240,49.9
2025-05-17 20:50:38,-96.9425,35.4127, 262.7,10436,-43.6,-45.5,-41.7, 81,125, 0.25,240,49.9
2025-05-17 20:50:39,-96.9421,35.4130, 262.5,10443,-43.6,-45.5,-41.7, 82,125, 0.25,240,49.9
2025-05-17 20:50:40,-96.9416,35.4132, 262.2,10449,-43.7,-45.6,-41.8, 82,125, 0.25,240,49.9
2025-05-17 20:50:41,-96.9411,35.4134, 262.0,10455,-43.7,-45.7,-41.9, 81,124, 0.25,240,49.9
2025-05-17 20:50:42,-96.9407,35.4136, 261.8,10461,-43.8,-45.8,-42.0, 80,122, 0.24,240,49.9
2025-05-17 20:50:43,-96.9402,35.4138, 261.6,10465,-43.8,-46.0,-42.2, 79,120, 0.24,240,49.9
2025-05-17 20:50:44,-96.9397,35.4141, 261.4,10470,-43.9,-46.2,-42.4, 77,119, 0.23,240,49.9
2025-05-17 20:50:45,-96.9392,35.4143, 261.3,10474,-43.9,-46.4,-42.5, 77,118, 0.23,240,49.9
2025-05-17 20:50:46,-96.9387,35.4145, 261.1,10479,-43.9,-46.5,-42.7, 76,116, 0.23,241,49.9
2025-05-17 20:50:47,-96.9383,35.4147, 260.9,10483,-44.0,-46.7,-42.9, 74,114, 0.22,241,49.9
2025-05-17 20:50:48,-96.9378,35.4149, 260.7,10488,-44.0,-46.9,-43.1, 72,111, 0.22,241,49.9
2025-05-17 20:50:49,-96.9373,35.4152, 260.5,10493,-44.0,-47.2,-43.3, 70,108, 0.21,241,49.9
2025-05-17 20:50:50,-96.9369,35.4154, 260.4,10497,-44.0,-47.5,-43.6, 69,105, 0.20,241,49.9
2025-05-17 20:50:51,-96.9364,35.4156, 260.2,10502,-44.1,-47.6,-43.7, 68,104, 0.20,241,49.9
2025-05-17 20:50:52,-96.9359,35.4158, 260.0,10507,-44.1,-47.7,-43.8, 67,104, 0.20,241,49.9
2025-05-17 20:50:53,-96.9355,35.4160, 259.8,10512,-44.2,-47.7,-43.8, 68,104, 0.20,241,49.9
2025-05-17 20:50:54,-96.9350,35.4162, 259.6,10517,-44.2,-47.7,-43.8, 68,105, 0.20,241,49.9
2025-05-17 20:50:55,-96.9345,35.4164, 259.4,10522,-44.3,-47.7,-43.8, 69,106, 0.20,241,50.0
2025-05-17 20:50:56,-96.9340,35.4167, 259.2,10527,-44.4,-47.7,-43.8, 69,107, 0.20,241,50.0
2025-05-17 20:50:57,-96.9335,35.4169, 259.0,10532,-44.4,-47.7,-43.8, 69,107, 0.20,241,50.0
2025-05-17 20:50:58,-96.9330,35.4171, 258.8,10537,-44.4,-47.8,-43.9, 69,107, 0.20,241,50.0
2025-05-17 20:50:59,-96.9326,35.4174, 258.7,10541,-44.5,-47.9,-44.0, 69,106, 0.20,241,50.0
2025-05-17 20:51:00,-96.9321,35.4176, 258.5,10546,-44.5,-47.9,-44.0, 68,106, 0.19,241,50.0
2025-05-17 20:51:01,-96.9316,35.4178, 258.3,10550,-44.5,-48.1,-44.2, 67,104, 0.19,241,50.0
2025-05-17 20:51:02,-96.9311,35.4180, 258.1,10555,-44.6,-48.4,-44.4, 66,102, 0.19,241,50.0
2025-05-17 20:51:03,-96.9306,35.4182, 258.0,10559,-44.6,-48.7,-44.7, 64, 99, 0.18,241,50.1
2025-05-17 20:51:04,-96.9301,35.4184, 257.8,10563,-44.7,-49.0,-45.0, 62, 96, 0.17,241,50.1
2025-05-17 20:51:05,-96.9296,35.4187, 257.6,10568,-44.7,-49.2,-45.2, 61, 94, 0.17,241,50.1
2025-05-17 20:51:06,-96.9292,35.4189, 257.5,10572,-44.7,-49.3,-45.3, 60, 93, 0.17,241,50.1
2025-05-17 20:51:07,-96.9287,35.4191, 257.3,10577,-44.8,-49.2,-45.2, 61, 95, 0.17,241,50.1
2025-05-17 20:51:08,-96.9282,35.4193, 257.1,10581,-44.8,-49.1,-45.1, 63, 97, 0.17,241,50.1
2025-05-17 20:51:09,-96.9277,35.4195, 257.0,10585,-44.9,-48.9,-45.0, 64, 99, 0.18,241,50.1
2025-05-17 20:51:10,-96.9272,35.4198, 256.8,10590,-44.9,-48.8,-44.9, 65,100, 0.18,241,50.1
2025-05-17 20:51:11,-96.9267,35.4200, 256.6,10595,-45.0,-48.8,-44.8, 65,102, 0.18,241,50.1
2025-05-17 20:51:12,-96.9263,35.4202, 256.4,10600,-45.0,-48.8,-44.8, 66,102, 0.18,241,50.1
2025-05-17 20:51:13,-96.9258,35.4204, 256.2,10604,-45.0,-48.8,-44.8, 66,102, 0.18,241,50.1
2025-05-17 20:51:14,-96.9253,35.4206, 256.1,10608,-45.1,-48.8,-44.9, 66,103, 0.18,241,50.2
2025-05-17 20:51:15,-96.9248,35.4209, 255.9,10613,-45.1,-48.8,-44.9, 66,103, 0.18,241,50.2
2025-05-17 20:51:16,-96.9243,35.4211, 255.7,10617,-45.1,-48.9,-44.9, 66,103, 0.18,241,50.2
2025-05-17 20:51:17,-96.9239,35.4213, 255.6,10622,-45.2,-48.9,-45.0, 66,103, 0.18,241,50.2
2025-05-17 20:51:18,-96.9234,35.4215, 255.4,10627,-45.2,-49.0,-45.0, 66,102, 0.17,241,50.2
2025-05-17 20:51:19,-96.9229,35.4217, 255.2,10631,-45.3,-49.1,-45.1, 66,102, 0.17,241,50.2
2025-05-17 20:51:20,-96.9224,35.4219, 255.0,10636,-45.3,-49.1,-45.1, 66,102, 0.17,241,50.2
2025-05-17 20:51:21,-96.9219,35.4221, 254.9,10640,-45.4,-49.1,-45.2, 66,102, 0.17,241,50.2
2025-05-17 20:51:22,-96.9215,35.4223, 254.7,10645,-45.4,-49.2,-45.2, 66,103, 0.17,241,50.3
2025-05-17 20:51:23,-96.9210,35.4226, 254.5,10650,-45.4,-49.2,-45.2, 66,103, 0.17,242,50.3
2025-05-17 20:51:24,-96.9205,35.4228, 254.3,10655,-45.5,-49.2,-45.2, 66,103, 0.17,242,50.3
2025-05-17 20:51:25,-96.9200,35.4230, 254.1,10660,-45.5,-49.2,-45.3, 66,103, 0.17,242,50.3
2025-05-17 20:51:26,-96.9195,35.4232, 253.9,10665,-45.6,-49.2,-45.2, 67,104, 0.17,242,50.3
2025-05-17 20:51:27,-96.9190,35.4234, 253.7,10670,-45.6,-49.2,-45.2, 67,105, 0.17,242,50.4
2025-05-17 20:51:28,-96.9185,35.4236, 253.6,10674,-45.7,-49.2,-45.2, 68,106, 0.17,242,50.4
2025-05-17 20:51:29,-96.9180,35.4239, 253.4,10679,-45.8,-49.2,-45.2, 68,107, 0.17,242,50.4
2025-05-17 20:51:30,-96.9175,35.4241, 253.2,10684,-45.8,-49.1,-45.2, 69,108, 0.17,242,50.4
2025-05-17 20:51:31,-96.9171,35.4243, 253.0,10689,-45.8,-49.1,-45.1, 70,109, 0.17,242,50.4
2025-05-17 20:51:32,-96.9166,35.4245, 252.8,10693,-45.9,-49.0,-45.1, 70,110, 0.18,242,50.5
2025-05-17 20:51:33,-96.9161,35.4247, 252.6,10698,-45.9,-49.0,-45.1, 71,110, 0.18,242,50.5
2025-05-17 20:51:34,-96.9156,35.4249, 252.5,10703,-46.0,-49.0,-45.1, 71,111, 0.18,242,50.5
2025-05-17 20:51:35,-96.9151,35.4252, 252.3,10707,-46.0,-49.0,-45.1, 71,112, 0.18,242,50.5
2025-05-17 20:51:36,-96.9146,35.4254, 252.1,10712,-46.1,-49.0,-45.1, 72,113, 0.18,242,50.6
2025-05-17 20:51:37,-96.9141,35.4256, 252.0,10716,-46.1,-49.0,-45.1, 72,113, 0.18,242,50.6
2025-05-17 20:51:38,-96.9136,35.4258, 251.8,10721,-46.1,-49.0,-45.1, 73,114, 0.18,242,50.6
2025-05-17 20:51:39,-96.9132,35.4260, 251.6,10725,-46.2,-49.0,-45.0, 73,115, 0.18,242,50.6
2025-05-17 20:51:40,-96.9127,35.4262, 251.5,10730,-46.2,-49.0,-45.0, 74,116, 0.18,242,50.6
2025-05-17 20:51:41,-96.9122,35.4265, 251.3,10734,-46.3,-49.0,-45.0, 74,117, 0.18,242,50.6
2025-05-17 20:51:42,-96.9117,35.4267, 251.1,10739,-46.3,-48.9,-45.0, 75,118, 0.18,242,50.6
2025-05-17 20:51:43,-96.9112,35.4269, 250.9,10743,-46.4,-48.9,-44.9, 76,119, 0.18,242,50.7
2025-05-17 20:51:44,-96.9107,35.4271, 250.8,10748,-46.4,-48.8,-44.9, 76,120, 0.18,242,50.7
2025-05-17 20:51:45,-96.9102,35.4273, 250.6,10753,-46.4,-48.8,-44.8, 77,121, 0.18,242,50.7
2025-05-17 20:51:46,-96.9097,35.4275, 250.4,10757,-46.5,-48.7,-44.8, 78,122, 0.18,242,50.7
2025-05-17 20:51:47,-96.9091,35.4278, 250.2,10762,-46.5,-48.7,-44.8, 78,123, 0.18,242,50.7
2025-05-17 20:51:48,-96.9087,35.4279, 250.0,10768,-46.6,-48.7,-44.8, 79,124, 0.18,242,50.7
2025-05-17 20:51:49,-96.9082,35.4282, 249.8,10772,-46.6,-48.7,-44.8, 79,124, 0.18,242,50.7
2025-05-17 20:51:50,-96.9077,35.4284, 249.7,10777,-46.6,-48.7,-44.8, 79,125, 0.18,242,50.7
2025-05-17 20:51:51,-96.9072,35.4286, 249.5,10781,-46.7,-48.7,-44.8, 80,126, 0.18,242,50.8
2025-05-17 20:51:52,-96.9067,35.4288, 249.3,10786,-46.7,-48.7,-44.8, 80,126, 0.18,242,50.8
2025-05-17 20:51:53,-96.9062,35.4290, 249.2,10790,-46.8,-48.7,-44.8, 81,127, 0.19,242,50.8
2025-05-17 20:51:54,-96.9057,35.4292, 249.0,10795,-46.8,-48.7,-44.7, 81,128, 0.19,242,50.8
2025-05-17 20:51:55,-96.9053,35.4295, 248.8,10800,-46.8,-48.7,-44.7, 81,129, 0.19,242,50.8
2025-05-17 20:51:56,-96.9048,35.4297, 248.6,10805,-46.9,-48.7,-44.7, 82,129, 0.19,242,50.8
2025-05-17 20:51:57,-96.9043,35.4299, 248.4,10810,-46.9,-48.7,-44.7, 82,130, 0.19,242,50.9
2025-05-17 20:51:58,-96.9038,35.4301, 248.3,10815,-47.0,-48.7,-44.7, 83,131, 0.19,242,50.9
2025-05-17 20:51:59,-96.9033,35.4303, 248.1,10820,-47.0,-48.7,-44.8, 83,131, 0.19,242,50.9
2025-05-17 20:52:00,-96.9028,35.4305, 247.9,10824,-47.0,-48.8,-44.8, 83,131, 0.19,242,50.9
2025-05-17 20:52:01,-96.9023,35.4308, 247.7,10829,-47.1,-48.8,-44.9, 82,130, 0.18,242,51.0
2025-05-17 20:52:02,-96.9018,35.4310, 247.5,10834,-47.1,-48.9,-44.9, 82,130, 0.18,242,51.0
2025-05-17 20:52:03,-96.9014,35.4312, 247.3,10839,-47.2,-49.0,-45.0, 82,129, 0.18,242,51.0
2025-05-17 20:52:04,-96.9009,35.4314, 247.2,10844,-47.2,-49.1,-45.1, 81,129, 0.18,242,51.0
2025-05-17 20:52:05,-96.9004,35.4317, 247.0,10848,-47.3,-49.1,-45.2, 81,129, 0.18,242,51.1
2025-05-17 20:52:06,-96.8999,35.4319, 246.8,10853,-47.3,-49.1,-45.2, 82,129, 0.18,242,51.1
2025-05-17 20:52:07,-96.8994,35.4321, 246.7,10857,-47.3,-49.1,-45.2, 82,130, 0.18,242,51.1
2025-05-17 20:52:08,-96.8989,35.4323, 246.5,10861,-47.4,-49.1,-45.2, 82,130, 0.18,242,51.1
2025-05-17 20:52:09,-96.8984,35.4325, 246.3,10866,-47.4,-49.1,-45.2, 82,130, 0.18,242,51.1
2025-05-17 20:52:10,-96.8979,35.4328, 246.1,10871,-47.4,-49.2,-45.2, 82,131, 0.18,242,51.2
2025-05-17 20:52:11,-96.8974,35.4330, 246.0,10876,-47.5,-49.3,-45.3, 82,130, 0.18,242,51.2
2025-05-17 20:52:12,-96.8969,35.4332, 245.8,10880,-47.6,-49.3,-45.4, 82,130, 0.17,242,51.2
2025-05-17 20:52:13,-96.8964,35.4334, 245.6,10885,-47.6,-49.4,-45.4, 82,130, 0.17,242,51.2
2025-05-17 20:52:14,-96.8959,35.4337, 245.5,10889,-47.6,-49.5,-45.5, 81,130, 0.17,242,51.2
2025-05-17 20:52:15,-96.8954,35.4339, 245.3,10894,-47.7,-49.5,-45.5, 81,129, 0.17,242,51.2
2025-05-17 20:52:16,-96.8949,35.4341, 245.1,10898,-47.7,-49.5,-45.6, 81,130, 0.17,242,51.2
2025-05-17 20:52:17,-96.8944,35.4343, 245.0,10903,-47.8,-49.6,-45.6, 81,130, 0.17,242,51.3
2025-05-17 20:52:18,-96.8939,35.4345, 244.8,10908,-47.8,-49.6,-45.6, 82,130, 0.17,242,51.3
2025-05-17 20:52:19,-96.8934,35.4347, 244.6,10912,-47.8,-49.6,-45.6, 82,131, 0.17,242,51.3
2025-05-17 20:52:20,-96.8929,35.4349, 244.4,10917,-47.9,-49.5,-45.6, 83,132, 0.17,242,51.3
2025-05-17 20:52:21,-96.8924,35.4352, 244.2,10922,-47.9,-49.5,-45.5, 83,133, 0.17,242,51.3
2025-05-17 20:52:22,-96.8919,35.4354, 244.1,10927,-48.0,-49.5,-45.5, 84,134, 0.17,242,51.3
2025-05-17 20:52:23,-96.8914,35.4356, 243.9,10932,-48.0,-49.5,-45.5, 84,135, 0.17,242,51.3
2025-05-17 20:52:24,-96.8909,35.4358, 243.7,10937,-48.1,-49.6,-45.6, 85,136, 0.17,242,51.3
2025-05-17 20:52:25,-96.8904,35.4360, 243.5,10941,-48.2,-49.6,-45.6, 85,137, 0.17,242,51.3
2025-05-17 20:52:26,-96.8899,35.4362, 243.4,10946,-48.2,-49.5,-45.6, 86,137, 0.17,242,51.4
2025-05-17 20:52:27,-96.8894,35.4364, 243.2,10951,-48.2,-49.6,-45.6, 86,138, 0.17,242,51.4
2025-05-17 20:52:28,-96.8889,35.4366, 243.0,10956,-48.3,-49.6,-45.6, 86,138, 0.17,242,51.4
2025-05-17 20:52:29,-96.8885,35.4368, 242.8,10961,-48.3,-49.6,-45.6, 86,138, 0.17,242,51.4
2025-05-17 20:52:30,-96.8880,35.4371, 242.6,10967,-48.4,-49.7,-45.7, 86,139, 0.17,242,51.4
2025-05-17 20:52:31,-96.8875,35.4373, 242.4,10972,-48.4,-49.7,-45.7, 87,139, 0.17,242,51.5
2025-05-17 20:52:32,-96.8869,35.4375, 242.2,10977,-48.5,-49.7,-45.7, 87,139, 0.17,243,51.5
2025-05-17 20:52:33,-96.8864,35.4377, 242.0,10982,-48.5,-49.8,-45.8, 87,139, 0.17,243,51.5
2025-05-17 20:52:34,-96.8859,35.4379, 241.9,10986,-48.6,-49.8,-45.8, 87,140, 0.17,243,51.6
2025-05-17 20:52:35,-96.8854,35.4381, 241.7,10991,-48.6,-49.8,-45.8, 87,140, 0.17,243,51.6
2025-05-17 20:52:36,-96.8849,35.4383, 241.5,10995,-48.6,-49.9,-45.9, 87,140, 0.17,243,51.6
2025-05-17 20:52:37,-96.8844,35.4385, 241.4,11000,-48.7,-49.9,-45.9, 87,140, 0.17,243,51.7
2025-05-17 20:52:38,-96.8839,35.4388, 241.2,11006,-48.8,-50.0,-46.0, 87,140, 0.17,243,51.7
2025-05-17 20:52:39,-96.8834,35.4390, 241.0,11011,-48.8,-50.0,-46.0, 88,141, 0.17,243,51.8
2025-05-17 20:52:40,-96.8829,35.4392, 240.8,11016,-48.9,-50.0,-45.9, 88,142, 0.17,243,51.8
2025-05-17 20:52:41,-96.8824,35.4394, 240.6,11021,-48.9,-50.0,-46.0, 89,143, 0.17,243,51.9
2025-05-17 20:52:42,-96.8819,35.4396, 240.4,11026,-49.0,-50.0,-46.0, 89,143, 0.17,243,51.9
2025-05-17 20:52:43,-96.8814,35.4398, 240.3,11031,-49.0,-50.0,-46.0, 89,144, 0.17,243,52.0
2025-05-17 20:52:44,-96.8808,35.4400, 240.1,11035,-49.1,-50.1,-46.0, 89,144, 0.16,243,52.0
2025-05-17 20:52:45,-96.8803,35.4403, 239.9,11040,-49.1,-50.1,-46.1, 90,145, 0.16,243,52.1
2025-05-17 20:52:46,-96.8798,35.4405, 239.7,11045,-49.1,-50.1,-46.1, 90,145, 0.16,243,52.1
2025-05-17 20:52:47,-96.8793,35.4407, 239.6,11049,-49.2,-50.1,-46.1, 90,145, 0.16,243,52.2
2025-05-17 20:52:48,-96.8788,35.4409, 239.4,11054,-49.2,-50.1,-46.1, 90,145, 0.16,243,52.2
2025-05-17 20:52:49,-96.8783,35.4411, 239.2,11059,-49.2,-50.1,-46.1, 90,145, 0.16,243,52.3
2025-05-17 20:52:50,-96.8778,35.4413, 239.1,11064,-49.3,-50.2,-46.2, 90,146, 0.16,243,52.4
2025-05-17 20:52:51,-96.8773,35.4415, 238.9,11068,-49.3,-50.2,-46.2, 90,146, 0.16,243,52.4
2025-05-17 20:52:52,-96.8768,35.4417, 238.7,11073,-49.3,-50.2,-46.2, 90,146, 0.16,243,52.5
2025-05-17 20:52:53,-96.8762,35.4419, 238.5,11078,-49.4,-50.3,-46.3, 90,145, 0.16,243,52.6
2025-05-17 20:52:54,-96.8758,35.4422, 238.4,11083,-49.4,-50.3,-46.3, 90,145, 0.16,243,52.6
2025-05-17 20:52:55,-96.8753,35.4424, 238.2,11088,-49.4,-50.4,-46.4, 89,144, 0.16,243,52.7
2025-05-17 20:52:56,-96.8748,35.4426, 238.0,11093,-49.4,-50.5,-46.5, 88,143, 0.16,243,52.7
2025-05-17 20:52:57,-96.8742,35.4429, 237.8,11098,-49.5,-50.6,-46.6, 88,142, 0.16,243,52.8
2025-05-17 20:52:58,-96.8737,35.4431, 237.6,11103,-49.6,-50.8,-46.7, 87,141, 0.15,243,52.9
2025-05-17 20:52:59,-96.8731,35.4433, 237.5,11108,-49.6,-50.9,-46.8, 87,141, 0.15,243,52.9
2025-05-17 20:53:00,-96.8726,35.4435, 237.3,11113,-49.7,-51.0,-47.0, 86,139, 0.15,243,53.0
2025-05-17 20:53:01,-96.8721,35.4437, 237.1,11118,-49.7,-51.3,-47.2, 84,136, 0.15,243,53.0
2025-05-17 20:53:02,-96.8716,35.4439, 236.9,11123,-49.8,-51.6,-47.5, 81,132, 0.14,243,53.1
2025-05-17 20:53:03,-96.8711,35.4441, 236.7,11129,-49.8,-52.0,-47.9, 78,127, 0.13,243,53.1
2025-05-17 20:53:04,-96.8706,35.4443, 236.4,11136,-49.8,-52.3,-48.2, 75,122, 0.13,243,53.2
2025-05-17 20:53:05,-96.8700,35.4445, 236.2,11142,-49.9,-52.8,-48.7, 71,115, 0.12,243,53.2
2025-05-17 20:53:06,-96.8695,35.4448, 236.0,11149,-49.9,-53.3,-49.2, 67,109, 0.12,243,53.3
2025-05-17 20:53:07,-96.8689,35.4450, 235.7,11155,-49.9,-53.7,-49.6, 64,104, 0.11,243,53.3
2025-05-17 20:53:08,-96.8684,35.4453, 235.5,11161,-49.9,-54.0,-49.8, 62,101, 0.11,243,53.4
2025-05-17 20:53:09,-96.8680,35.4456, 235.3,11168,-49.9,-54.2,-50.0, 61, 99, 0.10,243,53.4
2025-05-17 20:53:10,-96.8675,35.4458, 235.1,11174,-50.0,-54.2,-50.1, 61, 99, 0.10,243,53.5
2025-05-17 20:53:11,-96.8669,35.4460, 234.8,11180,-50.0,-54.2,-50.0, 62,100, 0.10,243,53.5
2025-05-17 20:53:12,-96.8664,35.4461, 234.6,11186,-50.1,-54.2,-50.0, 62,101, 0.10,243,53.6
2025-05-17 20:53:13,-96.8658,35.4463, 234.4,11191,-50.1,-54.2,-50.1, 62,101, 0.10,243,53.6
2025-05-17 20:53:14,-96.8653,35.4465, 234.3,11196,-50.1,-54.3,-50.1, 62,101, 0.10,243,53.7
2025-05-17 20:53:15,-96.8647,35.4468, 234.1,11201,-50.2,-54.2,-50.1, 62,102, 0.10,243,53.7
2025-05-17 20:53:16,-96.8642,35.4470, 233.9,11207,-50.3,-54.2,-50.0, 63,103, 0.10,243,53.8
2025-05-17 20:53:17,-96.8636,35.4473, 233.7,11212,-50.3,-54.2,-50.0, 63,103, 0.10,243,53.9
2025-05-17 20:53:18,-96.8631,35.4475, 233.5,11218,-50.3,-54.2,-50.0, 64,104, 0.10,243,54.0
2025-05-17 20:53:19,-96.8626,35.4476, 233.3,11223,-50.4,-54.2,-50.0, 64,105, 0.11,243,54.0
2025-05-17 20:53:20,-96.8621,35.4478, 233.1,11229,-50.4,-54.1,-49.9, 65,106, 0.11,243,54.1
2025-05-17 20:53:21,-96.8616,35.4480, 232.9,11235,-50.5,-54.1,-49.9, 66,108, 0.11,243,54.2
2025-05-17 20:53:22,-96.8611,35.4483, 232.6,11241,-50.6,-54.0,-49.8, 67,110, 0.11,243,54.3
2025-05-17 20:53:23,-96.8606,35.4485, 232.4,11248,-50.6,-53.9,-49.8, 68,112, 0.11,243,54.4
2025-05-17 20:53:24,-96.8601,35.4487, 232.1,11255,-50.7,-53.9,-49.7, 69,114, 0.11,243,54.5
2025-05-17 20:53:25,-96.8595,35.4489, 231.9,11262,-50.8,-53.8,-49.6, 70,115, 0.11,243,54.6
2025-05-17 20:53:26,-96.8590,35.4491, 231.7,11267,-50.8,-53.8,-49.6, 71,116, 0.11,243,54.7
2025-05-17 20:53:27,-96.8584,35.4494, 231.5,11272,-50.9,-53.8,-49.7, 71,116, 0.11,243,54.8
2025-05-17 20:53:28,-96.8578,35.4496, 231.4,11277,-50.9,-53.9,-49.7, 71,117, 0.11,243,55.0
2025-05-17 20:53:29,-96.8573,35.4498, 231.2,11282,-51.0,-53.9,-49.7, 71,117, 0.11,243,55.1
2025-05-17 20:53:30,-96.8568,35.4501, 231.0,11288,-51.0,-53.9,-49.8, 71,117, 0.11,243,55.2
2025-05-17 20:53:31,-96.8563,35.4503, 230.7,11295,-51.1,-54.0,-49.9, 71,116, 0.11,243,55.3
2025-05-17 20:53:32,-96.8557,35.4505, 230.5,11301,-51.1,-54.1,-50.0, 70,115, 0.11,243,55.4
2025-05-17 20:53:33,-96.8551,35.4507, 230.4,11305,-51.2,-54.3,-50.1, 69,114, 0.11,243,55.5
2025-05-17 20:53:34,-96.8545,35.4509, 230.3,11308,-51.2,-54.4,-50.2, 69,113, 0.10,243,55.6
2025-05-17 20:53:35,-96.8540,35.4512, 230.1,11311,-51.2,-54.5,-50.3, 68,112, 0.10,243,55.7
2025-05-17 20:53:36,-96.8534,35.4514, 230.0,11315,-51.3,-54.6,-50.4, 68,112, 0.10,243,55.8
2025-05-17 20:53:37,-96.8529,35.4517, 229.9,11319,-51.3,-54.6,-50.4, 67,111, 0.10,243,55.9
2025-05-17 20:53:38,-96.8524,35.4520, 229.7,11324,-51.3,-54.7,-50.5, 67,111, 0.10,243,56.0
2025-05-17 20:53:39,-96.8518,35.4522, 229.5,11329,-51.4,-54.8,-50.6, 67,110, 0.10,243,56.0
2025-05-17 20:53:40,-96.8513,35.4524, 229.3,11334,-51.4,-54.8,-50.6, 67,110, 0.10,243,56.1
2025-05-17 20:53:41,-96.8507,35.4526, 229.2,11339,-51.5,-54.9,-50.7, 67,110, 0.10,243,56.1
2025-05-17 20:53:42,-96.8501,35.4528, 229.0,11345,-51.5,-54.9,-50.7, 67,110, 0.10,243,56.2
2025-05-17 20:53:43,-96.8496,35.4531, 228.8,11349,-51.5,-54.9,-50.7, 67,111, 0.10,243,56.2
2025-05-17 20:53:44,-96.8490,35.4533, 228.6,11354,-51.6,-54.9,-50.7, 67,112, 0.10,243,56.3
2025-05-17 20:53:45,-96.8485,35.4536, 228.5,11359,-51.6,-54.9,-50.7, 68,112, 0.10,243,56.3
2025-05-17 20:53:46,-96.8479,35.4538, 228.3,11365,-51.7,-54.9,-50.7, 68,113, 0.10,243,56.3
2025-05-17 20:53:47,-96.8474,35.4540, 228.1,11370,-51.7,-54.9,-50.7, 69,114, 0.10,243,56.3
2025-05-17 20:53:48,-96.8469,35.4543, 227.9,11375,-51.8,-54.9,-50.7, 69,114, 0.10,243,56.3
2025-05-17 20:53:49,-96.8463,35.4545, 227.7,11381,-51.8,-54.9,-50.7, 69,115, 0.10,242,56.3
2025-05-17 20:53:50,-96.8457,35.4547, 227.5,11386,-51.9,-54.9,-50.7, 70,115, 0.10,242,56.3
2025-05-17 20:53:51,-96.8452,35.4550, 227.4,11390,-51.9,-54.9,-50.7, 70,116, 0.10,242,56.4
2025-05-17 20:53:52,-96.8446,35.4552, 227.2,11395,-52.0,-55.0,-50.7, 70,117, 0.10,242,56.4
2025-05-17 20:53:53,-96.8441,35.4554, 227.0,11401,-52.0,-55.0,-50.7, 71,117, 0.10,242,56.4
2025-05-17 20:53:54,-96.8436,35.4557, 226.8,11406,-52.1,-55.0,-50.8, 71,118, 0.10,242,56.4
2025-05-17 20:53:55,-96.8430,35.4559, 226.6,11411,-52.1,-55.0,-50.8, 71,118, 0.10,242,56.4
2025-05-17 20:53:56,-96.8425,35.4561, 226.4,11416,-52.2,-55.0,-50.8, 71,119, 0.10,242,56.4
2025-05-17 20:53:57,-96.8419,35.4564, 226.3,11422,-52.2,-55.0,-50.8, 71,119, 0.10,242,56.4
2025-05-17 20:53:58,-96.8414,35.4566, 226.1,11427,-52.2,-55.1,-50.9, 72,119, 0.10,242,56.4
2025-05-17 20:53:59,-96.8408,35.4568, 225.9,11433,-52.3,-55.1,-50.9, 72,119, 0.10,242,56.4
2025-05-17 20:54:00,-96.8403,35.4571, 225.7,11439,-52.3,-55.1,-50.9, 72,120, 0.10,242,56.4
2025-05-17 20:54:01,-96.8397,35.4573, 225.5,11444,-52.4,-55.1,-50.9, 72,120, 0.10,242,56.4
2025-05-17 20:54:02,-96.8392,35.4576, 225.3,11449,-52.4,-55.1,-50.9, 72,121, 0.10,242,56.5
2025-05-17 20:54:03,-96.8386,35.4578, 225.1,11454,-52.4,-55.1,-50.9, 73,121, 0.10,242,56.5
2025-05-17 20:54:04,-96.8381,35.4580, 225.0,11459,-52.5,-55.1,-50.9, 73,122, 0.10,242,56.5
2025-05-17 20:54:05,-96.8376,35.4583, 224.8,11464,-52.5,-55.1,-50.9, 74,123, 0.10,242,56.5
2025-05-17 20:54:06,-96.8370,35.4585, 224.6,11469,-52.6,-55.1,-50.9, 74,124, 0.10,242,56.6
2025-05-17 20:54:07,-96.8365,35.4587, 224.4,11474,-52.6,-55.1,-50.9, 75,125, 0.10,242,56.6
2025-05-17 20:54:08,-96.8359,35.4590, 224.3,11479,-52.7,-55.0,-50.8, 76,126, 0.10,242,56.6
2025-05-17 20:54:09,-96.8353,35.4592, 224.1,11484,-52.7,-55.0,-50.8, 76,127, 0.10,242,56.6
2025-05-17 20:54:10,-96.8348,35.4595, 223.9,11489,-52.7,-55.0,-50.8, 77,128, 0.10,242,56.7
2025-05-17 20:54:11,-96.8342,35.4597, 223.8,11493,-52.8,-55.0,-50.8, 77,129, 0.10,242,56.7
2025-05-17 20:54:12,-96.8337,35.4600, 223.6,11498,-52.8,-55.0,-50.7, 78,130, 0.10,242,56.7
2025-05-17 20:54:13,-96.8331,35.4602, 223.4,11504,-52.9,-55.0,-50.7, 78,131, 0.10,242,56.8
2025-05-17 20:54:14,-96.8326,35.4604, 223.2,11509,-52.9,-55.0,-50.8, 79,132, 0.10,242,56.8
2025-05-17 20:54:15,-96.8320,35.4607, 223.1,11514,-53.0,-55.0,-50.8, 79,132, 0.10,242,56.8
2025-05-17 20:54:16,-96.8315,35.4609, 222.9,11519,-53.1,-55.0,-50.8, 79,133, 0.10,242,56.9
2025-05-17 20:54:17,-96.8309,35.4612, 222.7,11524,-53.1,-55.1,-50.8, 80,133, 0.10,242,56.9
2025-05-17 20:54:18,-96.8304,35.4614, 222.5,11530,-53.2,-55.0,-50.8, 80,134, 0.10,242,56.9
2025-05-17 20:54:19,-96.8298,35.4616, 222.3,11535,-53.2,-55.0,-50.8, 80,135, 0.10,242,56.9
2025-05-17 20:54:20,-96.8293,35.4619, 222.1,11540,-53.2,-55.0,-50.8, 81,136, 0.10,242,57.0
2025-05-17 20:54:21,-96.8287,35.4621, 222.0,11545,-53.3,-55.0,-50.8, 82,137, 0.10,242,57.0
2025-05-17 20:54:22,-96.8282,35.4624, 221.8,11551,-53.3,-55.0,-50.8, 82,138, 0.10,242,57.0
2025-05-17 20:54:23,-96.8276,35.4626, 221.6,11556,-53.4,-55.0,-50.8, 83,139, 0.10,242,57.1
2025-05-17 20:54:24,-96.8270,35.4628, 221.4,11562,-53.4,-55.0,-50.8, 83,140, 0.10,242,57.1
2025-05-17 20:54:25,-96.8265,35.4631, 221.2,11567,-53.5,-55.0,-50.8, 84,141, 0.10,242,57.1
2025-05-17 20:54:26,-96.8259,35.4633, 221.0,11572,-53.6,-55.0,-50.8, 85,142, 0.10,242,57.2
2025-05-17 20:54:27,-96.8254,35.4636, 220.9,11577,-53.6,-55.0,-50.8, 85,143, 0.10,242,57.2
2025-05-17 20:54:28,-96.8248,35.4638, 220.7,11582,-53.7,-55.0,-50.8, 85,144, 0.10,242,57.2
2025-05-17 20:54:29,-96.8243,35.4641, 220.5,11587,-53.7,-55.0,-50.8, 86,144, 0.10,242,57.3
2025-05-17 20:54:30,-96.8237,35.4643, 220.4,11591,-53.7,-55.0,-50.8, 86,145, 0.10,242,57.3
2025-05-17 20:54:31,-96.8232,35.4646, 220.2,11596,-53.8,-55.0,-50.8, 86,146, 0.10,242,57.3
2025-05-17 20:54:32,-96.8226,35.4648, 220.1,11601,-53.8,-55.0,-50.8, 87,146, 0.10,242,57.4
2025-05-17 20:54:33,-96.8221,35.4650, 219.9,11606,-53.9,-55.0,-50.8, 87,147, 0.10,242,57.4
2025-05-17 20:54:34,-96.8215,35.4653, 219.7,11611,-53.9,-55.1,-50.9, 87,147, 0.10,242,57.4
2025-05-17 20:54:35,-96.8210,35.4655, 219.5,11616,-53.9,-55.1,-50.9, 87,147, 0.10,242,57.5
2025-05-17 20:54:36,-96.8204,35.4658, 219.4,11621,-54.0,-55.1,-50.9, 87,147, 0.10,242,57.5
2025-05-17 20:54:37,-96.8198,35.4660, 219.2,11625,-54.0,-55.1,-50.9, 87,147, 0.10,242,57.5
2025-05-17 20:54:38,-96.8193,35.4663, 219.1,11630,-54.0,-55.2,-50.9, 87,147, 0.10,242,57.6
2025-05-17 20:54:39,-96.8187,35.4666, 218.9,11634,-54.1,-55.2,-51.0, 87,148, 0.10,242,57.6
2025-05-17 20:54:40,-96.8182,35.4668, 218.7,11639,-54.1,-55.2,-51.0, 88,148, 0.10,242,57.6
2025-05-17 20:54:41,-96.8176,35.4671, 218.6,11644,-54.2,-55.3,-51.0, 88,149, 0.10,242,57.6
2025-05-17 20:54:42,-96.8171,35.4673, 218.4,11650,-54.2,-55.3,-51.1, 88,149, 0.10,242,57.7
2025-05-17 20:54:43,-96.8165,35.4675, 218.2,11655,-54.3,-55.3,-51.1, 89,150, 0.10,242,57.7
2025-05-17 20:54:44,-96.8159,35.4678, 218.0,11660,-54.3,-55.3,-51.1, 89,151, 0.10,242,57.7
2025-05-17 20:54:45,-96.8154,35.4680, 217.9,11665,-54.4,-55.3,-51.1, 89,152, 0.10,242,57.7
2025-05-17 20:54:46,-96.8148,35.4683, 217.7,11669,-54.4,-55.3,-51.1, 90,152, 0.10,241,57.7
2025-05-17 20:54:47,-96.8142,35.4685, 217.6,11674,-54.5,-55.3,-51.1, 90,153, 0.10,241,57.7
2025-05-17 20:54:48,-96.8137,35.4688, 217.4,11679,-54.5,-55.4,-51.1, 90,153, 0.10,241,57.8
2025-05-17 20:54:49,-96.8131,35.4690, 217.2,11684,-54.5,-55.4,-51.2, 90,153, 0.10,241,57.8
2025-05-17 20:54:50,-96.8126,35.4693, 217.1,11689,-54.6,-55.5,-51.2, 90,153, 0.10,241,57.8
2025-05-17 20:54:51,-96.8120,35.4695, 216.9,11694,-54.6,-55.6,-51.3, 90,152, 0.10,241,57.8
2025-05-17 20:54:52,-96.8115,35.4698, 216.7,11699,-54.7,-55.7,-51.4, 89,151, 0.09,241,57.8
2025-05-17 20:54:53,-96.8109,35.4700, 216.6,11704,-54.7,-55.8,-51.5, 88,150, 0.09,241,57.8
2025-05-17 20:54:54,-96.8103,35.4703, 216.4,11709,-54.8,-55.9,-51.6, 88,149, 0.09,241,57.8
2025-05-17 20:54:55,-96.8098,35.4705, 216.2,11714,-54.8,-56.0,-51.7, 87,149, 0.09,241,57.7
2025-05-17 20:54:56,-96.8092,35.4708, 216.0,11719,-54.8,-56.0,-51.8, 87,148, 0.09,241,57.7
2025-05-17 20:54:57,-96.8087,35.4710, 215.9,11724,-54.9,-56.1,-51.8, 87,148, 0.09,241,57.7
2025-05-17 20:54:58,-96.8081,35.4713, 215.7,11728,-54.9,-56.1,-51.8, 87,148, 0.09,241,57.7
2025-05-17 20:54:59,-96.8076,35.4715, 215.6,11733,-54.9,-56.1,-51.9, 87,148, 0.09,241,57.7
2025-05-17 20:55:00,-96.8070,35.4718, 215.4,11738,-55.0,-56.2,-51.9, 87,148, 0.09,241,57.6
2025-05-17 20:55:01,-96.8064,35.4720, 215.3,11742,-55.1,-56.3,-52.0, 87,148, 0.09,241,57.6
2025-05-17 20:55:02,-96.8059,35.4723, 215.1,11747,-55.1,-56.3,-52.1, 87,148, 0.09,241,57.6
2025-05-17 20:55:03,-96.8053,35.4725, 214.9,11752,-55.2,-56.4,-52.1, 87,148, 0.09,241,57.5
2025-05-17 20:55:04,-96.8048,35.4728, 214.8,11757,-55.2,-56.4,-52.2, 86,148, 0.09,241,57.5
2025-05-17 20:55:05,-96.8042,35.4730, 214.6,11762,-55.2,-56.5,-52.2, 86,148, 0.09,241,57.5
2025-05-17 20:55:06,-96.8037,35.4733, 214.4,11767,-55.3,-56.5,-52.2, 86,147, 0.09,241,57.4
2025-05-17 20:55:07,-96.8031,35.4735, 214.2,11773,-55.3,-56.6,-52.3, 86,146, 0.09,241,57.4
2025-05-17 20:55:08,-96.8026,35.4738, 214.1,11778,-55.3,-56.6,-52.3, 85,146, 0.09,241,57.4
2025-05-17 20:55:09,-96.8020,35.4741, 213.9,11782,-55.3,-56.6,-52.4, 85,145, 0.09,241,57.3
2025-05-17 20:55:10,-96.8015,35.4743, 213.8,11787,-55.3,-56.7,-52.4, 85,145, 0.08,241,57.3
2025-05-17 20:55:11,-96.8009,35.4746, 213.6,11792,-55.3,-56.7,-52.4, 84,144, 0.08,241,57.2
2025-05-17 20:55:12,-96.8004,35.4748, 213.4,11796,-55.3,-56.8,-52.5, 84,143, 0.08,241,57.2
2025-05-17 20:55:13,-96.7998,35.4751, 213.3,11801,-55.4,-56.9,-52.6, 83,143, 0.08,240,57.1
2025-05-17 20:55:14,-96.7993,35.4753, 213.1,11806,-55.4,-56.9,-52.6, 83,142, 0.08,240,57.1
2025-05-17 20:55:15,-96.7988,35.4756, 213.0,11811,-55.4,-57.0,-52.7, 83,141, 0.08,240,57.0
2025-05-17 20:55:16,-96.7982,35.4758, 212.8,11816,-55.4,-57.1,-52.8, 82,141, 0.08,240,57.0
2025-05-17 20:55:17,-96.7977,35.4761, 212.6,11820,-55.5,-57.2,-52.9, 82,140, 0.08,240,56.9
2025-05-17 20:55:18,-96.7971,35.4764, 212.5,11825,-55.5,-57.3,-53.0, 81,139, 0.08,240,56.9
2025-05-17 20:55:19,-96.7966,35.4766, 212.3,11829,-55.6,-57.4,-53.1, 81,138, 0.08,240,56.8
2025-05-17 20:55:20,-96.7960,35.4769, 212.2,11834,-55.7,-57.5,-53.2, 80,137, 0.08,240,56.7
2025-05-17 20:55:21,-96.7955,35.4771, 212.0,11838,-55.7,-57.7,-53.4, 79,135, 0.08,240,56.7
2025-05-17 20:55:22,-96.7950,35.4774, 211.9,11842,-55.7,-57.8,-53.5, 77,133, 0.07,240,56.6
2025-05-17 20:55:23,-96.7944,35.4776, 211.7,11847,-55.7,-58.0,-53.7, 76,130, 0.07,240,56.6
2025-05-17 20:55:24,-96.7939,35.4779, 211.6,11852,-55.7,-58.2,-53.9, 74,127, 0.07,240,56.5
2025-05-17 20:55:25,-96.7933,35.4781, 211.4,11857,-55.8,-58.4,-54.1, 72,124, 0.07,240,56.5
2025-05-17 20:55:26,-96.7928,35.4784, 211.2,11862,-55.8,-58.7,-54.3, 71,121, 0.07,240,56.5
2025-05-17 20:55:27,-96.7922,35.4786, 211.1,11867,-55.9,-58.9,-54.5, 69,119, 0.07,240,56.4
2025-05-17 20:55:28,-96.7917,35.4789, 210.9,11872,-55.9,-59.1,-54.8, 67,116, 0.06,240,56.4
2025-05-17 20:55:29,-96.7912,35.4791, 210.8,11877,-55.9,-59.3,-55.0, 66,113, 0.06,240,56.4
2025-05-17 20:55:30,-96.7907,35.4794, 210.6,11882,-56.0,-59.5,-55.2, 64,111, 0.06,240,56.3
2025-05-17 20:55:31,-96.7901,35.4796, 210.4,11887,-56.0,-59.7,-55.4, 63,109, 0.06,240,56.3
2025-05-17 20:55:32,-96.7896,35.4799, 210.3,11891,-56.1,-60.0,-55.6, 62,107, 0.06,240,56.3
2025-05-17 20:55:33,-96.7890,35.4801, 210.1,11896,-56.1,-60.1,-55.7, 61,105, 0.06,240,56.3
2025-05-17 20:55:34,-96.7885,35.4804, 210.0,11901,-56.1,-60.3,-55.9, 60,104, 0.06,240,56.3
2025-05-17 20:55:35,-96.7880,35.4806, 209.8,11905,-56.2,-60.4,-56.0, 60,103, 0.05,240,56.3
2025-05-17 20:55:36,-96.7874,35.4809, 209.7,11910,-56.2,-60.4,-56.0, 60,103, 0.05,240,56.4
2025-05-17 20:55:37,-96.7869,35.4811, 209.5,11915,-56.2,-60.4,-56.0, 60,103, 0.05,240,56.4
2025-05-17 20:55:38,-96.7864,35.4814, 209.3,11920,-56.3,-60.4,-56.0, 60,104, 0.05,240,56.5
2025-05-17 20:55:39,-96.7859,35.4816, 209.2,11924,-56.3,-60.3,-55.9, 61,106, 0.06,241,56.5
2025-05-17 20:55:40,-96.7853,35.4818, 209.0,11929,-56.4,-60.2,-55.8, 62,108, 0.06,241,56.6
2025-05-17 20:55:41,-96.7848,35.4821, 208.9,11934,-56.4,-60.0,-55.6, 64,111, 0.06,241,56.7
2025-05-17 20:55:42,-96.7843,35.4824, 208.7,11939,-56.5,-59.8,-55.5, 66,114, 0.06,241,56.7
2025-05-17 20:55:43,-96.7837,35.4826, 208.6,11944,-56.5,-59.7,-55.3, 68,117, 0.06,241,56.8
2025-05-17 20:55:44,-96.7832,35.4828, 208.4,11948,-56.6,-59.5,-55.2, 69,120, 0.06,241,56.9
2025-05-17 20:55:45,-96.7827,35.4831, 208.2,11953,-56.6,-59.4,-55.0, 71,122, 0.06,241,57.1
2025-05-17 20:55:46,-96.7821,35.4834, 208.1,11958,-56.7,-59.3,-55.0, 72,125, 0.06,241,57.2
2025-05-17 20:55:47,-96.7816,35.4836, 207.9,11963,-56.7,-59.2,-54.9, 73,127, 0.06,241,57.3
2025-05-17 20:55:48,-96.7810,35.4839, 207.7,11968,-56.8,-59.2,-54.8, 74,129, 0.06,241,57.4
2025-05-17 20:55:49,-96.7804,35.4841, 207.5,11974,-56.8,-59.1,-54.8, 75,131, 0.06,241,57.5
2025-05-17 20:55:50,-96.7799,35.4843, 207.3,11980,-56.8,-59.1,-54.7, 76,132, 0.07,241,57.7
2025-05-17 20:55:51,-96.7793,35.4846, 207.1,11987,-56.9,-59.1,-54.7, 76,132, 0.07,241,57.8
2025-05-17 20:55:52,-96.7788,35.4849, 206.9,11993,-56.9,-59.1,-54.7, 76,132, 0.07,242,57.9
2025-05-17 20:55:53,-96.7782,35.4852, 206.7,11999,-56.9,-59.1,-54.8, 76,131, 0.06,242,58.1
2025-05-17 20:55:54,-96.7776,35.4854, 206.5,12005,-56.9,-59.2,-54.9, 75,130, 0.06,242,58.2
2025-05-17 20:55:55,-96.7770,35.4857, 206.4,12010,-56.9,-59.4,-55.0, 74,129, 0.06,242,58.3
2025-05-17 20:55:56,-96.7764,35.4859, 206.2,12015,-57.0,-59.5,-55.1, 73,128, 0.06,242,58.4
2025-05-17 20:55:57,-96.7759,35.4861, 206.0,12020,-57.0,-59.6,-55.2, 73,127, 0.06,242,58.6
2025-05-17 20:55:58,-96.7753,35.4863, 205.9,12024,-57.1,-59.7,-55.3, 72,126, 0.06,242,58.7
2025-05-17 20:55:59,-96.7748,35.4866, 205.8,12029,-57.1,-59.8,-55.4, 72,125, 0.06,242,58.8
2025-05-17 20:56:00,-96.7742,35.4868, 205.6,12034,-57.2,-59.9,-55.5, 71,124, 0.06,242,58.9
2025-05-17 20:56:01,-96.7736,35.4870, 205.4,12039,-57.2,-60.0,-55.6, 71,124, 0.06,242,59.0
2025-05-17 20:56:02,-96.7730,35.4873, 205.3,12044,-57.3,-60.0,-55.6, 71,124, 0.06,242,59.1
2025-05-17 20:56:03,-96.7724,35.4876, 205.1,12048,-57.3,-60.0,-55.6, 72,125, 0.06,242,59.1
2025-05-17 20:56:04,-96.7718,35.4878, 205.0,12052,-57.3,-59.9,-55.5, 72,126, 0.06,242,59.2
2025-05-17 20:56:05,-96.7712,35.4881, 204.9,12056,-57.3,-59.8,-55.4, 73,128, 0.06,242,59.3
2025-05-17 20:56:06,-96.7706,35.4883, 204.7,12061,-57.3,-59.7,-55.3, 75,130, 0.06,242,59.3
2025-05-17 20:56:07,-96.7700,35.4885, 204.6,12065,-57.3,-59.6,-55.2, 76,132, 0.06,242,59.4
2025-05-17 20:56:08,-96.7694,35.4888, 204.5,12069,-57.4,-59.5,-55.1, 77,134, 0.06,243,59.4
2025-05-17 20:56:09,-96.7689,35.4890, 204.3,12073,-57.4,-59.4,-55.1, 78,135, 0.06,243,59.4
2025-05-17 20:56:10,-96.7683,35.4893, 204.2,12077,-57.4,-59.4,-55.0, 78,137, 0.06,243,59.4
2025-05-17 20:56:11,-96.7677,35.4895, 204.1,12081,-57.4,-59.3,-54.9, 79,138, 0.06,243,59.5
2025-05-17 20:56:12,-96.7672,35.4898, 204.0,12085,-57.4,-59.3,-54.9, 80,139, 0.06,243,59.5
2025-05-17 20:56:13,-96.7666,35.4900, 203.8,12088,-57.4,-59.2,-54.9, 80,140, 0.07,243,59.5
2025-05-17 20:56:14,-96.7660,35.4903, 203.7,12092,-57.5,-59.2,-54.8, 81,141, 0.07,243,59.5
2025-05-17 20:56:15,-96.7654,35.4905, 203.6,12096,-57.5,-59.1,-54.8, 82,143, 0.07,243,59.5
2025-05-17 20:56:16,-96.7648,35.4908, 203.5,12100,-57.5,-59.0,-54.7, 83,145, 0.07,243,59.5
2025-05-17 20:56:17,-96.7642,35.4910, 203.3,12104,-57.5,-58.9,-54.6, 84,147, 0.07,242,59.5
2025-05-17 20:56:18,-96.7637,35.4913, 203.2,12108,-57.6,-58.9,-54.5, 85,149, 0.07,242,59.5
2025-05-17 20:56:19,-96.7631,35.4915, 203.1,12112,-57.6,-58.9,-54.5, 86,150, 0.07,242,59.5
2025-05-17 20:56:20,-96.7625,35.4918, 202.9,12116,-57.7,-58.9,-54.5, 86,150, 0.07,242,59.5
2025-05-17 20:56:21,-96.7619,35.4920, 202.8,12120,-57.7,-58.9,-54.6, 86,150, 0.07,242,59.4
2025-05-17 20:56:22,-96.7614,35.4923, 202.7,12125,-57.7,-59.0,-54.7, 85,149, 0.07,242,59.4
2025-05-17 20:56:23,-96.7608,35.4925, 202.5,12129,-57.8,-59.1,-54.8, 85,148, 0.07,242,59.4
2025-05-17 20:56:24,-96.7602,35.4927, 202.4,12133,-57.8,-59.2,-54.9, 84,147, 0.07,243,59.3
2025-05-17 20:56:25,-96.7596,35.4930, 202.3,12137,-57.8,-59.3,-54.9, 83,146, 0.06,243,59.3
2025-05-17 20:56:26,-96.7590,35.4932, 202.1,12141,-57.8,-59.4,-55.0, 83,145, 0.06,243,59.3
2025-05-17 20:56:27,-96.7584,35.4935, 202.0,12145,-57.8,-59.4,-55.0, 82,144, 0.06,243,59.2
2025-05-17 20:56:28,-96.7579,35.4937, 201.8,12150,-57.9,-59.4,-55.1, 82,144, 0.06,243,59.2
2025-05-17 20:56:29,-96.7573,35.4940, 201.7,12155,-57.9,-59.5,-55.1, 82,144, 0.06,243,59.1
2025-05-17 20:56:30,-96.7567,35.4942, 201.5,12159,-58.0,-59.6,-55.2, 82,143, 0.06,243,59.1
2025-05-17 20:56:31,-96.7561,35.4945, 201.4,12164,-58.0,-59.7,-55.4, 81,142, 0.06,243,59.0
2025-05-17 20:56:32,-96.7555,35.4947, 201.3,12168,-58.1,-59.9,-55.5, 80,140, 0.06,243,59.0
2025-05-17 20:56:33,-96.7550,35.4950, 201.1,12173,-58.1,-60.1,-55.7, 78,137, 0.06,243,58.9
2025-05-17 20:56:34,-96.7544,35.4952, 201.0,12177,-58.2,-60.4,-56.0, 76,133, 0.06,243,58.9
2025-05-17 20:56:35,-96.7538,35.4955, 200.9,12181,-58.2,-60.7,-56.3, 73,129, 0.06,243,58.8
2025-05-17 20:56:36,-96.7533,35.4957, 200.7,12186,-58.2,-61.0,-56.6, 71,125, 0.05,243,58.7
2025-05-17 20:56:37,-96.7527,35.4960, 200.6,12190,-58.2,-61.3,-56.9, 68,120, 0.05,243,58.7
2025-05-17 20:56:38,-96.7521,35.4962, 200.4,12195,-58.3,-61.7,-57.3, 65,114, 0.05,243,58.6
2025-05-17 20:56:39,-96.7515,35.4964, 200.3,12199,-58.3,-62.1,-57.7, 61,108, 0.05,243,58.6
2025-05-17 20:56:40,-96.7511,35.4966, 200.1,12204,-58.3,-62.6,-58.1, 58,102, 0.04,243,58.5
2025-05-17 20:56:41,-96.7504,35.4969, 200.0,12208,-58.3,-63.0,-58.5, 55, 97, 0.04,243,58.5
2025-05-17 20:56:42,-96.7498,35.4971, 199.8,12214,-58.3,-63.8,-59.3, 50, 88, 0.04,244,58.5
2025-05-17 20:56:43,-96.7493,35.4974, 199.6,12219,-58.4,-64.4,-59.9, 46, 81, 0.03,244,58.4
2025-05-17 20:56:44,-96.7487,35.4976, 199.5,12224,-58.4,-65.1,-60.6, 42, 74, 0.03,244,58.4
2025-05-17 20:56:45,-96.7481,35.4978, 199.4,12228,-58.3,-65.8,-61.2, 38, 68, 0.03,244,58.4
2025-05-17 20:56:46,-96.7475,35.4980, 199.2,12232,-58.3,-66.5,-61.9, 35, 61, 0.03,244,58.4
2025-05-17 20:56:47,-96.7470,35.4983, 199.1,12236,-58.3,-67.2,-62.6, 32, 56, 0.02,244,58.4
2025-05-17 20:56:48,-96.7464,35.4985, 199.0,12240,-58.3,-67.8,-63.3, 29, 51, 0.02,244,58.4
2025-05-17 20:56:49,-96.7458,35.4987, 198.8,12245,-58.2,-68.5,-63.9, 26, 46, 0.02,244,58.4
2025-05-17 20:56:50,-96.7452,35.4989, 198.7,12249,-58.2,-69.0,-64.4, 24, 42, 0.02,244,58.5
2025-05-17 20:56:51,-96.7447,35.4991, 198.6,12253,-58.1,-69.6,-64.9, 22, 39, 0.02,245,58.5
2025-05-17 20:56:52,-96.7441,35.4994, 198.4,12257,-58.1,-70.0,-65.4, 21, 37, 0.02,245,58.6
2025-05-17 20:56:53,-96.7435,35.4996, 198.3,12261,-58.1,-70.4,-65.8, 20, 34, 0.02,245,58.6
2025-05-17 20:56:54,-96.7429,35.4998, 198.2,12266,-58.1,-70.8,-66.1, 19, 33, 0.01,245,58.7
2025-05-17 20:56:55,-96.7423,35.5000, 198.0,12270,-58.1,-71.1,-66.4, 18, 31, 0.01,245,58.7
2025-05-17 20:56:56,-96.7417,35.5002, 197.9,12275,-58.1,-71.3,-66.7, 17, 30, 0.01,245,58.8
2025-05-17 20:56:57,-96.7412,35.5005, 197.7,12280,-58.1,-71.5,-66.9, 17, 30, 0.01,245,58.9
2025-05-17 20:56:58,-96.7406,35.5007, 197.6,12285,-58.1,-71.6,-67.0, 17, 29, 0.01,245,59.0
2025-05-17 20:56:59,-96.7400,35.5009, 197.4,12289,-58.1,-71.6,-66.9, 17, 30, 0.01,245,59.1
2025-05-17 20:57:00,-96.7394,35.5012, 197.3,12293,-58.1,-71.4,-66.8, 17, 30, 0.01,245,59.1
2025-05-17 20:57:01,-96.7388,35.5014, 197.2,12297,-58.2,-71.2,-66.6, 18, 31, 0.01,245,59.2
2025-05-17 20:57:02,-96.7382,35.5016, 197.1,12301,-58.2,-71.0,-66.3, 18, 32, 0.01,245,59.3
2025-05-17 20:57:03,-96.7376,35.5018, 196.9,12305,-58.2,-70.7,-66.1, 19, 34, 0.01,245,59.4
2025-05-17 20:57:04,-96.7370,35.5020, 196.8,12309,-58.2,-70.5,-65.8, 20, 35, 0.02,245,59.5
2025-05-17 20:57:05,-96.7364,35.5022, 196.7,12313,-58.2,-70.3,-65.7, 20, 36, 0.02,245,59.5
2025-05-17 20:57:06,-96.7358,35.5025, 196.6,12317,-58.2,-70.2,-65.6, 21, 36, 0.02,245,59.6
2025-05-17 20:57:07,-96.7352,35.5027, 196.4,12321,-58.3,-70.1,-65.5, 21, 37, 0.02,245,59.7
2025-05-17 20:57:08,-96.7346,35.5029, 196.3,12325,-58.3,-70.0,-65.4, 21, 38, 0.02,246,59.7
2025-05-17 20:57:09,-96.7340,35.5031, 196.2,12329,-58.3,-69.9,-65.3, 22, 38, 0.02,246,59.8
2025-05-17 20:57:10,-96.7334,35.5034, 196.1,12333,-58.3,-69.9,-65.3, 22, 38, 0.02,246,59.8
2025-05-17 20:57:11,-96.7328,35.5036, 195.9,12337,-58.3,-69.9,-65.3, 22, 39, 0.02,246,59.9
2025-05-17 20:57:12,-96.7322,35.5039, 195.8,12341,-58.4,-69.9,-65.2, 22, 39, 0.02,246,59.9
2025-05-17 20:57:13,-96.7316,35.5041, 195.7,12345,-58.4,-69.8,-65.2, 22, 39, 0.02,246,59.9
2025-05-17 20:57:14,-96.7309,35.5043, 195.6,12349,-58.3,-69.8,-65.2, 22, 39, 0.02,246,59.9
2025-05-17 20:57:15,-96.7303,35.5045, 195.4,12353,-58.3,-69.9,-65.2, 22, 39, 0.02,246,59.9
2025-05-17 20:57:16,-96.7297,35.5047, 195.3,12357,-58.3,-69.9,-65.3, 22, 38, 0.02,246,59.9
2025-05-17 20:57:17,-96.7291,35.5050, 195.2,12362,-58.3,-70.0,-65.3, 21, 38, 0.02,246,59.9
2025-05-17 20:57:18,-96.7285,35.5052, 195.0,12366,-58.3,-70.0,-65.4, 21, 37, 0.02,246,59.9
2025-05-17 20:57:19,-96.7279,35.5054, 194.9,12370,-58.2,-70.0,-65.4, 21, 37, 0.02,246,59.9
2025-05-17 20:57:20,-96.7273,35.5056, 194.8,12374,-58.2,-70.1,-65.4, 21, 37, 0.02,246,59.9
2025-05-17 20:57:21,-96.7267,35.5058, 194.7,12378,-58.1,-70.1,-65.5, 21, 36, 0.02,246,59.8
2025-05-17 20:57:22,-96.7261,35.5060, 194.5,12382,-58.1,-70.1,-65.5, 21, 36, 0.02,246,59.8
2025-05-17 20:57:23,-96.7255,35.5062, 194.4,12386,-58.2,-70.2,-65.6, 20, 36, 0.02,246,59.8
2025-05-17 20:57:24,-96.7249,35.5064, 194.3,12390,-58.2,-70.3,-65.7, 20, 36, 0.02,247,59.7
2025-05-17 20:57:25,-96.7243,35.5067, 194.2,12394,-58.2,-70.4,-65.8, 20, 35, 0.02,247,59.7
2025-05-17 20:57:26,-96.7237,35.5069, 194.0,12399,-58.3,-70.5,-65.9, 20, 35, 0.02,247,59.7
2025-05-17 20:57:27,-96.7231,35.5071, 193.9,12403,-58.3,-70.6,-65.9, 20, 35, 0.02,247,59.6
2025-05-17 20:57:28,-96.7225,35.5073, 193.8,12408,-58.3,-70.6,-65.9, 20, 35, 0.02,247,59.6
2025-05-17 20:57:29,-96.7219,35.5075, 193.6,12412,-58.3,-70.6,-65.9, 20, 35, 0.02,247,59.5
2025-05-17 20:57:30,-96.7213,35.5077, 193.5,12416,-58.3,-70.5,-65.9, 20, 35, 0.02,247,59.5
2025-05-17 20:57:31,-96.7207,35.5079, 193.4,12420,-58.4,-70.5,-65.9, 20, 35, 0.02,247,59.5
2025-05-17 20:57:32,-96.7201,35.5081, 193.2,12424,-58.4,-70.5,-65.8, 20, 36, 0.02,247,59.4
2025-05-17 20:57:33,-96.7195,35.5083, 193.1,12429,-58.4,-70.4,-65.8, 21, 36, 0.02,247,59.4
2025-05-17 20:57:34,-96.7189,35.5085, 193.0,12432,-58.5,-70.4,-65.8, 21, 36, 0.02,247,59.4
2025-05-17 20:57:35,-96.7183,35.5087, 192.9,12436,-58.5,-70.3,-65.7, 21, 37, 0.02,247,59.3
2025-05-17 20:57:36,-96.7177,35.5089, 192.8,12440,-58.5,-70.3,-65.7, 21, 37, 0.02,247,59.3
2025-05-17 20:57:37,-96.7171,35.5091, 192.6,12444,-58.5,-70.3,-65.7, 21, 37, 0.02,248,59.3
2025-05-17 20:57:38,-96.7165,35.5093, 192.5,12448,-58.5,-70.4,-65.7, 21, 37, 0.02,248,59.3
2025-05-17 20:57:39,-96.7159,35.5095, 192.4,12453,-58.5,-70.4,-65.8, 21, 37, 0.02,248,59.3
2025-05-17 20:57:40,-96.7153,35.5098, 192.2,12457,-58.6,-70.5,-65.9, 21, 37, 0.02,248,59.3
2025-05-17 20:57:41,-96.7147,35.5100, 192.1,12461,-58.6,-70.5,-65.9, 21, 36, 0.02,248,59.2
2025-05-17 20:57:42,-96.7141,35.5102, 192.0,12465,-58.5,-70.6,-65.9, 20, 36, 0.02,248,59.2
2025-05-17 20:57:43,-96.7135,35.5103, 191.9,12469,-58.5,-70.6,-66.0, 20, 36, 0.02,248,59.2
2025-05-17 20:57:44,-96.7129,35.5105, 191.8,12473,-58.5,-70.6,-66.0, 20, 35, 0.02,248,59.2
2025-05-17 20:57:45,-96.7123,35.5107, 191.6,12477,-58.4,-70.6,-66.0, 20, 35, 0.02,248,59.2
2025-05-17 20:57:46,-96.7117,35.5109, 191.5,12481,-58.4,-70.7,-66.0, 20, 35, 0.02,248,59.2
2025-05-17 20:57:47,-96.7111,35.5111, 191.4,12485,-58.5,-70.7,-66.0, 20, 35, 0.02,248,59.3
2025-05-17 20:57:48,-96.7104,35.5113, 191.2,12489,-58.5,-70.6,-66.0, 20, 35, 0.02,248,59.3
2025-05-17 20:57:49,-96.7098,35.5115, 191.1,12494,-58.5,-70.6,-66.0, 20, 35, 0.02,248,59.3
2025-05-17 20:57:50,-96.7092,35.5117, 191.0,12498,-58.5,-70.6,-65.9, 20, 36, 0.02,248,59.3
2025-05-17 20:57:51,-96.7086,35.5119, 190.9,12502,-58.5,-70.5,-65.9, 20, 36, 0.02,248,59.3
2025-05-17 20:57:52,-96.7081,35.5121, 190.7,12506,-58.5,-70.5,-65.9, 20, 36, 0.02,248,59.4
2025-05-17 20:57:53,-96.7074,35.5123, 190.6,12511,-58.5,-70.5,-65.9, 21, 36, 0.02,248,59.4
2025-05-17 20:57:54,-96.7068,35.5125, 190.5,12515,-58.6,-70.5,-65.9, 21, 36, 0.02,248,59.4
2025-05-17 20:57:55,-96.7062,35.5127, 190.3,12519,-58.6,-70.5,-65.9, 21, 37, 0.02,249,59.5
2025-05-17 20:57:56,-96.7056,35.5129, 190.2,12523,-58.6,-70.5,-65.9, 21, 37, 0.02,249,59.5
2025-05-17 20:57:57,-96.7050,35.5131, 190.1,12527,-58.6,-70.5,-65.9, 21, 37, 0.02,249,59.5
2025-05-17 20:57:58,-96.7044,35.5133, 190.0,12531,-58.6,-70.5,-65.9, 21, 37, 0.02,249,59.6
2025-05-17 20:57:59,-96.7038,35.5135, 189.8,12535,-58.6,-70.6,-65.9, 21, 36, 0.02,249,59.6
2025-05-17 20:58:00,-96.7032,35.5136, 189.7,12539,-58.7,-70.6,-65.9, 21, 36, 0.02,249,59.7
2025-05-17 20:58:01,-96.7026,35.5138, 189.6,12543,-58.7,-70.6,-66.0, 21, 37, 0.02,249,59.7
2025-05-17 20:58:02,-96.7019,35.5140, 189.5,12547,-58.7,-70.6,-66.0, 21, 37, 0.02,249,59.8
2025-05-17 20:58:03,-96.7013,35.5142, 189.4,12551,-58.7,-70.6,-66.0, 21, 37, 0.02,249,59.9
2025-05-17 20:58:04,-96.7007,35.5144, 189.3,12555,-58.8,-70.6,-66.0, 21, 37, 0.02,249,59.9
2025-05-17 20:58:05,-96.7001,35.5146, 189.1,12559,-58.8,-70.6,-66.0, 21, 37, 0.02,249,60.0
2025-05-17 20:58:06,-96.6995,35.5148, 189.0,12564,-58.8,-70.7,-66.0, 21, 37, 0.02,249,60.0
2025-05-17 20:58:07,-96.6989,35.5150, 188.9,12568,-58.9,-70.7,-66.1, 21, 37, 0.02,249,60.1
2025-05-17 20:58:08,-96.6982,35.5152, 188.7,12573,-58.9,-70.7,-66.1, 21, 37, 0.02,249,60.2
2025-05-17 20:58:09,-96.6976,35.5154, 188.6,12578,-58.9,-70.7,-66.1, 21, 37, 0.02,249,60.2
2025-05-17 20:58:10,-96.6970,35.5156, 188.5,12582,-58.9,-70.7,-66.1, 21, 37, 0.02,249,60.3
2025-05-17 20:58:11,-96.6964,35.5158, 188.3,12586,-59.0,-70.7,-66.0, 21, 38, 0.02,249,60.4
2025-05-17 20:58:12,-96.6958,35.5160, 188.2,12590,-59.0,-70.7,-66.0, 21, 38, 0.02,249,60.5
2025-05-17 20:58:13,-96.6952,35.5162, 188.1,12595,-59.0,-70.7,-66.0, 21, 38, 0.02,249,60.5
2025-05-17 20:58:14,-96.6946,35.5164, 187.9,12599,-59.1,-70.7,-66.0, 21, 38, 0.02,249,60.6
2025-05-17 20:58:15,-96.6939,35.5166, 187.8,12604,-59.1,-70.7,-66.0, 22, 38, 0.02,249,60.7
2025-05-17 20:58:16,-96.6933,35.5168, 187.7,12608,-59.1,-70.6,-66.0, 22, 38, 0.02,249,60.8
2025-05-17 20:58:17,-96.6927,35.5170, 187.5,12612,-59.1,-70.6,-66.0, 22, 38, 0.02,249,60.8
2025-05-17 20:58:18,-96.6920,35.5172, 187.4,12616,-59.1,-70.6,-66.0, 22, 38, 0.02,249,60.9
2025-05-17 20:58:19,-96.6914,35.5174, 187.3,12620,-59.1,-70.6,-66.0, 22, 38, 0.02,249,61.0
2025-05-17 20:58:20,-96.6908,35.5176, 187.2,12625,-59.1,-70.6,-66.0, 22, 38, 0.02,249,61.1
2025-05-17 20:58:21,-96.6902,35.5178, 187.0,12629,-59.1,-70.6,-66.0, 22, 38, 0.02,249,61.1
2025-05-17 20:58:22,-96.6896,35.5180, 186.9,12633,-59.1,-70.6,-66.0, 22, 38, 0.02,249,61.2
2025-05-17 20:58:23,-96.6889,35.5182, 186.8,12637,-59.1,-70.7,-66.0, 21, 38, 0.02,249,61.3
2025-05-17 20:58:24,-96.6883,35.5184, 186.7,12641,-59.0,-70.7,-66.1, 21, 38, 0.02,249,61.4
2025-05-17 20:58:25,-96.6877,35.5186, 186.5,12645,-59.0,-70.7,-66.1, 21, 37, 0.02,249,61.5
2025-05-17 20:58:26,-96.6870,35.5188, 186.4,12650,-59.0,-70.8,-66.1, 21, 37, 0.02,249,61.5
2025-05-17 20:58:27,-96.6864,35.5190, 186.3,12654,-59.0,-70.8,-66.2, 21, 37, 0.02,249,61.6
2025-05-17 20:58:28,-96.6858,35.5192, 186.1,12659,-58.9,-70.8,-66.2, 21, 37, 0.02,249,61.7
2025-05-17 20:58:29,-96.6852,35.5194, 186.0,12664,-58.9,-70.8,-66.2, 20, 36, 0.02,249,61.7
2025-05-17 20:58:30,-96.6845,35.5197, 185.9,12668,-58.8,-70.9,-66.2, 20, 36, 0.02,249,61.8
2025-05-17 20:58:31,-96.6839,35.5199, 185.8,12672,-58.8,-70.9,-66.3, 20, 35, 0.02,249,61.9
2025-05-17 20:58:32,-96.6833,35.5201, 185.7,12675,-58.7,-71.0,-66.3, 20, 35, 0.01,249,62.0
2025-05-17 20:58:33,-96.6826,35.5203, 185.6,12679,-58.7,-71.0,-66.4, 20, 35, 0.01,249,62.0
2025-05-17 20:58:34,-96.6820,35.5205, 185.4,12683,-58.7,-71.0,-66.4, 19, 34, 0.01,249,62.1
2025-05-17 20:58:35,-96.6813,35.5207, 185.3,12687,-58.6,-71.0,-66.4, 19, 34, 0.01,249,62.1
2025-05-17 20:58:36,-96.6807,35.5209, 185.2,12692,-58.5,-71.0,-66.3, 19, 34, 0.01,249,62.2
2025-05-17 20:58:37,-96.6800,35.5211, 185.0,12696,-58.5,-71.0,-66.3, 19, 34, 0.02,249,62.3
2025-05-17 20:58:38,-96.6794,35.5213, 184.9,12701,-58.4,-71.0,-66.3, 19, 33, 0.02,249,62.3
2025-05-17 20:58:39,-96.6788,35.5215, 184.8,12705,-58.4,-71.0,-66.3, 19, 33, 0.02,249,62.4
2025-05-17 20:58:40,-96.6781,35.5217, 184.7,12708,-58.3,-71.0,-66.4, 19, 33, 0.01,249,62.4
2025-05-17 20:58:41,-96.6775,35.5219, 184.6,12713,-58.3,-71.1,-66.4, 18, 33, 0.01,249,62.4
2025-05-17 20:58:42,-96.6768,35.5221, 184.4,12717,-58.3,-71.1,-66.5, 18, 32, 0.01,250,62.5
2025-05-17 20:58:43,-96.6762,35.5223, 184.3,12722,-58.3,-71.2,-66.6, 18, 32, 0.01,250,62.5
2025-05-17 20:58:44,-96.6755,35.5224, 184.1,12727,-58.3,-71.2,-66.6, 18, 32, 0.01,250,62.6
2025-05-17 20:58:45,-96.6749,35.5226, 184.0,12732,-58.3,-71.3,-66.6, 18, 31, 0.01,250,62.6
2025-05-17 20:58:46,-96.6742,35.5228, 183.9,12736,-58.2,-71.3,-66.7, 18, 31, 0.01,250,62.6
2025-05-17 20:58:47,-96.6736,35.5230, 183.7,12741,-58.2,-71.3,-66.7, 18, 31, 0.01,250,62.6
2025-05-17 20:58:48,-96.6729,35.5232, 183.6,12745,-58.2,-71.4,-66.7, 17, 31, 0.01,250,62.7
2025-05-17 20:58:49,-96.6723,35.5234, 183.5,12749,-58.2,-71.4,-66.8, 17, 31, 0.01,250,62.7
2025-05-17 20:58:50,-96.6716,35.5236, 183.4,12753,-58.3,-71.4,-66.8, 17, 31, 0.01,250,62.7
2025-05-17 20:58:51,-96.6710,35.5238, 183.3,12757,-58.3,-71.5,-66.8, 17, 31, 0.01,250,62.7
2025-05-17 20:58:52,-96.6703,35.5239, 183.1,12761,-58.3,-71.5,-66.9, 17, 30, 0.01,250,62.7
2025-05-17 20:58:53,-96.6697,35.5241, 183.0,12765,-58.3,-71.6,-66.9, 17, 30, 0.01,250,62.8
2025-05-17 20:58:54,-96.6690,35.5243, 182.9,12769,-58.4,-71.6,-67.0, 17, 30, 0.01,250,62.8
2025-05-17 20:58:55,-96.6684,35.5245, 182.8,12772,-58.4,-71.6,-67.0, 17, 30, 0.01,250,62.8
2025-05-17 20:58:56,-96.6677,35.5247, 182.7,12776,-58.4,-71.6,-67.0, 17, 31, 0.01,250,62.8
2025-05-17 20:58:57,-96.6671,35.5249, 182.6,12781,-58.5,-71.6,-67.0, 17, 31, 0.01,250,62.8
2025-05-17 20:58:58,-96.6664,35.5251, 182.4,12786,-58.5,-71.6,-67.0, 17, 31, 0.01,250,62.8
2025-05-17 20:58:59,-96.6658,35.5253, 182.3,12791,-58.5,-71.6,-66.9, 18, 31, 0.01,250,62.9
2025-05-17 20:59:00,-96.6651,35.5255, 182.2,12795,-58.6,-71.6,-66.9, 18, 31, 0.01,250,62.9
2025-05-17 20:59:01,-96.6645,35.5257, 182.0,12800,-58.6,-71.5,-66.9, 18, 32, 0.01,250,62.9
2025-05-17 20:59:02,-96.6638,35.5259, 181.9,12804,-58.6,-71.5,-66.9, 18, 32, 0.01,250,63.0
2025-05-17 20:59:03,-96.6632,35.5261, 181.8,12808,-58.6,-71.5,-66.8, 18, 32, 0.01,250,63.0
2025-05-17 20:59:04,-96.6625,35.5263, 181.7,12812,-58.7,-71.5,-66.8, 18, 32, 0.01,250,63.0
2025-05-17 20:59:05,-96.6619,35.5265, 181.6,12816,-58.7,-71.5,-66.8, 18, 32, 0.01,250,63.1
2025-05-17 20:59:06,-96.6612,35.5267, 181.4,12820,-58.7,-71.4,-66.8, 18, 33, 0.01,250,63.1
2025-05-17 20:59:07,-96.6606,35.5269, 181.3,12825,-58.7,-71.5,-66.8, 18, 33, 0.01,250,63.2
2025-05-17 20:59:08,-96.6600,35.5271, 181.2,12829,-58.8,-71.5,-66.8, 18, 33, 0.01,250,63.2
2025-05-17 20:59:09,-96.6593,35.5273, 181.0,12834,-58.8,-71.5,-66.9, 18, 33, 0.01,250,63.3
2025-05-17 20:59:10,-96.6587,35.5275, 180.9,12838,-58.8,-71.6,-66.9, 18, 32, 0.01,250,63.4
2025-05-17 20:59:11,-96.6580,35.5277, 180.8,12842,-58.9,-71.7,-67.0, 18, 32, 0.01,250,63.4
2025-05-17 20:59:12,-96.6574,35.5279, 180.7,12846,-58.9,-71.8,-67.1, 18, 32, 0.01,250,63.5
2025-05-17 20:59:13,-96.6567,35.5281, 180.6,12851,-58.9,-71.9,-67.2, 18, 31, 0.01,250,63.6
2025-05-17 20:59:14,-96.6561,35.5283, 180.4,12855,-58.9,-72.0,-67.4, 17, 31, 0.01,250,63.7
2025-05-17 20:59:15,-96.6554,35.5285, 180.3,12859,-58.9,-72.2,-67.5, 17, 30, 0.01,250,63.7
2025-05-17 20:59:16,-96.6547,35.5287, 180.2,12864,-59.0,-72.4,-67.7, 17, 29, 0.01,250,63.8
2025-05-17 20:59:17,-96.6541,35.5289, 180.1,12868,-59.0,-72.6,-67.9, 16, 29, 0.01,250,63.9
2025-05-17 20:59:18,-96.6534,35.5291, 179.9,12872,-59.0,-72.8,-68.2, 16, 28, 0.01,250,64.0
2025-05-17 20:59:19,-96.6527,35.5293, 179.8,12877,-59.0,-73.1,-68.4, 15, 27, 0.01,250,64.0
2025-05-17 20:59:20,-96.6520,35.5295, 179.7,12881,-58.9,-73.3,-68.7, 14, 25, 0.01,250,64.1
2025-05-17 20:59:21,-96.6514,35.5296, 179.6,12885,-58.9,-73.6,-68.9, 14, 24, 0.01,251,64.2
2025-05-17 20:59:22,-96.6507,35.5298, 179.4,12889,-58.8,-73.8,-69.1, 13, 24, 0.01,251,64.3
2025-05-17 20:59:23,-96.6500,35.5300, 179.3,12893,-58.8,-74.0,-69.3, 13, 23, 0.01,251,64.3
2025-05-17 20:59:24,-96.6493,35.5302, 179.2,12897,-58.7,-74.1,-69.4, 12, 22, 0.01,251,64.4
2025-05-17 20:59:25,-96.6487,35.5304, 179.1,12901,-58.6,-74.2,-69.5, 12, 22, 0.01,251,64.4
2025-05-17 20:59:26,-96.6480,35.5306, 179.0,12906,-58.6,-74.3,-69.6, 12, 21, 0.01,251,64.5
2025-05-17 20:59:27,-96.6473,35.5308, 178.8,12910,-58.6,-74.3,-69.6, 12, 21, 0.01,251,64.6
2025-05-17 20:59:28,-96.6466,35.5310, 178.7,12914,-58.6,-74.3,-69.6, 12, 21, 0.01,251,64.6
2025-05-17 20:59:29,-96.6460,35.5312, 178.6,12918,-58.6,-74.4,-69.7, 12, 21, 0.01,251,64.6
2025-05-17 20:59:30,-96.6453,35.5314, 178.5,12923,-58.6,-74.4,-69.7, 12, 21, 0.01,251,64.7
2025-05-17 20:59:31,-96.6446,35.5316, 178.3,12928,-58.7,-74.5,-69.8, 12, 21, 0.01,251,64.7
2025-05-17 20:59:32,-96.6439,35.5317, 178.2,12933,-58.7,-74.5,-69.8, 12, 21, 0.01,251,64.8
2025-05-17 20:59:33,-96.6433,35.5319, 178.1,12938,-58.7,-74.6,-69.9, 12, 21, 0.01,252,64.8
2025-05-17 20:59:34,-96.6426,35.5321, 177.9,12943,-58.8,-74.7,-70.0, 12, 21, 0.01,252,64.8
2025-05-17 20:59:35,-96.6419,35.5323, 177.8,12948,-58.8,-74.7,-70.0, 12, 21, 0.01,252,64.9
2025-05-17 20:59:36,-96.6412,35.5325, 177.6,12953,-58.8,-74.8,-70.1, 12, 20, 0.01,252,64.9
2025-05-17 20:59:37,-96.6406,35.5327, 177.5,12957,-58.9,-74.8,-70.1, 12, 20, 0.01,252,65.0
2025-05-17 20:59:38,-96.6399,35.5328, 177.4,12961,-58.9,-74.8,-70.1, 12, 20, 0.01,252,65.0
2025-05-17 20:59:39,-96.6392,35.5330, 177.3,12966,-58.9,-74.8,-70.1, 11, 20, 0.01,252,65.0
2025-05-17 20:59:40,-96.6386,35.5332, 177.1,12970,-58.9,-74.9,-70.2, 11, 20, 0.01,252,65.1
2025-05-17 20:59:41,-96.6379,35.5334, 177.0,12975,-58.9,-74.9,-70.2, 11, 20, 0.01,252,65.1
2025-05-17 20:59:42,-96.6372,35.5335, 176.9,12980,-58.9,-75.0,-70.3, 11, 20, 0.01,252,65.2
2025-05-17 20:59:43,-96.6365,35.5337, 176.8,12984,-58.9,-75.1,-70.4, 11, 20, 0.01,252,65.2
2025-05-17 20:59:44,-96.6358,35.5339, 176.6,12988,-58.9,-75.1,-70.4, 11, 20, 0.01,252,65.3
2025-05-17 20:59:45,-96.6351,35.5340, 176.5,12992,-58.9,-75.2,-70.5, 11, 19, 0.01,252,65.4
2025-05-17 20:59:46,-96.6345,35.5342, 176.4,12996,-58.9,-75.2,-70.5, 11, 19, 0.01,252,65.4
2025-05-17 20:59:47,-96.6338,35.5344, 176.3,13000,-58.9,-75.2,-70.5, 11, 19, 0.01,253,65.5
2025-05-17 20:59:48,-96.6331,35.5346, 176.2,13005,-58.9,-75.3,-70.6, 11, 19, 0.01,253,65.6
2025-05-17 20:59:49,-96.6324,35.5348, 176.0,13009,-59.0,-75.3,-70.6, 11, 19, 0.01,253,65.6
2025-05-17 20:59:50,-96.6317,35.5349, 175.9,13014,-59.0,-75.3,-70.6, 11, 19, 0.01,253,65.7
2025-05-17 20:59:51,-96.6310,35.5351, 175.8,13018,-59.0,-75.3,-70.6, 11, 19, 0.01,253,65.8
2025-05-17 20:59:52,-96.6303,35.5353, 175.7,13022,-59.1,-75.4,-70.7, 11, 19, 0.01,253,65.9
2025-05-17 20:59:53,-96.6296,35.5355, 175.6,13026,-59.1,-75.4,-70.7, 11, 19, 0.01,253,66.0
2025-05-17 20:59:54,-96.6289,35.5356, 175.4,13031,-59.1,-75.4,-70.7, 11, 19, 0.01,253,66.1
2025-05-17 20:59:55,-96.6282,35.5358, 175.3,13036,-59.2,-75.4,-70.7, 11, 19, 0.01,253,66.1
2025-05-17 20:59:56,-96.6275,35.5360, 175.2,13040,-59.2,-75.5,-70.7, 11, 19, 0.01,253,66.2
2025-05-17 20:59:57,-96.6268,35.5362, 175.0,13045,-59.2,-75.5,-70.7, 11, 19, 0.01,253,66.3
2025-05-17 20:59:58,-96.6261,35.5364, 174.9,13049,-59.3,-75.5,-70.8, 11, 19, 0.01,253,66.4
2025-05-17 20:59:59,-96.6254,35.5365, 174.8,13053,-59.3,-75.5,-70.8, 11, 20, 0.01,253,66.5
2025-05-17 21:00:00,-96.6247,35.5367, 174.7,13058,-59.3,-75.5,-70.8, 11, 20, 0.01,253,66.6
2025-05-17 21:00:01,-96.6240,35.5369, 174.6,13062,-59.3,-75.5,-70.8, 11, 20, 0.01,253,66.6
2025-05-17 21:00:02,-96.6233,35.5370, 174.4,13067,-59.3,-75.5,-70.8, 11, 20, 0.01,253,66.7
2025-05-17 21:00:03,-96.6226,35.5372, 174.3,13071,-59.3,-75.5,-70.8, 11, 20, 0.01,253,66.8
2025-05-17 21:00:04,-96.6219,35.5374, 174.2,13076,-59.3,-75.5,-70.8, 11, 20, 0.01,253,66.9
2025-05-17 21:00:05,-96.6212,35.5376, 174.1,13080,-59.3,-75.5,-70.8, 11, 20, 0.01,253,66.9
2025-05-17 21:00:06,-96.6205,35.5377, 173.9,13084,-59.4,-75.5,-70.8, 11, 20, 0.01,253,67.0
2025-05-17 21:00:07,-96.6198,35.5379, 173.8,13089,-59.4,-75.5,-70.8, 11, 20, 0.01,253,67.1
2025-05-17 21:00:08,-96.6191,35.5381, 173.7,13093,-59.4,-75.5,-70.8, 11, 20, 0.01,254,67.1
2025-05-17 21:00:09,-96.6183,35.5382, 173.6,13097,-59.4,-75.5,-70.8, 11, 20, 0.01,254,67.2
2025-05-17 21:00:10,-96.6176,35.5384, 173.5,13101,-59.4,-75.6,-70.8, 11, 20, 0.01,254,67.3
2025-05-17 21:00:11,-96.6169,35.5386, 173.4,13105,-59.5,-75.6,-70.9, 11, 20, 0.01,254,67.3
2025-05-17 21:00:12,-96.6162,35.5387, 173.3,13109,-59.5,-75.6,-70.9, 11, 20, 0.01,254,67.4
2025-05-17 21:00:13,-96.6155,35.5389, 173.1,13114,-59.5,-75.6,-70.9, 11, 20, 0.01,254,67.4
2025-05-17 21:00:14,-96.6148,35.5391, 173.0,13118,-59.5,-75.6,-70.9, 11, 20, 0.01,254,67.5
2025-05-17 21:00:15,-96.6141,35.5393, 172.9,13122,-59.5,-75.6,-70.9, 11, 20, 0.01,254,67.5
2025-05-17 21:00:16,-96.6133,35.5394, 172.8,13126,-59.6,-75.6,-70.8, 11, 20, 0.01,254,67.5
2025-05-17 21:00:17,-96.6126,35.5396, 172.7,13130,-59.6,-75.6,-70.8, 11, 20, 0.01,254,67.6
2025-05-17 21:00:18,-96.6119,35.5398, 172.6,13133,-59.6,-75.6,-70.9, 11, 20, 0.01,254,67.6
2025-05-17 21:00:19,-96.6112,35.5399, 172.5,13137,-59.6,-75.6,-70.9, 11, 20, 0.01,254,67.6
2025-05-17 21:00:20,-96.6105,35.5401, 172.4,13141,-59.7,-75.6,-70.9, 11, 20, 0.01,254,67.7
2025-05-17 21:00:21,-96.6098,35.5402, 172.3,13145,-59.7,-75.6,-70.9, 11, 20, 0.01,253,67.7
2025-05-17 21:00:22,-96.6091,35.5404, 172.1,13150,-59.7,-75.6,-70.9, 11, 20, 0.01,253,67.7
2025-05-17 21:00:23,-96.6083,35.5406, 172.0,13155,-59.7,-75.7,-71.0, 11, 20, 0.01,253,67.8
2025-05-17 21:00:24,-96.6076,35.5408, 171.9,13159,-59.7,-75.7,-71.0, 11, 20, 0.01,253,67.8
2025-05-17 21:00:25,-96.6069,35.5410, 171.7,13164,-59.8,-75.7,-71.0, 11, 20, 0.01,253,67.8
2025-05-17 21:00:26,-96.6062,35.5411, 171.6,13168,-59.8,-75.8,-71.0, 11, 20, 0.01,253,67.8
2025-05-17 21:00:27,-96.6055,35.5413, 171.5,13173,-59.8,-75.8,-71.1, 11, 20, 0.01,253,67.9
2025-05-17 21:00:28,-96.6048,35.5415, 171.4,13177,-59.9,-75.8,-71.1, 11, 20, 0.01,253,67.9
2025-05-17 21:00:29,-96.6040,35.5417, 171.2,13182,-59.9,-75.9,-71.2, 11, 20, 0.01,253,67.9
2025-05-17 21:00:30,-96.6033,35.5418, 171.1,13188,-59.9,-75.9,-71.2, 11, 20, 0.01,253,67.9
2025-05-17 21:00:31,-96.6026,35.5420, 171.0,13193,-60.0,-75.9,-71.2, 11, 20, 0.01,253,67.9
2025-05-17 21:00:32,-96.6019,35.5422, 170.8,13197,-60.0,-75.9,-71.2, 11, 20, 0.01,253,67.9
2025-05-17 21:00:33,-96.6012,35.5424, 170.7,13201,-60.0,-75.9,-71.2, 11, 20, 0.01,253,67.9
2025-05-17 21:00:34,-96.6005,35.5426, 170.6,13205,-60.1,-75.9,-71.2, 11, 20, 0.01,253,68.0
2025-05-17 21:00:35,-96.5997,35.5428, 170.5,13209,-60.1,-75.9,-71.2, 11, 20, 0.01,253,68.0
2025-05-17 21:00:36,-96.5990,35.5429, 170.4,13213,-60.1,-75.9,-71.2, 11, 20, 0.01,253,68.0
2025-05-17 21:00:37,-96.5983,35.5431, 170.3,13217,-60.1,-75.9,-71.2, 11, 21, 0.01,253,68.0
2025-05-17 21:00:38,-96.5976,35.5433, 170.1,13222,-60.2,-75.9,-71.2, 11, 21, 0.01,253,68.0
2025-05-17 21:00:39,-96.5969,35.5435, 170.0,13227,-60.2,-76.0,-71.3, 11, 21, 0.01,253,68.0
2025-05-17 21:00:40,-96.5962,35.5437, 169.9,13232,-60.2,-76.0,-71.3, 11, 21, 0.01,253,68.0
2025-05-17 21:00:41,-96.5955,35.5438, 169.7,13237,-60.3,-76.0,-71.3, 11, 21, 0.01,253,67.9
2025-05-17 21:00:42,-96.5948,35.5440, 169.6,13241,-60.3,-76.0,-71.3, 11, 21, 0.01,253,67.9
2025-05-17 21:00:43,-96.5940,35.5442, 169.5,13245,-60.3,-76.1,-71.3, 11, 21, 0.01,253,67.9
2025-05-17 21:00:44,-96.5933,35.5444, 169.4,13249,-60.3,-76.1,-71.4, 12, 21, 0.01,253,67.9
2025-05-17 21:00:45,-96.5926,35.5446, 169.3,13252,-60.4,-76.1,-71.4, 12, 21, 0.01,254,67.9
2025-05-17 21:00:46,-96.5919,35.5447, 169.2,13256,-60.4,-76.1,-71.4, 12, 21, 0.01,254,67.9
2025-05-17 21:00:47,-96.5911,35.5449, 169.1,13260,-60.5,-76.1,-71.4, 12, 21, 0.01,254,67.8
2025-05-17 21:00:48,-96.5904,35.5451, 169.0,13265,-60.5,-76.1,-71.4, 12, 21, 0.01,254,67.8
2025-05-17 21:00:49,-96.5897,35.5452, 168.8,13270,-60.5,-76.1,-71.4, 12, 21, 0.01,254,67.8
2025-05-17 21:00:50,-96.5890,35.5454, 168.7,13275,-60.6,-76.1,-71.4, 12, 21, 0.01,254,67.8
2025-05-17 21:00:51,-96.5883,35.5456, 168.6,13279,-60.6,-76.1,-71.4, 12, 21, 0.01,254,67.7
2025-05-17 21:00:52,-96.5876,35.5458, 168.5,13284,-60.6,-76.1,-71.4, 12, 21, 0.01,254,67.7
2025-05-17 21:00:53,-96.5868,35.5459, 168.4,13288,-60.6,-76.1,-71.4, 12, 21, 0.01,254,67.7
2025-05-17 21:00:54,-96.5861,35.5461, 168.3,13292,-60.7,-76.1,-71.4, 12, 22, 0.01,254,67.6
2025-05-17 21:00:55,-96.5854,35.5462, 168.1,13296,-60.7,-76.1,-71.4, 12, 22, 0.01,254,67.6
2025-05-17 21:00:56,-96.5847,35.5464, 168.0,13301,-60.7,-76.1,-71.4, 12, 22, 0.01,254,67.6
2025-05-17 21:00:57,-96.5840,35.5466, 167.9,13306,-60.8,-76.1,-71.4, 12, 22, 0.01,254,67.5
2025-05-17 21:00:58,-96.5833,35.5467, 167.7,13311,-60.8,-76.2,-71.5, 12, 22, 0.01,254,67.5
2025-05-17 21:00:59,-96.5825,35.5469, 167.6,13315,-60.8,-76.2,-71.5, 12, 22, 0.01,255,67.4
2025-05-17 21:01:00,-96.5818,35.5471, 167.5,13319,-60.9,-76.2,-71.5, 12, 22, 0.01,255,67.4
2025-05-17 21:01:01,-96.5811,35.5472, 167.4,13324,-60.9,-76.3,-71.6, 12, 22, 0.01,255,67.3
2025-05-17 21:01:02,-96.5804,35.5474, 167.3,13328,-60.9,-76.3,-71.6, 12, 22, 0.01,255,67.3
2025-05-17 21:01:03,-96.5797,35.5475, 167.1,13334,-60.9,-76.3,-71.6, 12, 22, 0.01,255,67.2
2025-05-17 21:01:04,-96.5790,35.5477, 167.0,13339,-61.0,-76.4,-71.6, 12, 22, 0.01,255,67.2
2025-05-17 21:01:05,-96.5783,35.5478, 166.8,13344,-61.0,-76.4,-71.7, 12, 21, 0.01,255,67.1
2025-05-17 21:01:06,-96.5775,35.5480, 166.7,13350,-61.0,-76.4,-71.7, 12, 21, 0.01,255,67.0
2025-05-17 21:01:07,-96.5768,35.5481, 166.6,13355,-61.0,-76.4,-71.7, 12, 22, 0.01,255,67.0
2025-05-17 21:01:08,-96.5761,35.5483, 166.4,13359,-61.0,-76.4,-71.7, 12, 22, 0.01,255,66.9
2025-05-17 21:01:09,-96.5754,35.5484, 166.3,13363,-61.0,-76.4,-71.7, 12, 22, 0.01,255,66.8
2025-05-17 21:01:10,-96.5747,35.5486, 166.2,13367,-61.1,-76.4,-71.7, 12, 22, 0.01,255,66.7
2025-05-17 21:01:11,-96.5740,35.5488, 166.1,13371,-61.1,-76.5,-71.7, 12, 22, 0.01,255,66.6
2025-05-17 21:01:12,-96.5733,35.5489, 166.0,13375,-61.1,-76.5,-71.8, 12, 22, 0.01,255,66.6
2025-05-17 21:01:13,-96.5726,35.5490, 165.9,13379,-61.2,-76.6,-71.8, 12, 21, 0.01,255,66.5
2025-05-17 21:01:14,-96.5718,35.5492, 165.8,13384,-61.2,-76.7,-71.9, 12, 21, 0.01,256,66.4
2025-05-17 21:01:15,-96.5711,35.5494, 165.7,13389,-61.3,-76.8,-72.1, 12, 21, 0.01,256,66.3
2025-05-17 21:01:16,-96.5704,35.5495, 165.5,13394,-61.4,-76.9,-72.2, 12, 21, 0.01,256,66.2
2025-05-17 21:01:17,-96.5697,35.5496, 165.4,13398,-61.4,-77.0,-72.3, 11, 21, 0.01,256,66.1
2025-05-17 21:01:18,-96.5690,35.5498, 165.3,13403,-61.4,-77.1,-72.4, 11, 20, 0.01,256,66.0
2025-05-17 21:01:19,-96.5683,35.5499, 165.1,13408,-61.4,-77.2,-72.5, 11, 20, 0.01,256,65.9
2025-05-17 21:01:20,-96.5676,35.5501, 165.0,13413,-61.4,-77.3,-72.6, 11, 20, 0.01,256,65.8
2025-05-17 21:01:21,-96.5669,35.5502, 164.9,13418,-61.4,-77.3,-72.6, 11, 20, 0.01,256,65.7
2025-05-17 21:01:22,-96.5662,35.5504, 164.7,13423,-61.4,-77.4,-72.7, 11, 19, 0.01,256,65.5
2025-05-17 21:01:23,-96.5655,35.5505, 164.6,13429,-61.3,-77.5,-72.7, 11, 19, 0.01,256,65.4
2025-05-17 21:01:24,-96.5648,35.5507, 164.4,13434,-61.3,-77.5,-72.8, 10, 19, 0.01,256,65.3
2025-05-17 21:01:25,-96.5641,35.5508, 164.3,13439,-61.3,-77.6,-72.9, 10, 19, 0.01,256,65.2
2025-05-17 21:01:26,-96.5634,35.5509, 164.2,13445,-61.3,-77.6,-72.9, 10, 19, 0.01,256,65.1
2025-05-17 21:01:27,-96.5627,35.5511, 164.0,13450,-61.3,-77.7,-72.9, 10, 18, 0.01,256,65.0
2025-05-17 21:01:28,-96.5620,35.5512, 163.9,13455,-61.3,-77.7,-73.0, 10, 18, 0.01,256,64.9
2025-05-17 21:01:29,-96.5614,35.5513, 163.8,13459,-61.3,-77.7,-73.0, 10, 18, 0.01,256,64.8
2025-05-17 21:01:30,-96.5607,35.5515, 163.7,13464,-61.4,-77.7,-73.0, 10, 18, 0.01,256,64.7
2025-05-17 21:01:31,-96.5600,35.5516, 163.5,13468,-61.4,-77.7,-73.0, 10, 19, 0.01,256,64.6
2025-05-17 21:01:32,-96.5593,35.5517, 163.4,13473,-61.4,-77.7,-73.0, 10, 19, 0.01,256,64.5
2025-05-17 21:01:33,-96.5586,35.5519, 163.3,13478,-61.5,-77.7,-73.0, 10, 19, 0.01,256,64.4
2025-05-17 21:01:34,-96.5579,35.5520, 163.2,13483,-61.5,-77.7,-72.9, 11, 19, 0.01,256,64.3
2025-05-17 21:01:35,-96.5573,35.5521, 163.0,13488,-61.6,-77.6,-72.9, 11, 19, 0.01,256,64.3
2025-05-17 21:01:36,-96.5566,35.5523, 162.9,13493,-61.6,-77.6,-72.9, 11, 20, 0.01,256,64.2
2025-05-17 21:01:37,-96.5559,35.5524, 162.8,13497,-61.7,-77.6,-72.8, 11, 20, 0.01,256,64.1
2025-05-17 21:01:38,-96.5552,35.5526, 162.7,13502,-61.7,-77.5,-72.8, 11, 20, 0.01,256,64.0
2025-05-17 21:01:39,-96.5545,35.5527, 162.5,13506,-61.7,-77.5,-72.7, 11, 20, 0.01,256,63.9
2025-05-17 21:01:40,-96.5538,35.5528, 162.4,13511,-61.8,-77.4,-72.7, 11, 20, 0.01,256,63.8
2025-05-17 21:01:41,-96.5532,35.5530, 162.3,13517,-61.8,-77.4,-72.6, 11, 21, 0.01,256,63.8
2025-05-17 21:01:42,-96.5525,35.5531, 162.1,13522,-61.8,-77.3,-72.6, 12, 21, 0.01,256,63.7
2025-05-17 21:01:43,-96.5518,35.5533, 162.0,13527,-61.9,-77.3,-72.5, 12, 21, 0.01,256,63.6
2025-05-17 21:01:44,-96.5511,35.5534, 161.9,13532,-61.9,-77.2,-72.5, 12, 22, 0.01,256,63.5
2025-05-17 21:01:45,-96.5504,35.5535, 161.8,13536,-62.0,-77.2,-72.4, 12, 22, 0.01,256,63.4
2025-05-17 21:01:46,-96.5498,35.5536, 161.7,13540,-62.0,-77.1,-72.4, 12, 22, 0.01,256,63.3
2025-05-17 21:01:47,-96.5491,35.5538, 161.5,13545,-62.0,-77.1,-72.4, 12, 22, 0.01,256,63.2
2025-05-17 21:01:48,-96.5484,35.5539, 161.4,13550,-62.0,-77.1,-72.4, 12, 22, 0.01,256,63.1
2025-05-17 21:01:49,-96.5477,35.5541, 161.3,13555,-62.1,-77.1,-72.4, 12, 22, 0.01,256,63.0
2025-05-17 21:01:50,-96.5471,35.5542, 161.1,13560,-62.1,-77.1,-72.4, 12, 22, 0.01,256,62.9
2025-05-17 21:01:51,-96.5464,35.5544, 161.0,13565,-62.1,-77.1,-72.4, 12, 22, 0.01,256,62.8
2025-05-17 21:01:52,-96.5457,35.5545, 160.9,13570,-62.1,-77.2,-72.4, 12, 22, 0.01,256,62.7
2025-05-17 21:01:53,-96.5450,35.5547, 160.8,13574,-62.1,-77.2,-72.5, 12, 22, 0.01,256,62.6
2025-05-17 21:01:54,-96.5444,35.5548, 160.7,13578,-62.2,-77.3,-72.6, 12, 22, 0.01,256,62.5
2025-05-17 21:01:55,-96.5437,35.5550, 160.5,13583,-62.2,-77.4,-72.6, 12, 22, 0.01,256,62.4
2025-05-17 21:01:56,-96.5430,35.5551, 160.4,13588,-62.2,-77.4,-72.7, 12, 22, 0.01,256,62.3
2025-05-17 21:01:57,-96.5423,35.5552, 160.2,13594,-62.2,-77.5,-72.8, 12, 21, 0.01,256,62.2
2025-05-17 21:01:58,-96.5417,35.5554, 160.1,13600,-62.2,-77.6,-72.8, 12, 21, 0.01,256,62.0
2025-05-17 21:01:59,-96.5411,35.5555, 159.9,13606,-62.2,-77.6,-72.9, 11, 21, 0.01,256,61.9
2025-05-17 21:02:00,-96.5404,35.5556, 159.8,13611,-62.2,-77.7,-73.0, 11, 21, 0.01,256,61.8
2025-05-17 21:02:01,-96.5398,35.5558, 159.7,13615,-62.1,-77.7,-73.0, 11, 21, 0.01,256,61.6
2025-05-17 21:02:02,-96.5391,35.5559, 159.6,13619,-62.1,-77.8,-73.0, 11, 20, 0.01,256,61.5
2025-05-17 21:02:03,-96.5384,35.5561, 159.5,13624,-62.1,-77.8,-73.1, 11, 20, 0.01,256,61.4
2025-05-17 21:02:04,-96.5378,35.5562, 159.4,13629,-62.1,-77.8,-73.1, 11, 20, 0.01,256,61.2
2025-05-17 21:02:05,-96.5371,35.5563, 159.2,13634,-62.1,-77.8,-73.1, 11, 20, 0.01,255,61.1
2025-05-17 21:02:06,-96.5365,35.5565, 159.1,13640,-62.2,-77.9,-73.2, 11, 20, 0.01,255,61.0
2025-05-17 21:02:07,-96.5358,35.5566, 158.9,13645,-62.2,-77.9,-73.2, 11, 20, 0.01,255,60.8
2025-05-17 21:02:08,-96.5352,35.5567, 158.8,13651,-62.3,-78.0,-73.2, 11, 20, 0.01,255,60.7
2025-05-17 21:02:09,-96.5345,35.5569, 158.6,13656,-62.3,-78.0,-73.3, 11, 20, 0.01,255,60.6
2025-05-17 21:02:10,-96.5339,35.5570, 158.5,13662,-62.3,-78.0,-73.3, 11, 20, 0.01,255,60.5
2025-05-17 21:02:11,-96.5333,35.5572, 158.4,13667,-62.3,-78.0,-73.3, 11, 20, 0.01,255,60.3
2025-05-17 21:02:12,-96.5327,35.5573, 158.2,13672,-62.3,-78.1,-73.3, 11, 20, 0.01,255,60.2
2025-05-17 21:02:13,-96.5320,35.5574, 158.1,13677,-62.4,-78.1,-73.3, 11, 20, 0.01,255,60.1
2025-05-17 21:02:14,-96.5314,35.5575, 158.0,13682,-62.4,-78.1,-73.4, 11, 20, 0.01,255,60.0
2025-05-17 21:02:15,-96.5307,35.5577, 157.9,13687,-62.4,-78.1,-73.4, 11, 20, 0.01,255,59.9
2025-05-17 21:02:16,-96.5301,35.5578, 157.7,13692,-62.5,-78.1,-73.4, 11, 20, 0.01,255,59.8
2025-05-17 21:02:17,-96.5295,35.5579, 157.6,13698,-62.5,-78.1,-73.4, 11, 20, 0.01,255,59.7
2025-05-17 21:02:18,-96.5288,35.5581, 157.4,13704,-62.5,-78.1,-73.4, 11, 20, 0.01,255,59.6
2025-05-17 21:02:19,-96.5282,35.5582, 157.3,13710,-62.5,-78.2,-73.4, 11, 20, 0.01,255,59.5
2025-05-17 21:02:20,-96.5276,35.5584, 157.1,13715,-62.5,-78.2,-73.4, 11, 20, 0.01,255,59.4
2025-05-17 21:02:21,-96.5269,35.5585, 157.0,13720,-62.6,-78.2,-73.4, 11, 20, 0.01,255,59.3
2025-05-17 21:02:22,-96.5263,35.5586, 156.9,13724,-62.6,-78.2,-73.5, 11, 20, 0.01,255,59.2
2025-05-17 21:02:23,-96.5257,35.5588, 156.8,13729,-62.6,-78.2,-73.5, 11, 20, 0.01,255,59.1
2025-05-17 21:02:24,-96.5251,35.5589, 156.7,13734,-62.6,-78.3,-73.5, 11, 20, 0.01,255,59.0
2025-05-17 21:02:25,-96.5245,35.5590, 156.5,13740,-62.7,-78.3,-73.6, 11, 20, 0.01,255,58.9
2025-05-17 21:02:26,-96.5238,35.5592, 156.4,13746,-62.7,-78.4,-73.6, 11, 20, 0.01,255,58.9
2025-05-17 21:02:27,-96.5232,35.5593, 156.2,13752,-62.7,-78.4,-73.7, 11, 20, 0.01,255,58.8
2025-05-17 21:02:28,-96.5226,35.5595, 156.1,13757,-62.7,-78.4,-73.7, 11, 20, 0.01,255,58.7
2025-05-17 21:02:29,-96.5220,35.5596, 155.9,13763,-62.7,-78.4,-73.7, 11, 20, 0.01,255,58.6
2025-05-17 21:02:30,-96.5213,35.5597, 155.8,13768,-62.8,-78.5,-73.7, 11, 20, 0.01,255,58.5
2025-05-17 21:02:31,-96.5207,35.5599, 155.7,13773,-62.8,-78.5,-73.7, 11, 20, 0.01,255,58.4
2025-05-17 21:02:32,-96.5201,35.5600, 155.5,13778,-62.8,-78.5,-73.8, 11, 20, 0.01,255,58.3
2025-05-17 21:02:33,-96.5195,35.5601, 155.4,13783,-62.8,-78.5,-73.8, 11, 20, 0.01,254,58.2
2025-05-17 21:02:34,-96.5189,35.5603, 155.3,13788,-62.9,-78.6,-73.8, 11, 20, 0.01,254,58.1
2025-05-17 21:02:35,-96.5182,35.5604, 155.2,13792,-62.9,-78.6,-73.9, 11, 20, 0.01,254,58.0
2025-05-17 21:02:36,-96.5176,35.5606, 155.1,13797,-62.9,-78.7,-73.9, 11, 20, 0.01,254,57.9
2025-05-17 21:02:37,-96.5170,35.5607, 154.9,13802,-63.0,-78.7,-74.0, 11, 20, 0.01,254,57.8
2025-05-17 21:02:38,-96.5164,35.5609, 154.8,13807,-63.0,-78.8,-74.0, 11, 20, 0.01,254,57.7
2025-05-17 21:02:39,-96.5158,35.5610, 154.7,13812,-63.0,-78.8,-74.1, 11, 20, 0.01,254,57.6
2025-05-17 21:02:40,-96.5152,35.5612, 154.5,13818,-63.0,-78.9,-74.1, 11, 19, 0.01,254,57.5
2025-05-17 21:02:41,-96.5146,35.5613, 154.4,13823,-63.0,-78.9,-74.2, 10, 19, 0.01,254,57.4
2025-05-17 21:02:42,-96.5139,35.5614, 154.3,13827,-63.0,-78.9,-74.2, 10, 19, 0.01,254,57.3
2025-05-17 21:02:43,-96.5133,35.5616, 154.2,13832,-62.9,-79.0,-74.2, 10, 19, 0.01,254,57.2
2025-05-17 21:02:44,-96.5127,35.5617, 154.1,13837,-62.8,-79.0,-74.3, 10, 19, 0.01,254,57.1
2025-05-17 21:02:45,-96.5121,35.5619, 154.0,13841,-62.8,-79.1,-74.3, 10, 18, 0.01,254,57.0
2025-05-17 21:02:46,-96.5115,35.5620, 153.8,13846,-62.8,-79.1,-74.4, 10, 18, 0.01,254,56.9
2025-05-17 21:02:47,-96.5110,35.5621, 153.7,13851,-62.8,-79.2,-74.5, 10, 18, 0.01,254,56.8
2025-05-17 21:02:48,-96.5104,35.5623, 153.6,13856,-62.7,-79.3,-74.5, 10, 18, 0.01,254,56.7
2025-05-17 21:02:49,-96.5098,35.5624, 153.5,13861,-62.7,-79.3,-74.6,  9, 17, 0.01,253,56.6
2025-05-17 21:02:50,-96.5092,35.5626, 153.3,13865,-62.7,-79.4,-74.7,  9, 17, 0.01,253,56.5
2025-05-17 21:02:51,-96.5086,35.5627, 153.2,13870,-62.6,-79.5,-74.7,  9, 17, 0.01,253,56.4
2025-05-17 21:02:52,-96.5080,35.5629, 153.1,13875,-62.6,-79.5,-74.8,  9, 17, 0.01,253,56.3
2025-05-17 21:02:53,-96.5074,35.5630, 153.0,13880,-62.5,-79.6,-74.8,  9, 16, 0.01,253,56.2
2025-05-17 21:02:54,-96.5068,35.5632, 152.9,13885,-62.4,-79.6,-74.9,  9, 16, 0.01,253,56.1
2025-05-17 21:02:55,-96.5063,35.5633, 152.7,13890,-62.4,-79.7,-74.9,  9, 16, 0.01,253,56.0
2025-05-17 21:02:56,-96.5057,35.5635, 152.6,13895,-62.3,-79.7,-75.0,  9, 16, 0.00,253,56.0
2025-05-17 21:02:57,-96.5051,35.5636, 152.5,13900,-62.3,-79.8,-75.1,  8, 15, 0.00,253,55.9
2025-05-17 21:02:58,-96.5045,35.5638, 152.4,13905,-62.3,-79.9,-75.1,  8, 15, 0.00,253,55.8
2025-05-17 21:02:59,-96.5039,35.5639, 152.3,13909,-62.4,-80.0,-75.2,  8, 15, 0.00,253,55.8
2025-05-17 21:03:00,-96.5033,35.5640, 152.2,13914,-62.4,-80.1,-75.3,  8, 15, 0.00,253,55.7
2025-05-17 21:03:01,-96.5028,35.5642, 152.0,13918,-62.4,-80.1,-75.4,  8, 15, 0.00,253,55.6
2025-05-17 21:03:02,-96.5022,35.5644, 151.9,13922,-62.4,-80.2,-75.4,  8, 14, 0.00,253,55.6
2025-05-17 21:03:03,-96.5016,35.5645, 151.8,13927,-62.3,-80.2,-75.5,  8, 14, 0.00,252,55.5
2025-05-17 21:03:04,-96.5010,35.5647, 151.7,13932,-62.3,-80.3,-75.5,  8, 14, 0.00,252,55.4
2025-05-17 21:03:05,-96.5004,35.5648, 151.6,13937,-62.2,-80.3,-75.6,  8, 14, 0.00,252,55.3
2025-05-17 21:03:06,-96.4998,35.5650, 151.5,13942,-62.1,-80.3,-75.6,  8, 14, 0.00,252,55.2
2025-05-17 21:03:07,-96.4992,35.5651, 151.3,13947,-62.1,-80.3,-75.6,  7, 14, 0.00,252,55.2
2025-05-17 21:03:08,-96.4987,35.5653, 151.2,13951,-62.0,-80.3,-75.6,  7, 13, 0.00,252,55.1
2025-05-17 21:03:09,-96.4981,35.5655, 151.1,13956,-61.9,-80.3,-75.6,  7, 13, 0.00,252,55.0
2025-05-17 21:03:10,-96.4975,35.5656, 151.0,13960,-61.9,-80.3,-75.6,  7, 13, 0.00,252,54.9
2025-05-17 21:03:11,-96.4969,35.5658, 150.9,13964,-61.8,-80.3,-75.6,  7, 13, 0.00,252,54.7
2025-05-17 21:03:12,-96.4964,35.5660, 150.8,13968,-61.7,-80.3,-75.6,  7, 13, 0.00,252,54.6
2025-05-17 21:03:13,-96.4958,35.5661, 150.7,13972,-61.6,-80.3,-75.6,  7, 13, 0.00,252,54.5
2025-05-17 21:03:14,-96.4952,35.5662, 150.6,13976,-61.6,-80.4,-75.6,  7, 13, 0.00,252,54.3
2025-05-17 21:03:15,-96.4946,35.5664, 150.5,13980,-61.6,-80.4,-75.7,  7, 13, 0.00,252,54.2
2025-05-17 21:03:16,-96.4941,35.5665, 150.4,13985,-61.6,-80.5,-75.8,  7, 12, 0.00,252,54.0
2025-05-17 21:03:17,-96.4935,35.5667, 150.3,13990,-61.6,-80.6,-75.9,  7, 12, 0.00,252,53.9
2025-05-17 21:03:18,-96.4930,35.5668, 150.1,13996,-61.5,-80.7,-76.0,  7, 12, 0.00,252,53.7
2025-05-17 21:03:19,-96.4923,35.5670, 150.0,14002,-61.5,-80.8,-76.1,  6, 12, 0.00,252,53.7
2025-05-17 21:03:20,-96.4918,35.5671, 149.8,14011,-61.4,-80.9,-76.1,  6, 11, 0.00,253,53.3
2025-05-17 21:03:21,-96.4912,35.5673, 149.6,14019,-61.3,-81.0,-76.2,  6, 11, 0.00,253,53.1
2025-05-17 21:03:22,-96.4906,35.5674, 149.4,14025,-61.2,-81.1,-76.3,  6, 11, 0.00,253,52.9
2025-05-17 21:03:23,-96.4901,35.5675, 149.3,14032,-61.2,-81.1,-76.4,  6, 11, 0.00,253,52.7
2025-05-17 21:03:24,-96.4896,35.5676, 149.1,14038,-61.1,-81.2,-76.4,  6, 10, 0.00,253,52.5
2025-05-17 21:03:25,-96.4891,35.5677, 149.0,14044,-61.1,-81.2,-76.5,  6, 10, 0.00,253,52.2
2025-05-17 21:03:26,-96.4886,35.5679, 148.8,14050,-61.0,-81.2,-76.5,  6, 10, 0.00,253,52.0
2025-05-17 21:03:27,-96.4880,35.5680, 148.7,14056,-61.0,-81.2,-76.5,  6, 10, 0.00,253,51.8
2025-05-17 21:03:28,-96.4874,35.5682, 148.6,14060,-60.9,-81.2,-76.4,  6, 10, 0.00,253,51.5
2025-05-17 21:03:29,-96.4868,35.5683, 148.5,14064,-60.9,-81.2,-76.4,  6, 10, 0.00,253,51.3
2025-05-17 21:03:30,-96.4862,35.5684, 148.4,14069,-61.0,-81.2,-76.4,  6, 10, 0.00,253,51.0
2025-05-17 21:03:31,-96.4857,35.5686, 148.3,14074,-61.0,-81.2,-76.5,  6, 10, 0.00,253,50.8
2025-05-17 21:03:32,-96.4852,35.5687, 148.1,14079,-61.1,-81.3,-76.6,  6, 10, 0.00,253,50.5
2025-05-17 21:03:33,-96.4847,35.5689, 148.0,14086,-61.1,-81.4,-76.6,  6, 10, 0.00,253,50.3
2025-05-17 21:03:34,-96.4842,35.5691, 147.8,14093,-61.1,-81.5,-76.7,  6, 10, 0.00,253,50.0
2025-05-17 21:03:35,-96.4837,35.5692, 147.6,14100,-61.2,-81.6,-76.9,  5, 10, 0.00,252,49.8
2025-05-17 21:03:36,-96.4832,35.5693, 147.5,14106,-61.1,-81.7,-76.9,  5, 10, 0.00,252,49.5
2025-05-17 21:03:37,-96.4827,35.5694, 147.4,14112,-61.1,-81.8,-77.0,  5, 10, 0.00,252,49.3
2025-05-17 21:03:38,-96.4821,35.5695, 147.2,14117,-61.1,-81.8,-77.1,  5,  9, 0.00,252,49.1
2025-05-17 21:03:39,-96.4816,35.5697, 147.1,14121,-61.1,-81.9,-77.1,  5,  9, 0.00,252,48.8
2025-05-17 21:03:40,-96.4811,35.5698, 147.0,14126,-61.1,-81.9,-77.2,  5,  9, 0.00,252,48.6
2025-05-17 21:03:41,-96.4806,35.5700, 146.9,14131,-61.1,-82.0,-77.2,  5,  9, 0.00,252,48.3
2025-05-17 21:03:42,-96.4802,35.5701, 146.8,14137,-61.1,-82.0,-77.2,  5,  9, 0.00,252,48.1
2025-05-17 21:03:43,-96.4797,35.5702, 146.6,14144,-61.1,-82.0,-77.2,  5,  9, 0.00,252,47.9
2025-05-17 21:03:44,-96.4792,35.5704, 146.5,14150,-61.2,-82.0,-77.2,  5,  9, 0.00,252,47.7
2025-05-17 21:03:45,-96.4787,35.5705, 146.3,14155,-61.2,-82.0,-77.3,  5,  9, 0.00,252,47.4
2025-05-17 21:03:46,-96.4781,35.5706, 146.2,14160,-61.2,-82.1,-77.3,  5,  9, 0.00,252,47.2
2025-05-17 21:03:47,-96.4777,35.5708, 146.1,14164,-61.2,-82.1,-77.4,  5,  9, 0.00,252,47.0
2025-05-17 21:03:48,-96.4772,35.5709, 146.0,14168,-61.2,-82.2,-77.5,  5,  9, 0.00,252,46.8
2025-05-17 21:03:49,-96.4767,35.5710, 145.9,14173,-61.3,-82.4,-77.6,  5,  9, 0.00,252,46.6
2025-05-17 21:03:50,-96.4762,35.5711, 145.8,14177,-61.3,-82.5,-77.8,  5,  9, 0.00,252,46.4
2025-05-17 21:03:51,-96.4757,35.5712, 145.7,14182,-61.3,-82.6,-77.9,  5,  8, 0.00,252,46.2
2025-05-17 21:03:52,-96.4753,35.5714, 145.6,14187,-61.3,-82.8,-78.0,  5,  8, 0.00,252,46.0
2025-05-17 21:03:53,-96.4748,35.5715, 145.5,14192,-61.3,-82.9,-78.1,  4,  8, 0.00,252,45.8
2025-05-17 21:03:54,-96.4743,35.5716, 145.4,14197,-61.3,-83.0,-78.3,  4,  8, 0.00,252,45.6
2025-05-17 21:03:55,-96.4738,35.5717, 145.2,14202,-61.3,-83.1,-78.4,  4,  8, 0.00,252,45.4
2025-05-17 21:03:56,-96.4733,35.5718, 145.1,14208,-61.2,-83.2,-78.4,  4,  8, 0.00,252,45.2
2025-05-17 21:03:57,-96.4729,35.5720, 145.0,14214,-61.2,-83.2,-78.5,  4,  8, 0.00,252,45.0
2025-05-17 21:03:58,-96.4724,35.5721, 144.8,14220,-61.2,-83.3,-78.5,  4,  8, 0.00,252,44.8
2025-05-17 21:03:59,-96.4720,35.5723, 144.7,14224,-61.1,-83.3,-78.5,  4,  7, 0.00,252,44.6
2025-05-17 21:04:00,-96.4715,35.5724, 144.6,14229,-61.0,-83.3,-78.5,  4,  7, 0.00,252,44.4
2025-05-17 21:04:01,-96.4711,35.5725, 144.5,14234,-60.9,-83.2,-78.5,  4,  7, 0.00,252,44.3
2025-05-17 21:04:02,-96.4706,35.5726, 144.4,14238,-60.8,-83.2,-78.4,  4,  7, 0.00,251,44.1
2025-05-17 21:04:03,-96.4701,35.5727, 144.3,14243,-60.7,-83.2,-78.4,  4,  7, 0.00,251,43.9
2025-05-17 21:04:04,-96.4697,35.5728, 144.2,14247,-60.6,-83.2,-78.4,  4,  7, 0.00,251,43.7
2025-05-17 21:04:05,-96.4692,35.5730, 144.1,14250,-60.5,-83.2,-78.4,  4,  7, 0.00,251,43.5
2025-05-17 21:04:06,-96.4687,35.5731, 144.0,14254,-60.5,-83.2,-78.5,  4,  7, 0.00,251,43.3
2025-05-17 21:04:07,-96.4683,35.5732, 143.9,14258,-60.4,-83.3,-78.5,  4,  7, 0.00,251,43.2
2025-05-17 21:04:08,-96.4679,35.5734, 143.8,14263,-60.4,-83.4,-78.6,  4,  7, 0.00,251,43.0
2025-05-17 21:04:09,-96.4674,35.5735, 143.7,14268,-60.4,-83.5,-78.7,  4,  7, 0.00,251,42.8
2025-05-17 21:04:10,-96.4670,35.5736, 143.6,14274,-60.3,-83.5,-78.8,  4,  6, 0.00,251,42.6
2025-05-17 21:04:11,-96.4665,35.5738, 143.4,14279,-60.3,-83.6,-78.8,  4,  6, 0.00,251,42.5
2025-05-17 21:04:12,-96.4661,35.5739, 143.3,14284,-60.2,-83.6,-78.8,  3,  6, 0.00,250,42.3
2025-05-17 21:04:13,-96.4656,35.5740, 143.2,14290,-60.1,-83.6,-78.8,  3,  6, 0.00,250,42.1
2025-05-17 21:04:14,-96.4652,35.5742, 143.1,14295,-60.1,-83.6,-78.8,  3,  6, 0.00,250,42.0
2025-05-17 21:04:15,-96.4648,35.5743, 143.0,14300,-60.0,-83.5,-78.8,  3,  6, 0.00,250,41.8
2025-05-17 21:04:16,-96.4644,35.5744, 142.9,14305,-60.0,-83.5,-78.7,  3,  6, 0.00,250,41.6
2025-05-17 21:04:17,-96.4640,35.5745, 142.7,14310,-59.9,-83.4,-78.7,  3,  6, 0.00,250,41.5
2025-05-17 21:04:18,-96.4636,35.5746, 142.6,14315,-59.9,-83.4,-78.7,  3,  6, 0.00,250,41.3
2025-05-17 21:04:19,-96.4631,35.5747, 142.5,14320,-59.9,-83.4,-78.6,  3,  6, 0.00,249,41.2
2025-05-17 21:04:20,-96.4627,35.5749, 142.4,14325,-59.9,-83.4,-78.6,  3,  6, 0.00,249,41.0
2025-05-17 21:04:21,-96.4623,35.5750, 142.3,14330,-59.9,-83.3,-78.6,  4,  6, 0.00,249,40.8
2025-05-17 21:04:22,-96.4619,35.5752, 142.2,14334,-59.9,-83.3,-78.6,  4,  6, 0.00,249,40.7
2025-05-17 21:04:23,-96.4615,35.5753, 142.1,14339,-59.9,-83.3,-78.6,  4,  6, 0.00,249,40.6
2025-05-17 21:04:24,-96.4611,35.5754, 142.0,14344,-60.0,-83.4,-78.6,  4,  6, 0.00,248,40.4
2025-05-17 21:04:25,-96.4607,35.5755, 141.8,14349,-60.0,-83.4,-78.6,  4,  6, 0.00,248,40.3
2025-05-17 21:04:26,-96.4602,35.5757, 141.7,14355,-60.0,-83.4,-78.6,  4,  6, 0.00,248,40.1
2025-05-17 21:04:27,-96.4598,35.5758, 141.6,14360,-60.1,-83.4,-78.7,  4,  6, 0.00,248,40.0
2025-05-17 21:04:28,-96.4594,35.5760, 141.5,14365,-60.1,-83.4,-78.7,  4,  6, 0.00,248,39.9
2025-05-17 21:04:29,-96.4590,35.5761, 141.4,14370,-60.2,-83.5,-78.7,  4,  6, 0.00,248,39.7
2025-05-17 21:04:30,-96.4586,35.5762, 141.3,14374,-60.2,-83.5,-78.7,  4,  6, 0.00,247,39.6
2025-05-17 21:04:31,-96.4582,35.5764, 141.2,14379,-60.3,-83.5,-78.8,  4,  6, 0.00,247,39.5
2025-05-17 21:04:32,-96.4578,35.5765, 141.0,14384,-60.3,-83.6,-78.8,  4,  6, 0.00,247,39.4
2025-05-17 21:04:33,-96.4574,35.5766, 140.9,14389,-60.3,-83.6,-78.8,  4,  6, 0.00,247,39.3
2025-05-17 21:04:34,-96.4570,35.5768, 140.8,14394,-60.3,-83.6,-78.8,  4,  6, 0.00,247,39.1
2025-05-17 21:04:35,-96.4567,35.5770, 140.7,14398,-60.3,-83.6,-78.8,  4,  6, 0.00,246,39.0
2025-05-17 21:04:37,-96.4559,35.5772, 140.6,14402,-60.3,-83.6,-78.8,  4,  6, 0.00,246,38.9
2025-05-17 21:04:38,-96.4555,35.5774, 140.4,14411,-60.4,-83.6,-78.9,  4,  6, 0.00,246,38.8
2025-05-17 21:04:39,-96.4551,35.5775, 140.3,14416,-60.4,-83.6,-78.9,  4,  6, 0.00,246,38.7
2025-05-17 21:04:40,-96.4547,35.5777, 140.2,14420,-60.4,-83.7,-78.9,  4,  6, 0.00,246,38.6
2025-05-17 21:04:41,-96.4544,35.5778, 140.1,14425,-60.5,-83.7,-78.9,  4,  6, 0.00,245,38.5
2025-05-17 21:04:42,-96.4540,35.5780, 140.0,14430,-60.5,-83.7,-78.9,  4,  6, 0.00,245,38.5
2025-05-17 21:04:43,-96.4536,35.5781, 139.9,14435,-60.5,-83.7,-79.0,  4,  6, 0.00,245,38.4
2025-05-17 21:04:44,-96.4533,35.5783, 139.8,14440,-60.6,-83.7,-79.0,  4,  6, 0.00,245,38.4
2025-05-17 21:04:45,-96.4529,35.5784, 139.7,14445,-60.6,-83.8,-79.0,  4,  6, 0.00,245,38.3
2025-05-17 21:04:46,-96.4525,35.5786, 139.6,14449,-60.6,-83.8,-79.0,  4,  6, 0.00,245,38.3
2025-05-17 21:04:47,-96.4521,35.5787, 139.5,14454,-60.7,-83.8,-79.0,  4,  6, 0.00,245,38.3
2025-05-17 21:04:48,-96.4517,35.5788, 139.4,14459,-60.7,-83.8,-79.1,  4,  6, 0.00,245,38.2
2025-05-17 21:04:49,-96.4513,35.5790, 139.3,14463,-60.8,-83.8,-79.1,  4,  6, 0.00,244,38.2
2025-05-17 21:04:50,-96.4510,35.5791, 139.2,14468,-60.8,-83.8,-79.1,  4,  7, 0.00,244,38.2
2025-05-17 21:04:51,-96.4506,35.5793, 139.0,14474,-60.8,-83.8,-79.1,  4,  7, 0.00,244,38.2
2025-05-17 21:04:52,-96.4503,35.5794, 138.9,14478,-60.9,-83.8,-79.1,  4,  7, 0.00,244,38.2
2025-05-17 21:04:54,-96.4495,35.5798, 138.8,14483,-60.9,-83.8,-79.1,  4,  7, 0.00,244,38.2
2025-05-17 21:04:55,-96.4491,35.5799, 138.7,14490,-61.0,-83.8,-79.0,  4,  7, 0.00,244,38.2
2025-05-17 21:04:56,-96.4487,35.5800, 138.6,14494,-61.0,-83.8,-79.0,  4,  7, 0.00,244,38.3
2025-05-17 21:04:57,-96.4484,35.5802, 138.5,14498,-61.0,-83.8,-79.0,  4,  7, 0.00,244,38.3
2025-05-17 21:04:58,-96.4480,35.5803, 138.4,14501,-61.0,-83.7,-79.0,  4,  7, 0.00,244,38.3
2025-05-17 21:04:59,-96.4476,35.5805, 138.3,14505,-61.1,-83.8,-79.0,  4,  7, 0.00,244,38.3
2025-05-17 21:05:00,-96.4472,35.5807, 138.2,14510,-61.1,-83.8,-79.0,  4,  7, 0.00,243,38.3
2025-05-17 21:05:01,-96.4468,35.5809, 138.1,14514,-61.1,-83.8,-79.0,  4,  7, 0.00,243,38.4
2025-05-17 21:05:02,-96.4465,35.5810, 138.0,14518,-61.2,-83.9,-79.1,  4,  7, 0.00,243,38.4
2025-05-17 21:05:03,-96.4461,35.5812, 137.9,14523,-61.2,-83.9,-79.1,  4,  7, 0.00,243,38.4
2025-05-17 21:05:04,-96.4457,35.5813, 137.8,14527,-61.3,-83.9,-79.2,  4,  7, 0.00,243,38.5
2025-05-17 21:05:05,-96.4453,35.5815, 137.7,14532,-61.3,-84.0,-79.2,  4,  7, 0.00,243,38.5
2025-05-17 21:05:06,-96.4450,35.5816, 137.6,14536,-61.4,-84.0,-79.2,  4,  7, 0.00,243,38.5
2025-05-17 21:05:08,-96.4442,35.5819, 137.5,14541,-61.4,-84.0,-79.3,  4,  7, 0.00,243,38.5
2025-05-17 21:05:09,-96.4438,35.5821, 137.4,14549,-61.5,-84.0,-79.2,  4,  7, 0.00,243,38.6
2025-05-17 21:05:10,-96.4435,35.5822, 137.3,14553,-61.5,-84.0,-79.2,  4,  7, 0.00,243,38.6
2025-05-17 21:05:11,-96.4431,35.5824, 137.2,14557,-61.5,-84.0,-79.2,  4,  7, 0.00,243,38.7
2025-05-17 21:05:12,-96.4427,35.5826, 137.1,14561,-61.6,-84.0,-79.2,  4,  7, 0.00,242,38.7
2025-05-17 21:05:13,-96.4423,35.5827, 137.0,14565,-61.6,-83.9,-79.2,  4,  7, 0.00,242,38.7
2025-05-17 21:05:14,-96.4419,35.5829, 136.9,14570,-61.6,-83.9,-79.2,  4,  7, 0.00,242,38.8
2025-05-17 21:05:15,-96.4416,35.5831, 136.8,14574,-61.6,-83.9,-79.2,  4,  7, 0.00,242,38.8
2025-05-17 21:05:16,-96.4412,35.5832, 136.7,14579,-61.7,-83.9,-79.2,  4,  7, 0.00,242,38.8
2025-05-17 21:05:17,-96.4408,35.5834, 136.6,14584,-61.7,-84.0,-79.2,  4,  7, 0.00,242,38.9
2025-05-17 21:05:18,-96.4404,35.5835, 136.5,14590,-61.8,-84.0,-79.3,  4,  7, 0.00,242,38.9
2025-05-17 21:05:19,-96.4400,35.5837, 136.3,14596,-61.9,-84.1,-79.3,  4,  7, 0.00,242,38.9
2025-05-17 21:05:20,-96.4396,35.5838, 136.2,14602,-61.9,-84.1,-79.4,  4,  7, 0.00,242,38.9
2025-05-17 21:05:21,-96.4393,35.5840, 136.0,14609,-62.0,-84.2,-79.4,  4,  7, 0.00,242,39.0
2025-05-17 21:05:22,-96.4389,35.5842, 135.9,14615,-62.1,-84.2,-79.5,  4,  7, 0.00,242,39.0
2025-05-17 21:05:23,-96.4386,35.5844, 135.8,14621,-62.1,-84.3,-79.5,  4,  7, 0.00,242,39.0
2025-05-17 21:05:24,-96.4383,35.5846, 135.7,14626,-62.2,-84.3,-79.5,  4,  7, 0.00,242,39.0
2025-05-17 21:05:25,-96.4379,35.5848, 135.5,14632,-62.3,-84.3,-79.5,  4,  7, 0.00,242,39.1
2025-05-17 21:05:26,-96.4375,35.5850, 135.4,14638,-62.3,-84.3,-79.5,  4,  7, 0.00,241,39.1
2025-05-17 21:05:27,-96.4371,35.5851, 135.3,14643,-62.4,-84.3,-79.5,  4,  8, 0.00,241,39.1
2025-05-17 21:05:28,-96.4367,35.5853, 135.2,14648,-62.4,-84.3,-79.5,  4,  8, 0.00,241,39.1
2025-05-17 21:05:29,-96.4362,35.5854, 135.0,14654,-62.4,-84.2,-79.5,  4,  8, 0.00,241,39.1
2025-05-17 21:05:30,-96.4359,35.5856, 134.9,14660,-62.5,-84.2,-79.4,  4,  8, 0.00,241,39.1
2025-05-17 21:05:31,-96.4355,35.5858, 134.8,14665,-62.5,-84.2,-79.4,  4,  8, 0.00,241,39.1
2025-05-17 21:05:32,-96.4351,35.5860, 134.7,14671,-62.6,-84.1,-79.4,  4,  8, 0.00,241,39.1
2025-05-17 21:05:33,-96.4347,35.5862, 134.6,14676,-62.6,-84.1,-79.4,  4,  8, 0.00,241,39.1
2025-05-17 21:05:34,-96.4344,35.5863, 134.4,14681,-62.7,-84.1,-79.4,  4,  8, 0.00,241,39.1
2025-05-17 21:05:35,-96.4340,35.5864, 134.3,14686,-62.7,-84.1,-79.4,  4,  8, 0.00,241,39.1
2025-05-17 21:05:36,-96.4337,35.5866, 134.2,14691,-62.8,-84.2,-79.4,  4,  8, 0.00,241,39.1
2025-05-17 21:05:37,-96.4333,35.5868, 134.1,14696,-62.8,-84.2,-79.4,  4,  8, 0.00,240,39.1
2025-05-17 21:05:38,-96.4329,35.5869, 134.0,14701,-62.9,-84.2,-79.5,  4,  8, 0.00,240,39.1
2025-05-17 21:05:39,-96.4325,35.5871, 133.9,14705,-63.0,-84.3,-79.5,  4,  8, 0.00,240,39.1
2025-05-17 21:05:40,-96.4321,35.5873, 133.8,14710,-63.0,-84.3,-79.5,  4,  8, 0.00,240,39.1
2025-05-17 21:05:41,-96.4317,35.5875, 133.7,14714,-63.1,-84.3,-79.6,  4,  8, 0.00,240,39.1
2025-05-17 21:05:42,-96.4314,35.5876, 133.6,14718,-63.1,-84.3,-79.6,  4,  8, 0.00,240,39.1
2025-05-17 21:05:43,-96.4310,35.5878, 133.5,14723,-63.1,-84.3,-79.5,  5,  8, 0.00,240,39.1
2025-05-17 21:05:44,-96.4307,35.5880, 133.4,14728,-63.2,-84.3,-79.5,  5,  8, 0.00,239,39.1
2025-05-17 21:05:45,-96.4304,35.5882, 133.3,14733,-63.2,-84.3,-79.5,  5,  8, 0.00,239,39.1
2025-05-17 21:05:46,-96.4300,35.5884, 133.2,14738,-63.3,-84.3,-79.5,  5,  9, 0.00,239,39.1
2025-05-17 21:05:47,-96.4296,35.5886, 133.1,14742,-63.3,-84.3,-79.5,  5,  9, 0.00,239,39.1
2025-05-17 21:05:48,-96.4292,35.5888, 133.0,14747,-63.4,-84.3,-79.5,  5,  9, 0.00,239,39.2
2025-05-17 21:05:50,-96.4286,35.5892, 132.9,14751,-63.4,-84.3,-79.5,  5,  9, 0.00,239,39.2
2025-05-17 21:05:51,-96.4282,35.5894, 132.8,14759,-63.5,-84.3,-79.6,  5,  9, 0.00,239,39.2
2025-05-17 21:05:52,-96.4278,35.5896, 132.6,14765,-63.5,-84.4,-79.6,  5,  9, 0.00,239,39.3
2025-05-17 21:05:53,-96.4274,35.5898, 132.5,14771,-63.6,-84.4,-79.6,  5,  9, 0.00,239,39.3
2025-05-17 21:05:54,-96.4270,35.5899, 132.4,14777,-63.7,-84.4,-79.7,  5,  9, 0.00,239,39.3
2025-05-17 21:05:55,-96.4267,35.5901, 132.2,14783,-63.7,-84.5,-79.7,  5,  9, 0.00,239,39.4
2025-05-17 21:05:56,-96.4263,35.5902, 132.1,14789,-63.7,-84.5,-79.7,  5,  9, 0.00,239,39.4
2025-05-17 21:05:57,-96.4260,35.5905, 132.0,14794,-63.8,-84.5,-79.7,  5,  9, 0.00,239,39.5
2025-05-17 21:05:58,-96.4256,35.5907, 131.9,14798,-63.8,-84.5,-79.7,  5,  9, 0.00,239,39.5
2025-05-17 21:05:59,-96.4253,35.5909, 131.8,14802,-63.9,-84.5,-79.7,  5,  9, 0.00,239,39.6
2025-05-17 21:06:00,-96.4249,35.5911, 131.7,14806,-63.9,-84.5,-79.7,  5,  9, 0.00,239,39.6
2025-05-17 21:06:01,-96.4245,35.5913, 131.6,14811,-64.0,-84.5,-79.7,  5,  9, 0.00,239,39.6
2025-05-17 21:06:03,-96.4237,35.5915, 131.5,14815,-64.0,-84.5,-79.7,  5,  9, 0.00,239,39.7
2025-05-17 21:06:04,-96.4233,35.5917, 131.4,14824,-64.1,-84.4,-79.7,  5,  9, 0.00,239,39.8
2025-05-17 21:06:05,-96.4229,35.5919, 131.3,14828,-64.1,-84.5,-79.7,  5,  9, 0.00,239,39.8
2025-05-17 21:06:06,-96.4225,35.5921, 131.2,14832,-64.2,-84.5,-79.7,  5,  9, 0.00,239,39.9
2025-05-17 21:06:07,-96.4222,35.5924, 131.1,14836,-64.2,-84.5,-79.7,  5,  9, 0.00,239,39.9
2025-05-17 21:06:08,-96.4218,35.5926, 131.0,14840,-64.2,-84.5,-79.8,  5,  9, 0.00,239,40.0
2025-05-17 21:06:09,-96.4215,35.5927, 130.9,14845,-64.3,-84.6,-79.8,  5,  9, 0.00,239,40.0
2025-05-17 21:06:10,-96.4211,35.5929, 130.8,14849,-64.3,-84.6,-79.8,  5,  9, 0.00,239,40.1
2025-05-17 21:06:11,-96.4207,35.5931, 130.7,14854,-64.4,-84.6,-79.9,  5,  9, 0.00,239,40.1
2025-05-17 21:06:12,-96.4203,35.5932, 130.6,14858,-64.4,-84.7,-79.9,  5,  9, 0.00,239,40.2
2025-05-17 21:06:14,-96.4195,35.5936, 130.5,14862,-64.5,-84.7,-79.9,  5,  9, 0.00,239,40.2
2025-05-17 21:06:15,-96.4192,35.5938, 130.4,14871,-64.5,-84.6,-79.9,  5, 10, 0.00,239,40.3
2025-05-17 21:06:16,-96.4188,35.5940, 130.3,14875,-64.6,-84.6,-79.9,  5, 10, 0.00,239,40.3
2025-05-17 21:06:17,-96.4184,35.5942, 130.2,14880,-64.6,-84.6,-79.9,  5, 10, 0.00,240,40.4
2025-05-17 21:06:18,-96.4180,35.5944, 130.1,14884,-64.6,-84.6,-79.9,  5, 10, 0.00,240,40.4
2025-05-17 21:06:19,-96.4176,35.5945, 130.0,14888,-64.6,-84.6,-79.9,  5, 10, 0.00,240,40.5
2025-05-17 21:06:20,-96.4173,35.5947, 129.9,14892,-64.7,-84.6,-79.9,  5, 10, 0.00,240,40.5
2025-05-17 21:06:21,-96.4169,35.5949, 129.8,14897,-64.7,-84.7,-79.9,  5, 10, 0.00,240,40.5
2025-05-17 21:06:22,-96.4165,35.5951, 129.7,14901,-64.8,-84.7,-79.9,  5, 10, 0.00,240,40.6
2025-05-17 21:06:23,-96.4161,35.5953, 129.6,14905,-64.9,-84.8,-80.0,  5, 10, 0.00,240,40.6
2025-05-17 21:06:24,-96.4157,35.5955, 129.5,14910,-64.9,-84.8,-80.0,  5, 10, 0.00,240,40.6
2025-05-17 21:06:26,-96.4149,35.5958, 129.4,14914,-65.0,-84.9,-80.1,  5, 10, 0.00,240,40.6
2025-05-17 21:06:27,-96.4145,35.5960, 129.3,14922,-65.0,-84.9,-80.2,  5, 10, 0.00,240,40.7
2025-05-17 21:06:28,-96.4141,35.5962, 129.2,14926,-65.0,-84.9,-80.2,  5, 10, 0.00,241,40.7
2025-05-17 21:06:29,-96.4137,35.5964, 129.1,14930,-65.0,-84.9,-80.2,  5, 10, 0.00,241,40.7
2025-05-17 21:06:30,-96.4133,35.5966, 129.0,14935,-65.0,-84.9,-80.2,  5, 10, 0.00,241,40.7
2025-05-17 21:06:31,-96.4129,35.5968, 128.9,14939,-65.0,-84.9,-80.2,  5, 10, 0.00,241,40.8
2025-05-17 21:06:32,-96.4126,35.5969, 128.8,14945,-65.0,-84.9,-80.2,  5, 10, 0.00,241,40.8
2025-05-17 21:06:33,-96.4122,35.5971, 128.7,14949,-65.0,-84.9,-80.2,  5, 10, 0.00,241,40.8
2025-05-17 21:06:34,-96.4118,35.5973, 128.6,14954,-65.1,-85.0,-80.2,  5, 10, 0.00,242,40.8
2025-05-17 21:06:35,-96.4114,35.5974, 128.5,14958,-65.1,-85.0,-80.2,  5, 10, 0.00,242,40.8
2025-05-17 21:06:36,-96.4110,35.5976, 128.4,14962,-65.1,-85.0,-80.2,  5, 10, 0.00,242,40.8
2025-05-17 21:06:37,-96.4106,35.5978, 128.3,14966,-65.1,-85.0,-80.3,  5, 10, 0.00,242,40.8
2025-05-17 21:06:39,-96.4098,35.5982, 128.2,14970,-65.1,-85.1,-80.3,  5, 10, 0.00,242,40.8
2025-05-17 21:06:40,-96.4094,35.5983, 128.1,14979,-65.1,-85.1,-80.4,  5, 10, 0.00,243,40.7
2025-05-17 21:06:41,-96.4090,35.5985, 128.0,14984,-65.0,-85.2,-80.4,  5,  9, 0.00,243,40.7
2025-05-17 21:06:42,-96.4086,35.5986, 127.9,14988,-65.0,-85.2,-80.4,  5,  9, 0.00,243,40.7
2025-05-17 21:06:43,-96.4082,35.5988, 127.8,14992,-65.0,-85.2,-80.5,  5,  9, 0.00,243,40.6
2025-05-17 21:06:44,-96.4078,35.5990, 127.7,14996,-64.9,-85.3,-80.5,  5,  9, 0.00,243,40.6
2025-05-17 21:06:45,-96.4074,35.5992, 127.6,15000,-64.9,-85.3,-80.6,  5,  9, 0.00,244,40.6
2025-05-17 21:06:46,-96.4070,35.5994, 127.5,15005,-64.9,-85.4,-80.6,  5,  9, 0.00,244,40.5
2025-05-17 21:06:47,-96.4066,35.5995, 127.4,15010,-64.9,-85.5,-80.7,  5,  9, 0.00,244,40.5
2025-05-17 21:06:48,-96.4062,35.5997, 127.3,15014,-64.8,-85.5,-80.7,  5,  9, 0.00,244,40.5
2025-05-17 21:06:49,-96.4057,35.5998, 127.2,15019,-64.8,-85.5,-80.8,  5,  9, 0.00,245,40.4
2025-05-17 21:06:50,-96.4053,35.5999, 127.1,15024,-64.8,-85.6,-80.8,  5,  9, 0.00,245,40.4
2025-05-17 21:06:51,-96.4049,35.6001, 127.0,15029,-64.8,-85.6,-80.9,  5,  8, 0.00,245,40.4
2025-05-17 21:06:52,-96.4045,35.6002, 126.9,15033,-64.8,-85.7,-80.9,  4,  8, 0.00,245,40.4
2025-05-17 21:06:53,-96.4042,35.6004, 126.8,15038,-64.8,-85.7,-81.0,  4,  8, 0.00,245,40.3
2025-05-17 21:06:54,-96.4038,35.6005, 126.7,15042,-64.8,-85.8,-81.0,  4,  8, 0.00,246,40.3
2025-05-17 21:06:56,-96.4030,35.6008, 126.6,15047,-64.8,-85.8,-81.0,  4,  8, 0.00,246,40.3
2025-05-17 21:06:57,-96.4026,35.6010, 126.5,15055,-64.7,-85.8,-81.0,  4,  8, 0.00,246,40.3
2025-05-17 21:06:58,-96.4022,35.6011, 126.4,15060,-64.6,-85.8,-81.0,  4,  8, 0.00,247,40.3
2025-05-17 21:06:59,-96.4018,35.6013, 126.3,15064,-64.6,-85.8,-81.0,  4,  8, 0.00,247,40.3
2025-05-17 21:07:00,-96.4014,35.6014, 126.2,15068,-64.6,-85.8,-81.0,  4,  8, 0.00,247,40.3
2025-05-17 21:07:01,-96.4009,35.6015, 126.1,15072,-64.6,-85.8,-81.0,  4,  8, 0.00,247,40.3
2025-05-17 21:07:03,-96.4001,35.6018, 126.0,15076,-64.6,-85.8,-81.1,  4,  8, 0.00,247,40.3
2025-05-17 21:07:04,-96.3997,35.6019, 125.9,15085,-64.6,-85.9,-81.1,  4,  8, 0.00,248,40.4
2025-05-17 21:07:05,-96.3993,35.6021, 125.8,15089,-64.5,-85.9,-81.1,  4,  8, 0.00,248,40.5
2025-05-17 21:07:06,-96.3989,35.6022, 125.7,15094,-64.5,-85.9,-81.1,  4,  8, 0.00,248,40.5
2025-05-17 21:07:07,-96.3985,35.6023, 125.6,15098,-64.5,-85.9,-81.1,  4,  8, 0.00,249,40.6
2025-05-17 21:07:08,-96.3981,35.6024, 125.5,15103,-64.4,-85.9,-81.1,  4,  8, 0.00,249,40.7
2025-05-17 21:07:09,-96.3977,35.6026, 125.4,15107,-64.3,-85.8,-81.1,  4,  8, 0.00,249,40.7
2025-05-17 21:07:10,-96.3972,35.6027, 125.3,15112,-64.2,-85.8,-81.0,  4,  8, 0.00,249,40.8
2025-05-17 21:07:11,-96.3968,35.6028, 125.2,15116,-64.1,-85.7,-81.0,  4,  8, 0.00,249,40.9
2025-05-17 21:07:13,-96.3960,35.6031, 125.1,15120,-64.1,-85.7,-81.0,  4,  8, 0.00,250,41.0
2025-05-17 21:07:14,-96.3956,35.6032, 125.0,15128,-64.0,-85.7,-81.0,  4,  7, 0.00,250,41.2
2025-05-17 21:07:15,-96.3952,35.6033, 124.9,15132,-64.0,-85.8,-81.0,  4,  7, 0.00,250,41.2
2025-05-17 21:07:16,-96.3947,35.6035, 124.8,15137,-64.0,-85.8,-81.0,  4,  7, 0.00,251,41.3
2025-05-17 21:07:17,-96.3943,35.6036, 124.7,15141,-64.0,-85.8,-81.0,  4,  7, 0.00,251,41.4
2025-05-17 21:07:18,-96.3938,35.6037, 124.6,15145,-64.0,-85.8,-81.0,  4,  7, 0.00,251,41.4
2025-05-17 21:07:19,-96.3933,35.6038, 124.5,15150,-64.0,-85.8,-81.0,  4,  7, 0.00,251,41.5
2025-05-17 21:07:21,-96.3925,35.6040, 124.4,15154,-64.0,-85.8,-81.0,  4,  7, 0.00,251,41.5
2025-05-17 21:07:22,-96.3920,35.6042, 124.3,15163,-64.0,-85.8,-81.0,  4,  7, 0.00,252,41.6
2025-05-17 21:07:23,-96.3916,35.6043, 124.2,15167,-64.0,-85.8,-81.1,  4,  7, 0.00,252,41.6
2025-05-17 21:07:24,-96.3912,35.6044, 124.1,15171,-64.0,-85.8,-81.1,  4,  7, 0.00,252,41.6
2025-05-17 21:07:25,-96.3907,35.6045, 124.0,15175,-64.0,-85.8,-81.1,  4,  7, 0.00,252,41.6
2025-05-17 21:07:27,-96.3898,35.6047, 123.9,15179,-64.0,-85.8,-81.1,  4,  7, 0.00,253,41.5
2025-05-17 21:07:28,-96.3893,35.6048, 123.8,15187,-64.0,-85.8,-81.1,  4,  7, 0.00,253,41.4
2025-05-17 21:07:29,-96.3889,35.6050, 123.7,15191,-64.0,-85.9,-81.1,  4,  7, 0.00,253,41.3
2025-05-17 21:07:30,-96.3884,35.6051, 123.6,15196,-64.0,-85.9,-81.1,  4,  7, 0.00,253,41.2
2025-05-17 21:07:31,-96.3880,35.6052, 123.5,15200,-63.9,-85.9,-81.2,  4,  7, 0.00,253,41.1
2025-05-17 21:07:32,-96.3875,35.6053, 123.4,15205,-63.9,-86.0,-81.2,  4,  7, 0.00,253,41.0
2025-05-17 21:07:33,-96.3871,35.6054, 123.3,15211,-63.7,-86.0,-81.2,  4,  7, 0.00,254,40.8
2025-05-17 21:07:34,-96.3867,35.6055, 123.2,15216,-63.5,-85.9,-81.1,  4,  7, 0.00,254,40.7
2025-05-17 21:07:35,-96.3862,35.6056, 123.1,15220,-63.2,-85.8,-81.1,  4,  7, 0.00,254,40.5
2025-05-17 21:07:36,-96.3858,35.6057, 123.0,15225,-63.0,-85.7,-81.0,  3,  6, 0.00,254,40.4
2025-05-17 21:07:37,-96.3854,35.6057, 122.9,15229,-62.8,-85.7,-80.9,  3,  6, 0.00,254,40.2
2025-05-17 21:07:38,-96.3850,35.6058, 122.8,15234,-62.6,-85.7,-80.9,  3,  6, 0.00,254,40.0
2025-05-17 21:07:39,-96.3846,35.6059, 122.7,15239,-62.5,-85.7,-80.9,  3,  6, 0.00,254,39.8
2025-05-17 21:07:40,-96.3842,35.6060, 122.6,15244,-62.5,-85.7,-81.0,  3,  6, 0.00,254,39.6
2025-05-17 21:07:41,-96.3838,35.6061, 122.5,15249,-62.5,-85.8,-81.0,  3,  6, 0.00,254,39.5
2025-05-17 21:07:42,-96.3834,35.6062, 122.4,15254,-62.5,-85.8,-81.1,  3,  6, 0.00,255,39.3
2025-05-17 21:07:43,-96.3830,35.6063, 122.3,15259,-62.5,-85.9,-81.1,  3,  6, 0.00,255,39.1
2025-05-17 21:07:45,-96.3821,35.6064, 122.2,15263,-62.5,-85.9,-81.2,  3,  6, 0.00,255,39.0
2025-05-17 21:07:46,-96.3817,35.6065, 122.1,15273,-62.5,-85.9,-81.2,  3,  6, 0.00,255,38.6
2025-05-17 21:07:47,-96.3813,35.6066, 122.0,15277,-62.5,-85.9,-81.1,  3,  6, 0.00,255,38.5
2025-05-17 21:07:48,-96.3809,35.6067, 121.9,15282,-62.5,-85.9,-81.1,  3,  6, 0.00,255,38.4
2025-05-17 21:07:49,-96.3805,35.6068, 121.8,15286,-62.5,-85.9,-81.1,  3,  6, 0.00,255,38.2
2025-05-17 21:07:50,-96.3801,35.6069, 121.7,15291,-62.5,-85.9,-81.1,  3,  6, 0.00,255,38.1
2025-05-17 21:07:52,-96.3793,35.6071, 121.6,15295,-62.5,-85.9,-81.1,  3,  6, 0.00,255,38.0
2025-05-17 21:07:53,-96.3789,35.6072, 121.5,15302,-62.6,-85.9,-81.1,  3,  6, 0.00,255,37.8
2025-05-17 21:07:54,-96.3785,35.6072, 121.4,15306,-62.6,-85.9,-81.1,  3,  6, 0.00,255,37.7
2025-05-17 21:07:55,-96.3781,35.6073, 121.3,15310,-62.6,-85.9,-81.1,  3,  6, 0.00,255,37.6
2025-05-17 21:07:57,-96.3774,35.6075, 121.2,15315,-62.6,-85.9,-81.1,  3,  6, 0.00,255,37.5
2025-05-17 21:07:58,-96.3770,35.6076, 121.1,15323,-62.6,-85.9,-81.2,  3,  6, 0.00,255,37.4
2025-05-17 21:07:59,-96.3766,35.6077, 121.0,15328,-62.7,-86.0,-81.2,  3,  6, 0.00,255,37.3
2025-05-17 21:08:00,-96.3762,35.6078, 120.9,15332,-62.7,-86.0,-81.2,  3,  6, 0.00,255,37.2
2025-05-17 21:08:01,-96.3757,35.6079, 120.8,15337,-62.7,-86.0,-81.2,  3,  6, 0.00,255,37.2
2025-05-17 21:08:02,-96.3753,35.6079, 120.7,15341,-62.7,-86.0,-81.2,  3,  6, 0.00,255,37.1
2025-05-17 21:08:03,-96.3749,35.6080, 120.6,15346,-62.7,-86.0,-81.3,  3,  6, 0.00,255,37.0
2025-05-17 21:08:04,-96.3746,35.6082, 120.5,15350,-62.7,-86.0,-81.2,  3,  6, 0.00,255,37.0
2025-05-17 21:08:06,-96.3738,35.6084, 120.4,15355,-62.8,-86.0,-81.2,  3,  6, 0.00,255,36.9
2025-05-17 21:08:07,-96.3734,35.6085, 120.3,15363,-62.8,-86.0,-81.3,  3,  6, 0.00,255,36.8
2025-05-17 21:08:08,-96.3730,35.6085, 120.2,15367,-62.9,-86.0,-81.3,  3,  6, 0.00,255,36.7
2025-05-17 21:08:09,-96.3726,35.6086, 120.1,15371,-62.9,-86.0,-81.3,  3,  6, 0.00,255,36.6
2025-05-17 21:08:10,-96.3722,35.6087, 120.0,15376,-62.9,-86.0,-81.3,  3,  6, 0.00,256,36.5
2025-05-17 21:08:11,-96.3718,35.6088, 119.9,15380,-62.9,-86.0,-81.3,  3,  6, 0.00,256,36.5
2025-05-17 21:08:12,-96.3714,35.6088, 119.8,15386,-62.9,-86.0,-81.3,  3,  6, 0.00,256,36.4
2025-05-17 21:08:13,-96.3710,35.6089, 119.7,15391,-62.8,-86.0,-81.3,  3,  6, 0.00,256,36.3
2025-05-17 21:08:14,-96.3706,35.6090, 119.6,15397,-62.8,-86.0,-81.2,  3,  6, 0.00,256,36.2
2025-05-17 21:08:16,-96.3699,35.6091, 119.5,15402,-62.7,-86.0,-81.2,  3,  6, 0.00,256,36.1
2025-05-17 21:08:17,-96.3695,35.6092, 119.4,15410,-62.7,-86.0,-81.3,  3,  6, 0.00,256,35.9
2025-05-17 21:08:18,-96.3692,35.6093, 119.3,15415,-62.7,-86.0,-81.3,  3,  6, 0.00,256,35.8
2025-05-17 21:08:19,-96.3688,35.6093, 119.2,15419,-62.7,-86.1,-81.3,  3,  6, 0.00,256,35.7
2025-05-17 21:08:21,-96.3680,35.6094, 119.1,15423,-62.6,-86.1,-81.3,  3,  6, 0.00,256,35.6
2025-05-17 21:08:22,-96.3676,35.6095, 119.0,15431,-62.6,-86.1,-81.3,  3,  6, 0.00,256,35.4
2025-05-17 21:08:23,-96.3672,35.6096, 118.9,15435,-62.6,-86.1,-81.3,  3,  6, 0.00,256,35.2
2025-05-17 21:08:24,-96.3668,35.6097, 118.8,15439,-62.6,-86.1,-81.4,  3,  6, 0.00,256,35.1
2025-05-17 21:08:25,-96.3665,35.6097, 118.7,15444,-62.6,-86.1,-81.4,  3,  6, 0.00,256,35.0
2025-05-17 21:08:27,-96.3657,35.6099, 118.6,15448,-62.5,-86.1,-81.4,  3,  6, 0.00,256,34.8
2025-05-17 21:08:28,-96.3653,35.6100, 118.5,15456,-62.5,-86.2,-81.4,  3,  6, 0.00,256,34.5
2025-05-17 21:08:29,-96.3649,35.6100, 118.4,15460,-62.4,-86.2,-81.4,  3,  6, 0.00,256,34.4
2025-05-17 21:08:30,-96.3646,35.6101, 118.3,15464,-62.4,-86.2,-81.5,  3,  5, 0.00,256,34.2
2025-05-17 21:08:32,-96.3638,35.6102, 118.2,15469,-62.4,-86.3,-81.5,  3,  5, 0.00,256,34.0
2025-05-17 21:08:33,-96.3634,35.6103, 118.1,15478,-62.3,-86.4,-81.6,  3,  5, 0.00,255,33.6
2025-05-17 21:08:34,-96.3631,35.6104, 118.0,15483,-62.2,-86.4,-81.7,  3,  5, 0.00,255,33.4
2025-05-17 21:08:35,-96.3627,35.6105, 117.9,15487,-62.1,-86.4,-81.7,  3,  5, 0.00,255,33.2
2025-05-17 21:08:36,-96.3624,35.6106, 117.8,15492,-62.0,-86.4,-81.7,  3,  5, 0.00,255,33.0
2025-05-17 21:08:37,-96.3620,35.6107, 117.7,15496,-61.9,-86.4,-81.6,  3,  5, 0.00,255,32.8
2025-05-17 21:08:39,-96.3614,35.6108, 117.6,15500,-61.7,-86.4,-81.6,  3,  5, 0.00,255,32.6
2025-05-17 21:08:40,-96.3611,35.6109, 117.5,15508,-61.4,-86.3,-81.5,  3,  5, 0.00,254,32.2
2025-05-17 21:08:41,-96.3607,35.6110, 117.4,15513,-61.3,-86.2,-81.5,  3,  5, 0.00,254,31.9
2025-05-17 21:08:42,-96.3604,35.6110, 117.3,15517,-61.2,-86.2,-81.4,  3,  5, 0.00,254,31.7
2025-05-17 21:08:44,-96.3597,35.6112, 117.2,15521,-61.0,-86.2,-81.4,  3,  5, 0.00,254,31.5
2025-05-17 21:08:45,-96.3594,35.6113, 117.1,15530,-60.8,-86.1,-81.3,  2,  4, 0.00,253,31.1
2025-05-17 21:08:46,-96.3591,35.6114, 117.0,15534,-60.7,-86.1,-81.3,  2,  4, 0.00,253,30.9
2025-05-17 21:08:47,-96.3588,35.6114, 116.9,15539,-60.6,-86.1,-81.3,  2,  4, 0.00,253,30.7
2025-05-17 21:08:48,-96.3585,35.6115, 116.8,15544,-60.6,-86.1,-81.3,  2,  4, 0.00,252,30.5
2025-05-17 21:08:50,-96.3578,35.6117, 116.7,15548,-60.5,-86.1,-81.3,  2,  4, 0.00,252,30.3
2025-05-17 21:08:51,-96.3575,35.6118, 116.6,15556,-60.5,-86.2,-81.4,  2,  4, 0.00,252,30.0
2025-05-17 21:08:53,-96.3570,35.6119, 116.5,15560,-60.5,-86.2,-81.4,  2,  4, 0.00,252,29.9
2025-05-17 21:08:54,-96.3567,35.6120, 116.4,15567,-60.5,-86.2,-81.5,  2,  4, 0.00,251,29.6
2025-05-17 21:08:55,-96.3564,35.6121, 116.3,15571,-60.5,-86.2,-81.5,  2,  4, 0.00,251,29.5
2025-05-17 21:08:56,-96.3561,35.6122, 116.2,15576,-60.5,-86.2,-81.5,  2,  4, 0.00,250,29.4
2025-05-17 21:08:58,-96.3554,35.6124, 116.1,15580,-60.5,-86.2,-81.5,  2,  4, 0.00,250,29.3
2025-05-17 21:08:59,-96.3551,35.6125, 116.0,15589,-60.5,-86.2,-81.4,  2,  4, 0.00,250,29.1
2025-05-17 21:09:00,-96.3548,35.6125, 115.9,15593,-60.5,-86.2,-81.4,  2,  4, 0.00,249,29.1
2025-05-17 21:09:01,-96.3546,35.6126, 115.8,15597,-60.5,-86.2,-81.4,  2,  4, 0.00,249,29.0
2025-05-17 21:09:02,-96.3543,35.6127, 115.7,15602,-60.5,-86.2,-81.4,  2,  4, 0.00,249,29.0
2025-05-17 21:09:04,-96.3537,35.6129, 115.6,15607,-60.5,-86.2,-81.4,  2,  4, 0.00,249,28.9
2025-05-17 21:09:05,-96.3534,35.6130, 115.5,15615,-60.5,-86.2,-81.4,  2,  4, 0.00,248,28.9
2025-05-17 21:09:06,-96.3531,35.6131, 115.4,15619,-60.5,-86.1,-81.4,  2,  4, 0.00,248,28.8
2025-05-17 21:09:07,-96.3528,35.6132, 115.3,15624,-60.4,-86.1,-81.4,  2,  4, 0.00,247,28.8
2025-05-17 21:09:09,-96.3523,35.6135, 115.2,15628,-60.4,-86.1,-81.3,  2,  4, 0.00,247,28.8
2025-05-17 21:09:10,-96.3520,35.6136, 115.1,15638,-60.3,-86.1,-81.3,  2,  4, 0.00,247,28.8
2025-05-17 21:09:11,-96.3517,35.6137, 115.0,15643,-60.3,-86.1,-81.3,  2,  4, 0.00,246,28.8
2025-05-17 21:09:12,-96.3513,35.6138, 114.9,15647,-60.3,-86.1,-81.3,  2,  4, 0.00,246,28.8
2025-05-17 21:09:13,-96.3510,35.6139, 114.8,15651,-60.3,-86.1,-81.4,  2,  4, 0.00,246,28.8
2025-05-17 21:09:15,-96.3505,35.6141, 114.7,15655,-60.4,-86.1,-81.4,  2,  4, 0.00,246,28.8
2025-05-17 21:09:16,-96.3502,35.6142, 114.6,15665,-60.4,-86.1,-81.4,  2,  4, 0.00,245,28.8
2025-05-17 21:09:17,-96.3500,35.6143, 114.5,15669,-60.4,-86.1,-81.4,  2,  4, 0.00,245,28.9
2025-05-17 21:09:18,-96.3497,35.6144, 114.4,15673,-60.5,-86.1,-81.4,  2,  4, 0.00,245,28.9
2025-05-17 21:09:20,-96.3491,35.6146, 114.3,15677,-60.5,-86.1,-81.3,  2,  4, 0.00,245,28.9
2025-05-17 21:09:21,-96.3488,35.6147, 114.2,15685,-60.5,-86.1,-81.3,  2,  4, 0.00,244,29.0
2025-05-17 21:09:22,-96.3485,35.6148, 114.1,15690,-60.6,-86.1,-81.3,  2,  4, 0.00,244,29.0
2025-05-17 21:09:23,-96.3482,35.6150, 114.0,15695,-60.6,-86.1,-81.3,  2,  4, 0.00,244,29.0
2025-05-17 21:09:24,-96.3479,35.6151, 113.9,15700,-60.7,-86.1,-81.3,  2,  4, 0.00,244,29.1
2025-05-17 21:09:26,-96.3474,35.6153, 113.8,15704,-60.7,-86.1,-81.3,  2,  4, 0.00,244,29.1
2025-05-17 21:09:27,-96.3471,35.6155, 113.7,15713,-60.8,-86.1,-81.3,  2,  5, 0.00,243,29.2
2025-05-17 21:09:28,-96.3468,35.6156, 113.6,15718,-60.9,-86.1,-81.3,  3,  5, 0.00,243,29.3
2025-05-17 21:09:29,-96.3465,35.6157, 113.5,15723,-60.9,-86.1,-81.4,  3,  5, 0.00,243,29.3
2025-05-17 21:09:31,-96.3459,35.6160, 113.4,15727,-60.9,-86.1,-81.4,  3,  5, 0.00,243,29.4
2025-05-17 21:09:32,-96.3457,35.6161, 113.3,15735,-61.0,-86.2,-81.4,  3,  5, 0.00,243,29.5
2025-05-17 21:09:33,-96.3454,35.6162, 113.2,15739,-61.0,-86.2,-81.5,  3,  5, 0.00,243,29.5
2025-05-17 21:09:34,-96.3451,35.6163, 113.1,15744,-61.1,-86.2,-81.5,  3,  5, 0.00,243,29.6
2025-05-17 21:09:36,-96.3445,35.6166, 113.0,15749,-61.1,-86.3,-81.5,  3,  5, 0.00,242,29.6
2025-05-17 21:09:37,-96.3442,35.6167, 112.9,15757,-61.2,-86.3,-81.5,  3,  5, 0.00,242,29.7
2025-05-17 21:09:38,-96.3439,35.6168, 112.8,15762,-61.2,-86.3,-81.5,  3,  5, 0.00,242,29.7
2025-05-17 21:09:39,-96.3436,35.6169, 112.7,15766,-61.2,-86.3,-81.5,  3,  5, 0.00,242,29.8
2025-05-17 21:09:41,-96.3430,35.6172, 112.6,15771,-61.2,-86.3,-81.5,  3,  5, 0.00,242,29.8
2025-05-17 21:09:42,-96.3427,35.6173, 112.5,15780,-61.2,-86.3,-81.5,  3,  5, 0.00,242,29.9
2025-05-17 21:09:43,-96.3424,35.6175, 112.4,15785,-61.2,-86.3,-81.5,  3,  5, 0.00,241,30.0
2025-05-17 21:09:44,-96.3421,35.6176, 112.3,15789,-61.2,-86.3,-81.5,  3,  5, 0.00,241,30.0
2025-05-17 21:09:46,-96.3415,35.6178, 112.2,15793,-61.2,-86.3,-81.6,  3,  5, 0.00,241,30.0
2025-05-17 21:09:47,-96.3413,35.6180, 112.1,15799,-61.2,-86.4,-81.6,  3,  5, 0.00,241,30.1
2025-05-17 21:09:49,-96.3407,35.6182, 112.0,15803,-61.2,-86.4,-81.6,  2,  5, 0.00,241,30.2
2025-05-17 21:09:50,-96.3404,35.6184, 111.9,15812,-61.2,-86.4,-81.7,  2,  4, 0.00,240,30.2
2025-05-17 21:09:51,-96.3401,35.6185, 111.8,15817,-61.2,-86.4,-81.7,  2,  4, 0.00,240,30.3
2025-05-17 21:09:52,-96.3398,35.6186, 111.7,15821,-61.2,-86.4,-81.7,  2,  4, 0.00,240,30.3
2025-05-17 21:09:54,-96.3393,35.6189, 111.6,15826,-61.2,-86.4,-81.7,  2,  5, 0.00,240,30.3
2025-05-17 21:09:55,-96.3390,35.6191, 111.5,15836,-61.2,-86.4,-81.7,  3,  5, 0.00,240,30.4
2025-05-17 21:09:56,-96.3387,35.6192, 111.4,15841,-61.3,-86.4,-81.7,  3,  5, 0.00,240,30.5
2025-05-17 21:09:57,-96.3384,35.6193, 111.3,15846,-61.3,-86.4,-81.6,  3,  5, 0.00,240,30.5
2025-05-17 21:09:58,-96.3381,35.6195, 111.2,15851,-61.3,-86.4,-81.6,  3,  5, 0.00,240,30.5
2025-05-17 21:09:59,-96.3378,35.6197, 111.1,15855,-61.3,-86.4,-81.6,  3,  5, 0.00,240,30.6
2025-05-17 21:10:00,-96.3375,35.6198, 111.0,15860,-61.3,-86.4,-81.6,  3,  5, 0.00,240,30.6
2025-05-17 21:10:02,-96.3370,35.6201, 110.9,15865,-61.4,-86.4,-81.7,  3,  5, 0.00,240,30.6
2025-05-17 21:10:03,-96.3367,35.6202, 110.8,15874,-61.4,-86.5,-81.7,  3,  5, 0.00,240,30.7
2025-05-17 21:10:04,-96.3364,35.6204, 110.7,15878,-61.5,-86.5,-81.7,  3,  5, 0.00,240,30.7
2025-05-17 21:10:06,-96.3358,35.6207, 110.6,15881,-61.5,-86.5,-81.8,  3,  5, 0.00,240,30.7
2025-05-17 21:10:08,-96.3352,35.6210, 110.5,15887,-61.5,-86.5,-81.8,  3,  5, 0.00,240,30.7
2025-05-17 21:10:09,-96.3349,35.6211, 110.4,15896,-61.5,-86.5,-81.8,  3,  5, 0.00,240,30.6
2025-05-17 21:10:10,-96.3346,35.6213, 110.3,15901,-61.5,-86.5,-81.8,  3,  5, 0.00,240,30.6
2025-05-17 21:10:11,-96.3343,35.6214, 110.2,15907,-61.5,-86.5,-81.7,  3,  5, 0.00,240,30.6
2025-05-17 21:10:12,-96.3340,35.6215, 110.1,15912,-61.5,-86.5,-81.7,  3,  5, 0.00,241,30.6
2025-05-17 21:10:13,-96.3337,35.6217, 110.0,15917,-61.5,-86.5,-81.8,  3,  5, 0.00,241,30.5
2025-05-17 21:10:15,-96.3331,35.6220, 109.9,15921,-61.5,-86.5,-81.8,  3,  5, 0.00,241,30.5
2025-05-17 21:10:16,-96.3328,35.6221, 109.8,15930,-61.5,-86.6,-81.8,  3,  5, 0.00,241,30.4
2025-05-17 21:10:17,-96.3325,35.6222, 109.7,15935,-61.5,-86.6,-81.8,  3,  5, 0.00,241,30.3
2025-05-17 21:10:18,-96.3322,35.6223, 109.6,15939,-61.5,-86.6,-81.8,  3,  5, 0.00,242,30.2
2025-05-17 21:10:19,-96.3319,35.6224, 109.5,15944,-61.5,-86.6,-81.9,  3,  5, 0.00,242,30.1
2025-05-17 21:10:21,-96.3314,35.6227, 109.4,15949,-61.5,-86.6,-81.9,  3,  5, 0.00,242,30.1
2025-05-17 21:10:22,-96.3311,35.6228, 109.3,15957,-61.5,-86.7,-81.9,  2,  5, 0.00,243,29.9
2025-05-17 21:10:24,-96.3304,35.6230, 109.2,15961,-61.6,-86.7,-81.9,  2,  5, 0.00,243,29.9
2025-05-17 21:10:25,-96.3301,35.6231, 109.1,15969,-61.6,-86.7,-81.9,  3,  5, 0.00,243,29.7
2025-05-17 21:10:26,-96.3299,35.6232, 109.0,15974,-61.6,-86.7,-81.9,  3,  5, 0.00,243,29.6
2025-05-17 21:10:27,-96.3296,35.6234, 108.9,15980,-61.6,-86.7,-81.9,  3,  5, 0.00,244,29.6
2025-05-17 21:10:29,-96.3291,35.6236, 108.8,15984,-61.7,-86.7,-81.9,  3,  5, 0.00,244,29.5
2025-05-17 21:10:31,-96.3285,35.6238, 108.7,15991,-61.7,-86.7,-81.9,  3,  5, 0.00,244,29.4
2025-05-17 21:10:32,-96.3282,35.6240, 108.6,15998,-61.7,-86.7,-81.9,  3,  5, 0.00,245,29.3
2025-05-17 21:10:33,-96.3279,35.6241, 108.5,16003,-61.7,-86.7,-81.9,  3,  5, 0.00,245,29.3
2025-05-17 21:10:34,-96.3276,35.6242, 108.4,16009,-61.7,-86.7,-81.9,  3,  5, 0.00,245,29.3
2025-05-17 21:10:35,-96.3273,35.6243, 108.3,16014,-61.7,-86.7,-82.0,  3,  5, 0.00,245,29.2
2025-05-17 21:10:36,-96.3270,35.6244, 108.2,16020,-61.8,-86.7,-82.0,  3,  5, 0.00,246,29.2
2025-05-17 21:10:37,-96.3268,35.6245, 108.1,16025,-61.8,-86.7,-82.0,  3,  5, 0.00,246,29.2
2025-05-17 21:10:38,-96.3265,35.6246, 108.0,16030,-61.7,-86.7,-82.0,  3,  5, 0.00,246,29.2
2025-05-17 21:10:40,-96.3258,35.6248, 107.9,16034,-61.7,-86.7,-82.0,  3,  5, 0.00,246,29.2
2025-05-17 21:10:41,-96.3256,35.6249, 107.8,16043,-61.8,-86.8,-82.0,  3,  5, 0.00,247,29.2
2025-05-17 21:10:42,-96.3253,35.6250, 107.7,16047,-61.8,-86.8,-82.1,  3,  5, 0.00,247,29.2
2025-05-17 21:10:44,-96.3247,35.6252, 107.6,16052,-61.9,-86.9,-82.1,  3,  5, 0.00,248,29.2
2025-05-17 21:10:45,-96.3244,35.6254, 107.5,16060,-62.0,-87.0,-82.2,  3,  5, 0.00,248,29.2
2025-05-17 21:10:46,-96.3241,35.6255, 107.4,16064,-62.0,-87.0,-82.2,  3,  5, 0.00,249,29.2
2025-05-17 21:10:48,-96.3235,35.6256, 107.3,16069,-62.0,-87.0,-82.2,  3,  5, 0.00,249,29.3
2025-05-17 21:10:49,-96.3232,35.6257, 107.2,16079,-62.0,-87.0,-82.2,  3,  5, 0.00,250,29.3
2025-05-17 21:10:50,-96.3229,35.6258, 107.1,16083,-62.0,-86.9,-82.2,  3,  5, 0.00,250,29.3
2025-05-17 21:10:52,-96.3223,35.6260, 107.0,16087,-61.9,-86.9,-82.1,  3,  5, 0.00,250,29.3
2025-05-17 21:10:53,-96.3219,35.6261, 106.9,16095,-61.8,-86.9,-82.1,  3,  5, 0.00,251,29.4
2025-05-17 21:10:54,-96.3216,35.6261, 106.8,16100,-61.8,-86.9,-82.1,  2,  5, 0.00,251,29.4
2025-05-17 21:10:55,-96.3213,35.6262, 106.7,16105,-61.8,-86.9,-82.1,  2,  5, 0.00,252,29.4
2025-05-17 21:10:57,-96.3207,35.6264, 106.6,16109,-61.8,-86.9,-82.1,  2,  5, 0.00,252,29.4
2025-05-17 21:10:58,-96.3204,35.6265, 106.5,16118,-61.8,-86.9,-82.2,  2,  4, 0.00,253,29.4
2025-05-17 21:10:59,-96.3201,35.6265, 106.4,16124,-61.8,-87.0,-82.2,  2,  4, 0.00,253,29.4
2025-05-17 21:11:00,-96.3197,35.6266, 106.3,16129,-61.7,-87.0,-82.2,  2,  4, 0.00,253,29.4
2025-05-17 21:11:01,-96.3194,35.6267, 106.2,16134,-61.7,-87.0,-82.2,  2,  4, 0.00,254,29.4
2025-05-17 21:11:02,-96.3191,35.6268, 106.1,16140,-61.7,-87.0,-82.3,  2,  4, 0.00,254,29.4
2025-05-17 21:11:04,-96.3185,35.6269, 106.0,16144,-61.7,-87.1,-82.3,  2,  4, 0.00,254,29.4
2025-05-17 21:11:06,-96.3179,35.6270, 105.9,16151,-61.6,-87.1,-82.3,  2,  4, 0.00,254,29.4
2025-05-17 21:11:08,-96.3172,35.6271, 105.8,16156,-61.5,-87.1,-82.3,  2,  4, 0.00,255,29.3
2025-05-17 21:11:09,-96.3169,35.6272, 105.7,16167,-61.4,-87.0,-82.2,  2,  4, 0.00,255,29.3
2025-05-17 21:11:10,-96.3166,35.6273, 105.5,16174,-61.3,-87.0,-82.2,  2,  4, 0.00,255,29.2
2025-05-17 21:11:11,-96.3163,35.6273, 105.4,16181,-61.3,-86.9,-82.2,  2,  4, 0.00,255,29.2
2025-05-17 21:11:12,-96.3160,35.6274, 105.3,16187,-61.3,-86.9,-82.2,  2,  4, 0.00,255,29.1
2025-05-17 21:11:14,-96.3154,35.6276, 105.2,16191,-61.3,-87.0,-82.2,  2,  4, 0.00,255,29.1
2025-05-17 21:11:15,-96.3150,35.6277, 105.1,16199,-61.4,-87.0,-82.2,  2,  4, 0.00,256,28.9
2025-05-17 21:11:17,-96.3144,35.6278, 105.0,16203,-61.4,-87.0,-82.2,  2,  4, 0.00,256,28.9
2025-05-17 21:11:18,-96.3141,35.6278, 104.9,16211,-61.3,-87.0,-82.2,  2,  4, 0.00,256,28.7
2025-05-17 21:11:19,-96.3138,35.6279, 104.8,16216,-61.3,-87.0,-82.2,  2,  4, 0.00,256,28.7
2025-05-17 21:11:21,-96.3132,35.6281, 104.7,16221,-61.3,-87.0,-82.2,  2,  4, 0.00,256,28.6
2025-05-17 21:11:22,-96.3129,35.6282, 104.6,16231,-61.3,-87.0,-82.2,  2,  4, 0.00,256,28.4
2025-05-17 21:11:23,-96.3127,35.6282, 104.5,16236,-61.3,-86.9,-82.2,  2,  4, 0.00,256,28.3
2025-05-17 21:11:25,-96.3120,35.6283, 104.4,16239,-61.3,-86.9,-82.2,  2,  4, 0.00,256,28.2
2025-05-17 21:11:27,-96.3114,35.6284, 104.3,16246,-61.3,-86.9,-82.1,  2,  4, 0.00,256,28.1
2025-05-17 21:11:28,-96.3111,35.6285, 104.2,16255,-61.3,-86.9,-82.2,  2,  4, 0.00,256,27.9
2025-05-17 21:11:29,-96.3109,35.6286, 104.1,16261,-61.4,-86.9,-82.2,  2,  4, 0.00,256,27.8
2025-05-17 21:11:30,-96.3106,35.6287, 104.0,16267,-61.4,-87.0,-82.2,  2,  4, 0.00,256,27.7
2025-05-17 21:11:31,-96.3103,35.6287, 103.9,16272,-61.4,-87.0,-82.2,  2,  4, 0.00,256,27.6
2025-05-17 21:11:33,-96.3096,35.6288, 103.8,16275,-61.5,-87.0,-82.2,  2,  4, 0.00,256,27.6
2025-05-17 21:11:34,-96.3093,35.6288, 103.7,16283,-61.5,-87.0,-82.3,  2,  4, 0.00,256,27.4
2025-05-17 21:11:35,-96.3091,35.6289, 103.6,16288,-61.5,-87.0,-82.2,  2,  4, 0.00,256,27.3
2025-05-17 21:11:37,-96.3085,35.6291, 103.5,16293,-61.5,-87.0,-82.2,  2,  4, 0.00,257,27.3
2025-05-17 21:11:38,-96.3082,35.6292, 103.4,16301,-61.4,-87.0,-82.2,  2,  4, 0.00,257,27.1
2025-05-17 21:11:39,-96.3079,35.6292, 103.3,16305,-61.4,-87.0,-82.2,  2,  4, 0.00,257,27.1
2025-05-17 21:11:41,-96.3074,35.6293, 103.2,16310,-61.4,-87.0,-82.3,  2,  4, 0.00,257,27.0
2025-05-17 21:11:42,-96.3071,35.6293, 103.1,16320,-61.5,-87.1,-82.3,  2,  4, 0.00,257,26.9
2025-05-17 21:11:43,-96.3069,35.6293, 103.0,16324,-61.5,-87.1,-82.3,  2,  4, 0.00,258,26.9
2025-05-17 21:11:45,-96.3062,35.6294, 102.9,16329,-61.5,-87.1,-82.3,  2,  4, 0.00,258,26.9
2025-05-17 21:11:46,-96.3059,35.6295, 102.8,16338,-61.5,-87.1,-82.4,  2,  4, 0.00,258,26.8
2025-05-17 21:11:47,-96.3056,35.6296, 102.7,16344,-61.6,-87.1,-82.4,  2,  4, 0.00,259,26.8
2025-05-17 21:11:48,-96.3054,35.6296, 102.6,16349,-61.6,-87.1,-82.4,  2,  4, 0.00,259,26.7
2025-05-17 21:11:49,-96.3051,35.6297, 102.5,16354,-61.6,-87.2,-82.4,  2,  4, 0.00,259,26.7
2025-05-17 21:11:50,-96.3048,35.6297, 102.4,16360,-61.7,-87.2,-82.4,  2,  4, 0.00,259,26.7
2025-05-17 21:11:52,-96.3042,35.6298, 102.3,16364,-61.7,-87.2,-82.4,  2,  4, 0.00,260,26.7
2025-05-17 21:11:53,-96.3039,35.6298, 102.2,16373,-61.8,-87.2,-82.5,  2,  4, 0.00,260,26.6
2025-05-17 21:11:54,-96.3036,35.6299, 102.1,16377,-61.8,-87.2,-82.5,  2,  4, 0.00,261,26.6
2025-05-17 21:11:55,-96.3033,35.6299, 102.0,16382,-61.8,-87.2,-82.5,  2,  4, 0.00,261,26.6
2025-05-17 21:11:56,-96.3030,35.6300, 101.9,16388,-61.8,-87.2,-82.4,  2,  4, 0.00,261,26.6
2025-05-17 21:11:58,-96.3025,35.6300, 101.8,16394,-61.8,-87.2,-82.4,  2,  4, 0.00,261,26.6
2025-05-17 21:11:59,-96.3022,35.6300, 101.7,16406,-61.8,-87.1,-82.4,  2,  4, 0.00,262,26.6
2025-05-17 21:12:00,-96.3019,35.6300, 101.6,16411,-61.8,-87.1,-82.4,  2,  4, 0.00,262,26.6
2025-05-17 21:12:01,-96.3016,35.6300, 101.5,16415,-61.8,-87.1,-82.4,  2,  4, 0.00,263,26.6
2025-05-17 21:12:03,-96.3010,35.6301, 101.4,16420,-61.8,-87.1,-82.4,  2,  4, 0.00,263,26.6
2025-05-17 21:12:04,-96.3007,35.6302, 101.3,16429,-61.9,-87.1,-82.4,  2,  4, 0.00,264,26.6
2025-05-17 21:12:05,-96.3004,35.6302, 101.2,16434,-62.0,-87.2,-82.4,  2,  4, 0.00,264,26.6
2025-05-17 21:12:06,-96.3002,35.6302, 101.1,16440,-62.0,-87.2,-82.4,  2,  4, 0.00,264,26.6
2025-05-17 21:12:07,-96.2999,35.6303, 101.0,16445,-62.1,-87.2,-82.5,  2,  4, 0.00,265,26.6
2025-05-17 21:12:09,-96.2993,35.6303, 100.9,16450,-62.1,-87.2,-82.5,  2,  4, 0.00,265,26.5
2025-05-17 21:12:10,-96.2990,35.6303, 100.8,16459,-62.2,-87.3,-82.5,  2,  4, 0.00,265,26.5
2025-05-17 21:12:11,-96.2987,35.6303, 100.7,16463,-62.3,-87.3,-82.5,  2,  5, 0.00,266,26.5
2025-05-17 21:12:12,-96.2984,35.6303, 100.6,16469,-62.3,-87.3,-82.5,  2,  5, 0.00,266,26.5
2025-05-17 21:12:13,-96.2981,35.6303, 100.5,16475,-62.3,-87.3,-82.5,  2,  5, 0.00,266,26.4
2025-05-17 21:12:14,-96.2978,35.6303, 100.4,16481,-62.4,-87.3,-82.5,  2,  5, 0.00,266,26.4
2025-05-17 21:12:15,-96.2975,35.6304, 100.3,16487,-62.4,-87.3,-82.5,  2,  5, 0.00,266,26.4
2025-05-17 21:12:16,-96.2972,35.6304, 100.2,16493,-62.4,-87.3,-82.6,  3,  5, 0.00,267,26.3
2025-05-17 21:12:18,-96.2967,35.6304, 100.1,16499,-62.5,-87.3,-82.6,  3,  5, 0.00,267,26.3
2025-05-17 21:12:19,-96.2964,35.6304, 100.0,16507,-62.5,-87.4,-82.6,  3,  5, 0.00,267,26.2
2025-05-17 21:12:20,-96.2961,35.6304,  99.9,16514,-62.5,-87.4,-82.6,  3,  5, 0.00,267,26.1
2025-05-17 21:12:21,-96.2957,35.6304,  99.8,16519,-62.6,-87.4,-82.7,  2,  5, 0.00,267,26.0
2025-05-17 21:12:22,-96.2954,35.6304,  99.7,16525,-62.6,-87.5,-82.7,  2,  5, 0.00,267,25.9
2025-05-17 21:12:23,-96.2951,35.6304,  99.6,16531,-62.6,-87.5,-82.7,  2,  5, 0.00,267,25.8
2025-05-17 21:12:24,-96.2949,35.6304,  99.5,16536,-62.6,-87.5,-82.7,  2,  5, 0.00,268,25.7
2025-05-17 21:12:26,-96.2943,35.6305,  99.4,16542,-62.5,-87.5,-82.8,  2,  4, 0.00,268,25.6
2025-05-17 21:12:27,-96.2940,35.6305,  99.3,16553,-62.5,-87.5,-82.8,  2,  4, 0.00,268,25.4
2025-05-17 21:12:28,-96.2937,35.6305,  99.2,16558,-62.5,-87.6,-82.8,  2,  4, 0.00,268,25.3
2025-05-17 21:12:29,-96.2935,35.6305,  99.1,16564,-62.5,-87.6,-82.8,  2,  4, 0.00,268,25.1
2025-05-17 21:12:30,-96.2932,35.6305,  99.0,16569,-62.5,-87.6,-82.8,  2,  4, 0.00,268,25.0
2025-05-17 21:12:32,-96.2927,35.6304,  98.9,16574,-62.5,-87.6,-82.9,  2,  4, 0.00,268,24.9
2025-05-17 21:12:33,-96.2924,35.6305,  98.8,16583,-62.4,-87.6,-82.9,  2,  4, 0.00,268,24.6
2025-05-17 21:12:34,-96.2921,35.6305,  98.7,16588,-62.4,-87.6,-82.8,  2,  4, 0.00,268,24.5
2025-05-17 21:12:35,-96.2919,35.6305,  98.6,16593,-62.3,-87.6,-82.8,  2,  4, 0.00,268,24.3
2025-05-17 21:12:36,-96.2916,35.6305,  98.5,16599,-62.3,-87.5,-82.8,  2,  4, 0.00,268,24.2
2025-05-17 21:12:37,-96.2914,35.6305,  98.4,16605,-62.3,-87.5,-82.8,  2,  4, 0.00,269,24.0
2025-05-17 21:12:39,-96.2908,35.6305,  98.3,16610,-62.3,-87.5,-82.8,  2,  4, 0.00,269,23.9
2025-05-17 21:12:40,-96.2906,35.6305,  98.2,16621,-62.3,-87.5,-82.8,  2,  4, 0.00,269,23.6
2025-05-17 21:12:41,-96.2903,35.6305,  98.1,16627,-62.3,-87.5,-82.8,  2,  4, 0.00,269,23.5
2025-05-17 21:12:42,-96.2901,35.6305,  98.0,16632,-62.3,-87.5,-82.8,  2,  4, 0.00,269,23.3
2025-05-17 21:12:44,-96.2895,35.6305,  97.9,16636,-62.3,-87.5,-82.8,  2,  4, 0.00,269,23.2
2025-05-17 21:12:45,-96.2893,35.6305,  97.8,16646,-62.4,-87.5,-82.8,  2,  4, 0.00,269,23.0
2025-05-17 21:12:46,-96.2891,35.6305,  97.7,16652,-62.4,-87.5,-82.8,  2,  4, 0.00,269,22.8
2025-05-17 21:12:47,-96.2888,35.6305,  97.6,16657,-62.4,-87.6,-82.8,  2,  4, 0.00,269,22.7
2025-05-17 21:12:48,-96.2886,35.6305,  97.5,16663,-62.5,-87.6,-82.8,  2,  4, 0.00,269,22.6
2025-05-17 21:12:50,-96.2881,35.6306,  97.4,16668,-62.5,-87.6,-82.9,  2,  4, 0.00,269,22.5
2025-05-17 21:12:51,-96.2878,35.6306,  97.3,16677,-62.6,-87.6,-82.9,  2,  4, 0.00,269,22.3
2025-05-17 21:12:52,-96.2876,35.6306,  97.2,16682,-62.6,-87.6,-82.9,  2,  4, 0.00,268,22.2
2025-05-17 21:12:53,-96.2873,35.6306,  97.1,16688,-62.7,-87.6,-82.9,  2,  4, 0.00,268,22.1
2025-05-17 21:12:54,-96.2871,35.6305,  97.0,16693,-62.7,-87.6,-82.9,  2,  4, 0.00,268,22.0
2025-05-17 21:12:55,-96.2869,35.6305,  96.9,16699,-62.7,-87.6,-82.9,  2,  5, 0.00,268,22.0
2025-05-17 21:12:57,-96.2864,35.6306,  96.8,16705,-62.7,-87.6,-82.9,  2,  5, 0.00,268,21.9
2025-05-17 21:12:58,-96.2862,35.6306,  96.7,16715,-62.8,-87.6,-82.9,  2,  5, 0.00,268,21.8
2025-05-17 21:12:59,-96.2859,35.6306,  96.6,16719,-62.8,-87.6,-82.9,  2,  5, 0.00,268,21.7
2025-05-17 21:13:01,-96.2855,35.6306,  96.5,16724,-62.9,-87.6,-82.9,  3,  5, 0.00,268,21.7
2025-05-17 21:13:02,-96.2852,35.6306,  96.4,16734,-62.9,-87.6,-82.9,  3,  5, 0.00,268,21.6
2025-05-17 21:13:03,-96.2850,35.6306,  96.3,16739,-63.0,-87.6,-82.9,  3,  5, 0.00,267,21.6
2025-05-17 21:13:05,-96.2845,35.6306,  96.2,16744,-63.0,-87.6,-82.9,  3,  5, 0.00,267,21.6
2025-05-17 21:13:06,-96.2843,35.6306,  96.1,16754,-63.1,-87.6,-82.9,  3,  5, 0.00,267,21.5
2025-05-17 21:13:07,-96.2841,35.6307,  96.0,16759,-63.1,-87.6,-82.9,  3,  5, 0.00,267,21.5
2025-05-17 21:13:08,-96.2839,35.6307,  95.9,16765,-63.1,-87.6,-82.9,  3,  5, 0.00,267,21.5
2025-05-17 21:13:09,-96.2836,35.6307,  95.8,16770,-63.2,-87.7,-82.9,  3,  5, 0.00,267,21.6
2025-05-17 21:13:11,-96.2831,35.6307,  95.7,16776,-63.2,-87.7,-82.9,  3,  5, 0.00,267,21.6
2025-05-17 21:13:12,-96.2829,35.6307,  95.6,16786,-63.3,-87.7,-83.0,  3,  5, 0.00,266,21.6
2025-05-17 21:13:13,-96.2827,35.6307,  95.5,16791,-63.4,-87.7,-83.0,  3,  5, 0.00,266,21.6
2025-05-17 21:13:15,-96.2822,35.6308,  95.4,16796,-63.4,-87.7,-83.0,  3,  5, 0.00,266,21.7
2025-05-17 21:13:16,-96.2820,35.6308,  95.3,16805,-63.5,-87.8,-83.0,  3,  5, 0.00,266,21.7
2025-05-17 21:13:17,-96.2817,35.6308,  95.2,16810,-63.5,-87.8,-83.0,  3,  5, 0.00,266,21.7
2025-05-17 21:13:18,-96.2815,35.6308,  95.1,16815,-63.6,-87.8,-83.0,  3,  5, 0.00,266,21.8
2025-05-17 21:13:20,-96.2810,35.6308,  95.0,16821,-63.6,-87.8,-83.0,  3,  5, 0.00,266,21.8
2025-05-17 21:13:21,-96.2808,35.6308,  94.9,16832,-63.7,-87.8,-83.0,  3,  5, 0.00,266,21.8
2025-05-17 21:13:22,-96.2805,35.6309,  94.8,16837,-63.8,-87.8,-83.0,  3,  5, 0.00,266,21.9
2025-05-17 21:13:23,-96.2803,35.6309,  94.7,16842,-63.8,-87.8,-83.0,  3,  5, 0.00,266,21.9
2025-05-17 21:13:24,-96.2800,35.6309,  94.6,16848,-63.8,-87.8,-83.1,  3,  5, 0.00,266,21.9
2025-05-17 21:13:26,-96.2796,35.6309,  94.5,16853,-63.9,-87.8,-83.1,  3,  5, 0.00,266,21.9
2025-05-17 21:13:27,-96.2793,35.6309,  94.4,16863,-64.0,-87.8,-83.1,  3,  5, 0.00,266,22.0
2025-05-17 21:13:28,-96.2791,35.6310,  94.3,16867,-64.0,-87.8,-83.1,  3,  5, 0.00,266,22.0
2025-05-17 21:13:30,-96.2786,35.6310,  94.2,16872,-64.1,-87.8,-83.1,  3,  5, 0.00,266,22.0
2025-05-17 21:13:31,-96.2783,35.6310,  94.1,16882,-64.1,-87.9,-83.1,  3,  5, 0.00,266,22.0
2025-05-17 21:13:32,-96.2781,35.6310,  94.0,16887,-64.2,-87.9,-83.1,  3,  5, 0.00,266,22.0
2025-05-17 21:13:33,-96.2779,35.6310,  93.9,16893,-64.2,-87.9,-83.1,  3,  5, 0.00,266,22.0
2025-05-17 21:13:35,-96.2774,35.6311,  93.8,16898,-64.2,-87.9,-83.1,  3,  5, 0.00,266,22.0
2025-05-17 21:13:36,-96.2771,35.6311,  93.7,16909,-64.3,-87.9,-83.1,  3,  5, 0.00,265,22.0
2025-05-17 21:13:37,-96.2769,35.6311,  93.6,16914,-64.4,-87.9,-83.2,  3,  5, 0.00,265,22.0
2025-05-17 21:13:38,-96.2767,35.6311,  93.5,16919,-64.5,-88.0,-83.2,  3,  5, 0.00,265,22.0
2025-05-17 21:13:40,-96.2762,35.6312,  93.4,16924,-64.5,-88.0,-83.2,  3,  5, 0.00,265,22.0
2025-05-17 21:13:41,-96.2759,35.6312,  93.3,16935,-64.6,-88.0,-83.3,  3,  6, 0.00,265,22.0
2025-05-17 21:13:42,-96.2757,35.6312,  93.2,16941,-64.7,-88.1,-83.3,  3,  6, 0.00,265,22.0
2025-05-17 21:13:43,-96.2754,35.6312,  93.1,16946,-64.7,-88.1,-83.3,  3,  6, 0.00,265,22.0
2025-05-17 21:13:45,-96.2749,35.6312,  93.0,16951,-64.8,-88.1,-83.3,  3,  6, 0.00,265,22.0
2025-05-17 21:13:46,-96.2747,35.6313,  92.9,16961,-64.9,-88.1,-83.3,  3,  6, 0.00,265,22.0
2025-05-17 21:13:47,-96.2745,35.6313,  92.8,16966,-64.9,-88.1,-83.3,  3,  6, 0.00,265,22.0
2025-05-17 21:13:49,-96.2740,35.6313,  92.7,16970,-64.9,-88.1,-83.3,  3,  6, 0.00,265,22.0
2025-05-17 21:13:50,-96.2738,35.6313,  92.6,16981,-65.0,-88.1,-83.3,  3,  6, 0.00,265,22.0
2025-05-17 21:13:51,-96.2735,35.6313,  92.5,16986,-65.1,-88.1,-83.3,  3,  6, 0.00,265,22.0
2025-05-17 21:13:53,-96.2730,35.6314,  92.4,16991,-65.1,-88.1,-83.4,  3,  6, 0.00,265,22.0
2025-05-17 21:13:54,-96.2728,35.6314,  92.3,17001,-65.2,-88.1,-83.4,  3,  6, 0.00,265,22.1
2025-05-17 21:13:55,-96.2726,35.6314,  92.2,17005,-65.3,-88.2,-83.4,  3,  6, 0.00,265,22.1
2025-05-17 21:13:57,-96.2721,35.6314,  92.1,17010,-65.3,-88.2,-83.4,  3,  6, 0.00,265,22.1
2025-05-17 21:13:58,-96.2719,35.6315,  92.0,17020,-65.4,-88.2,-83.4,  3,  6, 0.00,264,22.2
2025-05-17 21:14:00,-96.2714,35.6315,  91.9,17024,-65.5,-88.2,-83.4,  3,  6, 0.00,264,22.3
2025-05-17 21:14:01,-96.2711,35.6315,  91.8,17033,-65.5,-88.2,-83.5,  3,  6, 0.00,264,22.3
2025-05-17 21:14:02,-96.2709,35.6316,  91.7,17038,-65.6,-88.2,-83.5,  3,  6, 0.00,264,22.4
2025-05-17 21:14:04,-96.2704,35.6316,  91.6,17044,-65.6,-88.3,-83.5,  3,  6, 0.00,264,22.4
2025-05-17 21:14:05,-96.2701,35.6316,  91.5,17054,-65.7,-88.3,-83.6,  3,  6, 0.00,264,22.5
2025-05-17 21:14:06,-96.2699,35.6316,  91.4,17060,-65.8,-88.4,-83.6,  3,  6, 0.00,264,22.6
2025-05-17 21:14:07,-96.2696,35.6316,  91.3,17064,-65.8,-88.4,-83.6,  3,  6, 0.00,264,22.6
2025-05-17 21:14:09,-96.2691,35.6317,  91.2,17069,-65.9,-88.4,-83.6,  3,  6, 0.00,264,22.6
2025-05-17 21:14:10,-96.2689,35.6317,  91.1,17079,-65.9,-88.4,-83.7,  3,  6, 0.00,264,22.7
2025-05-17 21:14:12,-96.2684,35.6317,  91.0,17084,-65.9,-88.5,-83.7,  3,  6, 0.00,264,22.7
2025-05-17 21:14:13,-96.2681,35.6318,  90.9,17093,-66.0,-88.5,-83.8,  3,  6, 0.00,264,22.6
2025-05-17 21:14:14,-96.2679,35.6318,  90.8,17098,-66.1,-88.6,-83.8,  3,  6, 0.00,264,22.6
2025-05-17 21:14:16,-96.2674,35.6319,  90.7,17102,-66.1,-88.6,-83.9,  3,  6, 0.00,264,22.5
2025-05-17 21:14:17,-96.2671,35.6319,  90.6,17113,-66.2,-88.7,-84.0,  3,  6, 0.00,264,22.4
2025-05-17 21:14:18,-96.2669,35.6319,  90.5,17118,-66.2,-88.8,-84.0,  3,  6, 0.00,264,22.3
2025-05-17 21:14:20,-96.2664,35.6320,  90.4,17124,-66.2,-88.9,-84.1,  3,  6, 0.00,265,22.2
2025-05-17 21:14:21,-96.2661,35.6320,  90.3,17134,-66.3,-89.0,-84.2,  3,  6, 0.00,265,21.9
2025-05-17 21:14:22,-96.2658,35.6320,  90.2,17139,-66.2,-89.0,-84.3,  3,  6, 0.00,265,21.8
2025-05-17 21:14:23,-96.2656,35.6320,  90.1,17144,-66.1,-89.0,-84.3,  3,  6, 0.00,265,21.6
2025-05-17 21:14:25,-96.2651,35.6321,  90.0,17149,-66.0,-89.0,-84.3,  3,  6, 0.00,265,21.4
2025-05-17 21:14:26,-96.2649,35.6321,  89.9,17160,-65.7,-88.9,-84.2,  3,  5, 0.00,266,21.0
2025-05-17 21:14:27,-96.2646,35.6321,  89.8,17165,-65.5,-88.9,-84.1,  3,  5, 0.00,266,20.7
2025-05-17 21:14:29,-96.2642,35.6321,  89.7,17170,-65.4,-88.9,-84.1,  3,  5, 0.00,266,20.5
2025-05-17 21:14:30,-96.2640,35.6321,  89.6,17179,-65.2,-89.0,-84.2,  3,  5, 0.00,266,20.0
2025-05-17 21:14:32,-96.2635,35.6321,  89.5,17184,-65.1,-89.0,-84.3,  3,  5, 0.00,267,19.8
2025-05-17 21:14:33,-96.2633,35.6322,  89.4,17195,-65.0,-89.1,-84.4,  3,  5, 0.00,267,19.2
2025-05-17 21:14:34,-96.2631,35.6321,  89.3,17202,-64.9,-89.1,-84.4,  3,  5, 0.00,267,19.0
2025-05-17 21:14:35,-96.2629,35.6321,  89.2,17208,-64.8,-89.1,-84.4,  2,  5, 0.00,268,18.7
2025-05-17 21:14:36,-96.2627,35.6321,  89.1,17215,-64.6,-89.1,-84.3,  2,  5, 0.00,268,18.5
2025-05-17 21:14:37,-96.2625,35.6321,  89.0,17221,-64.5,-89.0,-84.3,  2,  5, 0.00,268,18.2
2025-05-17 21:14:38,-96.2624,35.6321,  88.9,17227,-64.3,-89.0,-84.2,  2,  4, 0.00,268,18.0
2025-05-17 21:14:39,-96.2622,35.6321,  88.8,17233,-64.1,-88.9,-84.2,  2,  4, 0.00,269,17.8
2025-05-17 21:14:41,-96.2619,35.6321,  88.7,17239,-64.0,-88.8,-84.1,  2,  4, 0.00,269,17.6
2025-05-17 21:14:42,-96.2618,35.6321,  88.6,17250,-63.7,-88.7,-83.9,  2,  4, 0.00,269,17.1
2025-05-17 21:14:43,-96.2616,35.6321,  88.5,17256,-63.6,-88.7,-83.9,  2,  4, 0.00,270,16.9
2025-05-17 21:14:44,-96.2614,35.6321,  88.4,17262,-63.5,-88.7,-83.9,  2,  4, 0.00,270,16.7
2025-05-17 21:14:45,-96.2612,35.6321,  88.3,17268,-63.6,-88.7,-83.9,  2,  4, 0.00,270,16.6
2025-05-17 21:14:46,-96.2609,35.6322,  88.2,17274,-63.6,-88.8,-84.0,  2,  4, 0.00,270,16.4
2025-05-17 21:14:47,-96.2607,35.6322,  88.1,17280,-63.7,-88.8,-84.0,  2,  4, 0.00,271,16.2
2025-05-17 21:14:49,-96.2604,35.6322,  88.0,17287,-63.7,-88.8,-84.0,  2,  4, 0.00,271,16.0
2025-05-17 21:14:50,-96.2602,35.6322,  87.9,17299,-63.7,-88.7,-84.0,  2,  4, 0.00,271,15.7
2025-05-17 21:14:51,-96.2601,35.6321,  87.8,17304,-63.7,-88.7,-84.0,  2,  4, 0.00,272,15.5
2025-05-17 21:14:52,-96.2599,35.6321,  87.7,17311,-63.7,-88.7,-83.9,  2,  4, 0.00,272,15.4
2025-05-17 21:14:53,-96.2597,35.6321,  87.6,17317,-63.7,-88.7,-83.9,  2,  4, 0.00,272,15.2
2025-05-17 21:14:54,-96.2595,35.6321,  87.5,17324,-63.7,-88.7,-83.9,  2,  4, 0.00,272,15.1
2025-05-17 21:14:55,-96.2593,35.6321,  87.4,17331,-63.8,-88.7,-83.9,  2,  4, 0.00,272,14.9
2025-05-17 21:14:56,-96.2592,35.6321,  87.3,17337,-63.8,-88.6,-83.9,  2,  4, 0.00,272,14.7
2025-05-17 21:14:58,-96.2590,35.6320,  87.2,17343,-63.8,-88.6,-83.9,  2,  4, 0.00,272,14.6
2025-05-17 21:14:59,-96.2588,35.6320,  87.1,17355,-63.8,-88.5,-83.8,  2,  4, 0.00,272,14.2
2025-05-17 21:15:00,-96.2586,35.6320,  87.0,17361,-63.8,-88.5,-83.7,  2,  4, 0.00,272,14.1
2025-05-17 21:15:01,-96.2584,35.6320,  86.9,17367,-63.7,-88.5,-83.7,  2,  5, 0.00,272,13.9
2025-05-17 21:15:03,-96.2581,35.6321,  86.8,17372,-63.7,-88.4,-83.7,  2,  5, 0.00,272,13.7
2025-05-17 21:15:04,-96.2580,35.6321,  86.7,17382,-63.7,-88.4,-83.6,  2,  5, 0.00,272,13.3
2025-05-17 21:15:06,-96.2577,35.6319,  86.6,17386,-63.8,-88.4,-83.6,  2,  5, 0.00,272,13.2
2025-05-17 21:15:07,-96.2576,35.6319,  86.5,17396,-63.8,-88.4,-83.6,  2,  5, 0.00,271,12.8
2025-05-17 21:15:08,-96.2575,35.6319,  86.4,17402,-63.8,-88.4,-83.6,  3,  5, 0.00,271,12.6
2025-05-17 21:15:09,-96.2573,35.6320,  86.3,17408,-63.9,-88.4,-83.6,  3,  5, 0.00,270,12.4
2025-05-17 21:15:10,-96.2572,35.6320,  86.2,17415,-63.9,-88.4,-83.6,  3,  5, 0.00,270,12.3
2025-05-17 21:15:11,-96.2571,35.6320,  86.1,17421,-64.0,-88.4,-83.7,  3,  5, 0.00,270,12.1
2025-05-17 21:15:13,-96.2568,35.6320,  86.0,17428,-64.0,-88.4,-83.7,  3,  5, 0.00,269,11.9
2025-05-17 21:15:14,-96.2567,35.6320,  85.9,17440,-64.1,-88.4,-83.7,  3,  5, 0.00,268,11.6
2025-05-17 21:15:15,-96.2566,35.6320,  85.8,17446,-64.1,-88.4,-83.7,  3,  5, 0.00,268,11.5
2025-05-17 21:15:16,-96.2565,35.6320,  85.7,17451,-64.1,-88.4,-83.6,  3,  5, 0.00,267,11.3
2025-05-17 21:15:18,-96.2563,35.6321,  85.6,17457,-64.1,-88.4,-83.6,  3,  5, 0.00,267,11.2
2025-05-17 21:15:19,-96.2561,35.6321,  85.5,17468,-64.1,-88.4,-83.6,  3,  5, 0.00,266,10.9
2025-05-17 21:15:21,-96.2559,35.6320,  85.4,17473,-64.1,-88.4,-83.6,  3,  5, 0.00,265,10.8
2025-05-17 21:15:23,-96.2557,35.6321,  85.3,17481,-64.2,-88.4,-83.6,  3,  5, 0.00,264,10.6
2025-05-17 21:15:24,-96.2556,35.6321,  85.2,17487,-64.2,-88.4,-83.7,  3,  5, 0.00,263,10.5
2025-05-17 21:15:26,-96.2553,35.6321,  85.1,17492,-64.3,-88.4,-83.7,  3,  5, 0.00,263,10.4
2025-05-17 21:15:27,-96.2552,35.6322,  85.0,17504,-64.3,-88.5,-83.7,  3,  5, 0.00,262,10.3
2025-05-17 21:15:28,-96.2551,35.6322,  84.9,17509,-64.3,-88.5,-83.7,  3,  5, 0.00,262,10.2
2025-05-17 21:15:30,-96.2549,35.6322,  84.8,17514,-64.4,-88.5,-83.8,  3,  5, 0.00,262,10.2
2025-05-17 21:15:32,-96.2547,35.6322,  84.7,17523,-64.4,-88.6,-83.8,  3,  5, 0.00,261,10.2
2025-05-17 21:15:33,-96.2546,35.6323,  84.6,17532,-64.4,-88.6,-83.9,  3,  5, 0.00,261,10.1
2025-05-17 21:15:34,-96.2545,35.6323,  84.5,17537,-64.4,-88.6,-83.9,  3,  5, 0.00,261,10.1
2025-05-17 21:15:36,-96.2543,35.6323,  84.4,17542,-64.4,-88.6,-83.9,  3,  5, 0.00,261,10.1
2025-05-17 21:15:38,-96.2541,35.6323,  84.3,17551,-64.3,-88.6,-83.8,  3,  5, 0.00,260,10.2
2025-05-17 21:15:39,-96.2540,35.6323,  84.2,17560,-64.2,-88.5,-83.8,  3,  5, 0.00,260,10.2
2025-05-17 21:15:41,-96.2537,35.6324,  84.1,17565,-64.1,-88.5,-83.7,  3,  5, 0.00,260,10.3
2025-05-17 21:15:42,-96.2536,35.6324,  84.0,17575,-64.1,-88.5,-83.7,  3,  5, 0.00,260,10.4
2025-05-17 21:15:44,-96.2534,35.6324,  83.9,17580,-64.1,-88.5,-83.8,  3,  5, 0.00,260,10.4
2025-05-17 21:15:45,-96.2533,35.6324,  83.8,17591,-64.2,-88.6,-83.8,  3,  5, 0.00,260,10.5
2025-05-17 21:15:46,-96.2532,35.6324,  83.7,17596,-64.3,-88.6,-83.9,  3,  5, 0.00,260,10.6
2025-05-17 21:15:47,-96.2531,35.6325,  83.6,17602,-64.3,-88.6,-83.9,  3,  5, 0.00,260,10.7
2025-05-17 21:15:49,-96.2528,35.6325,  83.5,17608,-64.4,-88.6,-83.9,  3,  5, 0.00,260,10.8
2025-05-17 21:15:51,-96.2526,35.6325,  83.4,17617,-64.4,-88.7,-83.9,  3,  5, 0.00,260,10.9
2025-05-17 21:15:52,-96.2525,35.6326,  83.3,17625,-64.5,-88.7,-83.9,  3,  5, 0.00,260,11.1
2025-05-17 21:15:54,-96.2522,35.6326,  83.2,17630,-64.5,-88.7,-83.9,  3,  5, 0.00,260,11.1
2025-05-17 21:15:56,-96.2519,35.6326,  83.1,17639,-64.6,-88.7,-83.9,  3,  5, 0.00,260,11.3
2025-05-17 21:15:57,-96.2518,35.6327,  83.0,17648,-64.6,-88.7,-83.9,  3,  5, 0.00,260,11.4
2025-05-17 21:15:59,-96.2516,35.6327,  82.9,17653,-64.6,-88.7,-83.9,  3,  5, 0.00,260,11.5
2025-05-17 21:16:00,-96.2514,35.6327,  82.8,17663,-64.6,-88.7,-83.9,  3,  5, 0.00,260,11.7
2025-05-17 21:16:02,-96.2512,35.6327,  82.7,17668,-64.6,-88.7,-83.9,  3,  5, 0.00,260,11.7
2025-05-17 21:16:03,-96.2510,35.6328,  82.6,17677,-64.7,-88.7,-83.9,  3,  5, 0.00,260,11.9
2025-05-17 21:16:05,-96.2508,35.6328,  82.5,17682,-64.7,-88.7,-83.9,  3,  5, 0.00,260,11.9
2025-05-17 21:16:06,-96.2507,35.6329,  82.4,17694,-64.7,-88.7,-83.9,  3,  5, 0.00,261,12.0
2025-05-17 21:16:07,-96.2505,35.6329,  82.3,17699,-64.7,-88.7,-83.9,  3,  5, 0.00,261,12.1
2025-05-17 21:16:09,-96.2503,35.6329,  82.2,17704,-64.7,-88.7,-83.9,  3,  5, 0.00,261,12.2
2025-05-17 21:16:11,-96.2500,35.6329,  82.1,17712,-64.8,-88.7,-83.9,  3,  5, 0.00,261,12.3
2025-05-17 21:16:13,-96.2498,35.6330,  82.0,17720,-64.7,-88.7,-83.9,  3,  5, 0.00,261,12.4
2025-05-17 21:16:14,-96.2496,35.6330,  81.9,17730,-64.7,-88.6,-83.9,  3,  5, 0.00,261,12.5
2025-05-17 21:16:16,-96.2494,35.6330,  81.8,17735,-64.7,-88.6,-83.9,  3,  5, 0.00,261,12.5
2025-05-17 21:16:17,-96.2492,35.6330,  81.7,17745,-64.7,-88.7,-83.9,  3,  5, 0.00,261,12.6
2025-05-17 21:16:19,-96.2489,35.6331,  81.6,17750,-64.7,-88.7,-83.9,  3,  5, 0.00,261,12.7
2025-05-17 21:16:20,-96.2488,35.6331,  81.5,17759,-64.7,-88.7,-83.9,  3,  5, 0.00,262,12.8
2025-05-17 21:16:22,-96.2485,35.6331,  81.4,17764,-64.8,-88.7,-84.0,  3,  5, 0.00,262,12.8
2025-05-17 21:16:23,-96.2483,35.6331,  81.3,17774,-64.8,-88.8,-84.0,  3,  5, 0.00,262,12.9
2025-05-17 21:16:25,-96.2481,35.6332,  81.2,17779,-64.8,-88.8,-84.0,  3,  5, 0.00,262,12.9
2025-05-17 21:16:26,-96.2479,35.6332,  81.1,17789,-64.9,-88.9,-84.1,  3,  5, 0.00,262,12.9
2025-05-17 21:16:27,-96.2478,35.6332,  81.0,17795,-64.9,-88.9,-84.2,  3,  5, 0.00,262,12.9
2025-05-17 21:16:29,-96.2474,35.6333,  80.9,17801,-65.0,-89.0,-84.2,  3,  5, 0.00,262,12.9
2025-05-17 21:16:30,-96.2473,35.6333,  80.8,17812,-65.0,-89.0,-84.2,  3,  5, 0.00,263,12.9
2025-05-17 21:16:32,-96.2471,35.6333,  80.7,17818,-64.9,-88.9,-84.2,  3,  5, 0.00,263,12.9
2025-05-17 21:16:34,-96.2468,35.6333,  80.6,17826,-64.8,-88.9,-84.1,  3,  5, 0.00,263,12.9
2025-05-17 21:16:35,-96.2467,35.6333,  80.5,17835,-64.8,-88.9,-84.1,  3,  5, 0.00,263,12.9
2025-05-17 21:16:37,-96.2464,35.6334,  80.4,17839,-64.8,-88.9,-84.1,  3,  5, 0.00,263,12.9
2025-05-17 21:16:39,-96.2461,35.6334,  80.3,17849,-64.9,-89.0,-84.2,  3,  5, 0.00,264,12.8
2025-05-17 21:16:40,-96.2460,35.6334,  80.2,17857,-64.9,-89.0,-84.2,  3,  5, 0.00,264,12.8
2025-05-17 21:16:42,-96.2457,35.6334,  80.1,17862,-64.9,-89.0,-84.2,  3,  5, 0.00,264,12.8
2025-05-17 21:16:43,-96.2455,35.6334,  80.0,17872,-64.9,-89.0,-84.2,  3,  5, 0.00,264,12.7
2025-05-17 21:16:45,-96.2453,35.6335,  79.9,17878,-64.8,-89.0,-84.2,  3,  5, 0.00,264,12.6
2025-05-17 21:16:46,-96.2451,35.6335,  79.8,17888,-64.8,-89.0,-84.2,  3,  5, 0.00,264,12.5
2025-05-17 21:16:48,-96.2448,35.6335,  79.7,17893,-64.9,-89.0,-84.3,  3,  5, 0.00,265,12.5
2025-05-17 21:16:49,-96.2447,35.6335,  79.6,17902,-64.9,-89.1,-84.3,  3,  5, 0.00,265,12.3
2025-05-17 21:16:51,-96.2444,35.6335,  79.5,17908,-64.9,-89.1,-84.3,  3,  5, 0.00,265,12.2
2025-05-17 21:16:52,-96.2443,35.6335,  79.4,17918,-64.9,-89.1,-84.3,  3,  5, 0.00,265,12.1
2025-05-17 21:16:54,-96.2440,35.6335,  79.3,17923,-64.9,-89.1,-84.3,  3,  5, 0.00,265,12.0
2025-05-17 21:16:55,-96.2438,35.6335,  79.2,17933,-64.9,-89.1,-84.3,  3,  5, 0.00,265,11.8
2025-05-17 21:16:57,-96.2436,35.6336,  79.1,17939,-64.8,-89.1,-84.3,  3,  5, 0.00,265,11.7
2025-05-17 21:16:59,-96.2434,35.6336,  79.0,17948,-64.7,-89.0,-84.3,  3,  5, 0.00,265,11.4
2025-05-17 21:17:00,-96.2433,35.6336,  78.9,17957,-64.6,-89.0,-84.2,  3,  5, 0.00,265,11.2
2025-05-17 21:17:02,-96.2430,35.6336,  78.8,17962,-64.6,-89.0,-84.2,  2,  5, 0.00,265,11.0
2025-05-17 21:17:04,-96.2428,35.6336,  78.7,17971,-64.6,-89.0,-84.3,  2,  5, 0.00,264,10.8
2025-05-17 21:17:05,-96.2427,35.6337,  78.6,17981,-64.6,-89.1,-84.3,  2,  5, 0.00,264,10.5
2025-05-17 21:17:07,-96.2425,35.6337,  78.5,17986,-64.6,-89.1,-84.3,  2,  5, 0.00,264,10.4
2025-05-17 21:17:08,-96.2424,35.6337,  78.4,17995,-64.5,-89.1,-84.3,  2,  5, 0.00,264,10.2
2025-05-17 21:17:10,-96.2421,35.6337,  78.3,18000,-64.5,-89.0,-84.3,  2,  5, 0.00,263,10.0
2025-05-17 21:17:11,-96.2420,35.6337,  78.2,18010,-64.4,-89.0,-84.2,  2,  5, 0.00,263, 9.8
2025-05-17 21:17:13,-96.2419,35.6337,  78.1,18015,-64.4,-89.0,-84.2,  2,  5, 0.00,263, 9.7
2025-05-17 21:17:15,-96.2417,35.6337,  78.0,18026,-64.3,-88.9,-84.2,  2,  5, 0.00,262, 9.5
2025-05-17 21:17:16,-96.2416,35.6338,  77.9,18036,-64.3,-88.9,-84.2,  2,  5, 0.00,262, 9.4
2025-05-17 21:17:17,-96.2415,35.6338,  77.8,18042,-64.3,-88.9,-84.2,  2,  5, 0.00,261, 9.3
2025-05-17 21:17:19,-96.2413,35.6338,  77.7,18047,-64.3,-88.9,-84.2,  2,  5, 0.00,261, 9.2
2025-05-17 21:17:20,-96.2412,35.6338,  77.6,18058,-64.3,-88.9,-84.1,  2,  5, 0.00,260, 9.1
2025-05-17 21:17:22,-96.2410,35.6339,  77.5,18063,-64.3,-88.9,-84.1,  2,  5, 0.00,260, 9.0
2025-05-17 21:17:24,-96.2408,35.6339,  77.4,18072,-64.3,-88.9,-84.1,  2,  5, 0.00,259, 9.0
2025-05-17 21:17:25,-96.2407,35.6339,  77.3,18082,-64.4,-88.9,-84.1,  2,  5, 0.00,259, 8.9
2025-05-17 21:17:27,-96.2405,35.6339,  77.2,18087,-64.4,-88.8,-84.1,  2,  5, 0.00,259, 8.8
2025-05-17 21:17:29,-96.2403,35.6340,  77.1,18096,-64.4,-88.8,-84.1,  2,  5, 0.00,258, 8.8
2025-05-17 21:17:30,-96.2402,35.6340,  77.0,18106,-64.5,-88.9,-84.1,  3,  5, 0.00,258, 8.7
2025-05-17 21:17:32,-96.2400,35.6340,  76.9,18111,-64.5,-88.9,-84.1,  3,  5, 0.00,258, 8.7
2025-05-17 21:17:33,-96.2400,35.6340,  76.8,18122,-64.6,-88.9,-84.1,  3,  5, 0.00,257, 8.6
2025-05-17 21:17:35,-96.2398,35.6341,  76.7,18127,-64.6,-88.9,-84.1,  3,  5, 0.00,257, 8.5
2025-05-17 21:17:36,-96.2397,35.6341,  76.6,18138,-64.7,-88.9,-84.1,  3,  5, 0.00,257, 8.4
2025-05-17 21:17:37,-96.2396,35.6341,  76.5,18144,-64.7,-88.9,-84.1,  3,  5, 0.00,257, 8.4
2025-05-17 21:17:39,-96.2394,35.6342,  76.4,18150,-64.7,-88.9,-84.1,  3,  5, 0.00,257, 8.3
2025-05-17 21:17:41,-96.2392,35.6342,  76.3,18159,-64.7,-88.9,-84.1,  3,  5, 0.00,257, 8.2
2025-05-17 21:17:43,-96.2391,35.6342,  76.2,18168,-64.7,-88.9,-84.1,  3,  5, 0.00,257, 8.0
2025-05-17 21:17:45,-96.2389,35.6342,  76.1,18176,-64.8,-88.9,-84.2,  3,  5, 0.00,257, 7.8
2025-05-17 21:17:46,-96.2388,35.6343,  76.0,18186,-64.9,-89.0,-84.2,  3,  5, 0.00,257, 7.6
2025-05-17 21:17:48,-96.2386,35.6343,  75.9,18191,-64.9,-89.0,-84.2,  3,  5, 0.00,257, 7.5
2025-05-17 21:17:49,-96.2385,35.6343,  75.8,18201,-64.9,-89.0,-84.2,  3,  5, 0.00,257, 7.2
2025-05-17 21:17:51,-96.2384,35.6343,  75.7,18206,-64.9,-89.0,-84.3,  3,  5, 0.00,257, 7.0
2025-05-17 21:17:53,-96.2382,35.6344,  75.6,18216,-65.0,-89.1,-84.3,  3,  5, 0.00,257, 6.7
2025-05-17 21:17:54,-96.2381,35.6344,  75.5,18226,-65.0,-89.1,-84.4,  3,  5, 0.00,257, 6.4
2025-05-17 21:17:56,-96.2380,35.6344,  75.4,18232,-65.0,-89.1,-84.4,  3,  5, 0.00,257, 6.2
2025-05-17 21:17:57,-96.2380,35.6344,  75.3,18244,-65.0,-89.1,-84.4,  3,  5, 0.00,257, 5.9
2025-05-17 21:17:58,-96.2379,35.6344,  75.2,18250,-64.9,-89.1,-84.4,  3,  5, 0.00,257, 5.7
2025-05-17 21:18:00,-96.2378,35.6344,  75.1,18255,-64.9,-89.1,-84.3,  3,  5, 0.00,257, 5.5
2025-05-17 21:18:01,-96.2378,35.6345,  75.0,18267,-64.7,-89.0,-84.3,  3,  5, 0.00,257, 5.2
2025-05-17 21:18:03,-96.2377,35.6344,  74.9,18272,-64.7,-89.0,-84.2,  3,  5, 0.00,257, 5.1
2025-05-17 21:18:05,-96.2376,35.6344,  74.8,18282,-64.5,-88.9,-84.2,  2,  5, 0.00,257, 4.7
2025-05-17 21:18:06,-96.2376,35.6345,  74.7,18291,-64.4,-88.9,-84.1,  2,  5, 0.00,257, 4.5
2025-05-17 21:18:08,-96.2375,35.6345,  74.6,18297,-64.4,-88.9,-84.1,  2,  5, 0.00,257, 4.3
2025-05-17 21:18:09,-96.2375,35.6345,  74.5,18307,-64.4,-88.9,-84.1,  2,  5, 0.00,257, 4.1
2025-05-17 21:18:11,-96.2374,35.6345,  74.4,18312,-64.4,-88.9,-84.2,  2,  5, 0.00,257, 4.0
2025-05-17 21:18:13,-96.2373,35.6345,  74.3,18322,-64.5,-89.0,-84.2,  2,  5, 0.00,257, 3.9
2025-05-17 21:18:14,-96.2373,35.6345,  74.2,18332,-64.6,-89.0,-84.3,  2,  5, 0.00,257, 3.8
2025-05-17 21:18:16,-96.2372,35.6345,  74.1,18337,-64.6,-89.0,-84.3,  2,  5, 0.00,256, 3.7
2025-05-17 21:18:18,-96.2371,35.6346,  74.0,18347,-64.7,-89.1,-84.3,  2,  5, 0.00,256, 3.7
2025-05-17 21:18:19,-96.2371,35.6346,  73.9,18357,-64.7,-89.1,-84.3,  3,  5, 0.00,256, 3.7
2025-05-17 21:18:21,-96.2371,35.6346,  73.8,18362,-64.7,-89.1,-84.3,  3,  5, 0.00,256, 3.7
2025-05-17 21:18:22,-96.2370,35.6346,  73.7,18372,-64.7,-89.0,-84.2,  3,  5, 0.00,255, 3.8
2025-05-17 21:18:24,-96.2369,35.6346,  73.6,18377,-64.7,-89.0,-84.2,  3,  5, 0.00,255, 3.8
2025-05-17 21:18:26,-96.2369,35.6346,  73.5,18386,-64.7,-88.9,-84.2,  3,  5, 0.00,255, 3.9
2025-05-17 21:18:28,-96.2368,35.6347,  73.4,18395,-64.7,-88.9,-84.2,  3,  5, 0.00,254, 4.0
2025-05-17 21:18:29,-96.2367,35.6347,  73.3,18406,-64.8,-89.0,-84.2,  3,  5, 0.00,254, 4.2
2025-05-17 21:18:31,-96.2366,35.6347,  73.2,18411,-64.9,-89.0,-84.3,  3,  5, 0.00,254, 4.2
2025-05-17 21:18:33,-96.2365,35.6347,  73.1,18422,-65.0,-89.1,-84.3,  3,  5, 0.00,253, 4.4
2025-05-17 21:18:34,-96.2365,35.6347,  73.0,18432,-65.1,-89.1,-84.3,  3,  5, 0.00,253, 4.5
2025-05-17 21:18:36,-96.2364,35.6348,  72.9,18436,-65.1,-89.1,-84.3,  3,  5, 0.00,252, 4.6
2025-05-17 21:18:38,-96.2363,35.6348,  72.8,18445,-65.2,-89.1,-84.3,  3,  5, 0.00,252, 4.7
2025-05-17 21:18:40,-96.2361,35.6348,  72.7,18454,-65.2,-89.0,-84.3,  3,  5, 0.00,251, 4.8
2025-05-17 21:18:41,-96.2361,35.6348,  72.6,18465,-65.2,-89.0,-84.2,  3,  5, 0.00,250, 4.9
2025-05-17 21:18:43,-96.2360,35.6349,  72.5,18471,-65.3,-89.0,-84.2,  3,  5, 0.00,250, 5.0
2025-05-17 21:18:44,-96.2360,35.6349,  72.4,18482,-65.3,-89.0,-84.2,  3,  5, 0.00,249, 5.0
2025-05-17 21:18:46,-96.2358,35.6349,  72.3,18487,-65.4,-89.0,-84.2,  3,  5, 0.00,248, 5.0
2025-05-17 21:18:47,-96.2358,35.6349,  72.2,18498,-65.5,-89.0,-84.3,  3,  5, 0.00,247, 5.1
2025-05-17 21:18:49,-96.2356,35.6350,  72.1,18503,-65.5,-89.0,-84.3,  3,  5, 0.00,247, 5.1
2025-05-17 21:18:51,-96.2355,35.6350,  72.0,18514,-65.6,-89.1,-84.3,  3,  5, 0.00,246, 5.1
2025-05-17 21:18:52,-96.2355,35.6350,  71.9,18523,-65.7,-89.1,-84.3,  3,  5, 0.00,245, 5.1
2025-05-17 21:18:54,-96.2354,35.6350,  71.8,18528,-65.7,-89.1,-84.4,  3,  5, 0.00,244, 5.1
2025-05-17 21:18:56,-96.2353,35.6350,  71.7,18538,-65.9,-89.2,-84.4,  3,  5, 0.00,244, 5.1
2025-05-17 21:18:57,-96.2353,35.6351,  71.6,18548,-66.0,-89.2,-84.5,  3,  5, 0.00,243, 5.1
2025-05-17 21:18:59,-96.2352,35.6352,  71.5,18553,-66.0,-89.2,-84.5,  3,  5, 0.00,243, 5.1
2025-05-17 21:19:01,-96.2351,35.6352,  71.4,18563,-66.1,-89.3,-84.5,  3,  5, 0.00,242, 5.1
2025-05-17 21:19:02,-96.2350,35.6352,  71.3,18574,-66.2,-89.3,-84.6,  3,  5, 0.00,242, 5.1
2025-05-17 21:19:04,-96.2349,35.6352,  71.2,18579,-66.2,-89.3,-84.6,  3,  6, 0.00,242, 5.1
2025-05-17 21:19:06,-96.2348,35.6354,  71.1,18589,-66.3,-89.4,-84.6,  3,  6, 0.00,242, 5.2
2025-05-17 21:19:08,-96.2348,35.6354,  71.0,18597,-66.3,-89.4,-84.6,  3,  6, 0.00,243, 5.2
2025-05-17 21:19:10,-96.2347,35.6354,  70.9,18606,-66.2,-89.3,-84.6,  3,  6, 0.00,244, 5.2
2025-05-17 21:19:12,-96.2345,35.6355,  70.8,18616,-66.2,-89.3,-84.6,  3,  5, 0.00,245, 5.2
2025-05-17 21:19:13,-96.2345,35.6355,  70.7,18625,-66.1,-89.4,-84.6,  3,  5, 0.00,247, 5.3
2025-05-17 21:19:15,-96.2344,35.6356,  70.6,18630,-66.2,-89.4,-84.6,  3,  5, 0.00,248, 5.3
2025-05-17 21:19:17,-96.2343,35.6356,  70.5,18640,-66.2,-89.5,-84.7,  3,  5, 0.00,250, 5.4
2025-05-17 21:19:19,-96.2341,35.6356,  70.4,18650,-66.2,-89.6,-84.8,  3,  5, 0.00,252, 5.4
2025-05-17 21:19:20,-96.2341,35.6356,  70.3,18660,-66.3,-89.7,-84.9,  3,  5, 0.00,254, 5.5
2025-05-17 21:19:22,-96.2340,35.6357,  70.2,18664,-66.3,-89.7,-85.0,  3,  5, 0.00,255, 5.5
2025-05-17 21:19:25,-96.2338,35.6357,  70.1,18674,-66.2,-89.7,-85.0,  3,  5, 0.00,257, 5.6
2025-05-17 21:19:26,-96.2337,35.6357,  70.0,18686,-65.9,-89.6,-84.9,  3,  5, 0.00,259, 5.8
2025-05-17 21:19:28,-96.2336,35.6357,  69.9,18692,-65.7,-89.5,-84.8,  3,  5, 0.00,261, 5.9
2025-05-17 21:19:30,-96.2335,35.6357,  69.8,18701,-65.5,-89.4,-84.7,  3,  5, 0.00,263, 6.0
2025-05-17 21:19:32,-96.2333,35.6357,  69.7,18711,-65.4,-89.5,-84.7,  3,  5, 0.00,265, 6.2
2025-05-17 21:19:34,-96.2332,35.6357,  69.6,18720,-65.5,-89.6,-84.8,  3,  5, 0.00,267, 6.4
2025-05-17 21:19:35,-96.2331,35.6357,  69.5,18730,-65.6,-89.7,-85.0,  2,  5, 0.00,268, 6.6
2025-05-17 21:19:37,-96.2330,35.6358,  69.4,18736,-65.6,-89.8,-85.0,  2,  5, 0.00,268, 6.7
2025-05-17 21:19:38,-96.2329,35.6357,  69.3,18748,-65.6,-89.8,-85.0,  2,  5, 0.00,269, 6.9
2025-05-17 21:19:40,-96.2328,35.6356,  69.2,18753,-65.5,-89.8,-85.0,  2,  5, 0.00,270, 7.0
2025-05-17 21:19:42,-96.2326,35.6357,  69.1,18761,-65.3,-89.7,-84.9,  2,  5, 0.00,270, 7.2
2025-05-17 21:19:45,-96.2323,35.6357,  69.0,18769,-65.0,-89.5,-84.7,  2,  5, 0.00,271, 7.4
2025-05-17 21:19:47,-96.2322,35.6357,  68.9,18781,-64.8,-89.3,-84.6,  2,  5, 0.00,271, 7.6
2025-05-17 21:19:49,-96.2320,35.6357,  68.8,18789,-64.8,-89.4,-84.6,  2,  5, 0.00,271, 7.7
2025-05-17 21:19:51,-96.2318,35.6357,  68.7,18797,-64.9,-89.4,-84.6,  2,  5, 0.00,270, 7.8
2025-05-17 21:19:53,-96.2316,35.6357,  68.6,18806,-64.9,-89.4,-84.6,  2,  5, 0.00,270, 7.9
2025-05-17 21:19:55,-96.2314,35.6357,  68.5,18815,-64.9,-89.4,-84.6,  2,  5, 0.00,270, 8.0
2025-05-17 21:19:58,-96.2312,35.6356,  68.4,18823,-65.0,-89.4,-84.7,  2,  5, 0.00,269, 8.0
2025-05-17 21:20:00,-96.2309,35.6357,  68.3,18831,-65.1,-89.5,-84.7,  2,  5, 0.00,269, 7.9
2025-05-17 21:20:01,-96.2308,35.6357,  68.2,18843,-65.1,-89.5,-84.7,  2,  5, 0.00,268, 7.8
2025-05-17 21:20:03,-96.2307,35.6357,  68.1,18849,-65.1,-89.5,-84.7,  2,  5, 0.00,268, 7.8
2025-05-17 21:20:06,-96.2304,35.6357,  68.0,18859,-65.1,-89.4,-84.7,  2,  5, 0.00,268, 7.6
2025-05-17 21:20:07,-96.2303,35.6357,  67.9,18871,-65.0,-89.4,-84.7,  2,  5, 0.00,268, 7.3
2025-05-17 21:20:09,-96.2302,35.6358,  67.8,18877,-65.0,-89.4,-84.7,  2,  5, 0.00,268, 7.2
2025-05-17 21:20:11,-96.2301,35.6357,  67.7,18888,-64.9,-89.4,-84.6,  2,  5, 0.00,268, 7.0
2025-05-17 21:20:13,-96.2299,35.6357,  67.6,18895,-64.8,-89.4,-84.6,  2,  5, 0.00,268, 6.7
2025-05-17 21:20:15,-96.2297,35.6358,  67.5,18905,-64.8,-89.4,-84.6,  2,  4, 0.00,269, 6.3
2025-05-17 21:20:16,-96.2297,35.6358,  67.4,18916,-64.7,-89.4,-84.6,  2,  4, 0.00,269, 6.0
2025-05-17 21:20:18,-96.2296,35.6358,  67.3,18921,-64.7,-89.4,-84.6,  2,  4, 0.00,270, 5.8
2025-05-17 21:20:21,-96.2294,35.6358,  67.2,18930,-64.6,-89.4,-84.7,  2,  4, 0.00,271, 5.4
2025-05-17 21:20:23,-96.2292,35.6358,  67.1,18942,-64.5,-89.5,-84.7,  2,  4, 0.00,272, 4.8
2025-05-17 21:20:25,-96.2292,35.6358,  67.0,18950,-64.4,-89.5,-84.8,  2,  4, 0.00,273, 4.3
2025-05-17 21:20:26,-96.2292,35.6358,  66.9,18961,-64.3,-89.5,-84.8,  2,  4, 0.00,274, 3.9
2025-05-17 21:20:28,-96.2290,35.6357,  66.8,18967,-64.1,-89.5,-84.7,  2,  4, 0.00,274, 3.6
2025-05-17 21:20:30,-96.2289,35.6357,  66.7,18977,-63.9,-89.4,-84.6,  2,  4, 0.00,274, 3.2
2025-05-17 21:20:32,-96.2289,35.6357,  66.6,18987,-63.7,-89.3,-84.5,  2,  4, 0.00,273, 2.7
2025-05-17 21:20:33,-96.2289,35.6357,  66.5,18999,-63.5,-89.2,-84.4,  2,  4, 0.00,272, 2.3
2025-05-17 21:20:35,-96.2289,35.6356,  66.4,19005,-63.5,-89.2,-84.4,  2,  4, 0.00,270, 2.1
2025-05-17 21:20:36,-96.2290,35.6356,  66.3,19019,-63.4,-89.2,-84.4,  2,  4, 0.00,265, 1.7
2025-05-17 21:20:38,-96.2290,35.6357,  66.2,19025,-63.4,-89.2,-84.4,  2,  4, 0.00,262, 1.5
2025-05-17 21:20:39,-96.2289,35.6357,  66.1,19037,-63.4,-89.2,-84.4,  2,  4, 0.00,251, 1.3
2025-05-17 21:20:41,-96.2289,35.6357,  66.0,19042,-63.4,-89.2,-84.4,  2,  4, 0.00,244, 1.2
2025-05-17 21:20:43,-96.2289,35.6357,  65.9,19053,-63.4,-89.1,-84.4,  2,  4, 0.00,228, 1.0
2025-05-17 21:20:45,-96.2289,35.6358,  65.8,19061,-63.4,-89.1,-84.3,  2,  4, 0.00,212, 1.0
2025-05-17 21:20:47,-96.2289,35.6358,  65.7,19070,-63.5,-89.1,-84.3,  2,  4, 0.00,198, 1.1
2025-05-17 21:20:49,-96.2289,35.6358,  65.6,19079,-63.5,-89.0,-84.3,  2,  4, 0.00,189, 1.3
2025-05-17 21:20:51,-96.2289,35.6359,  65.5,19089,-63.5,-89.0,-84.2,  2,  4, 0.00,183, 1.4
2025-05-17 21:20:53,-96.2289,35.6359,  65.4,19098,-63.6,-88.9,-84.2,  2,  4, 0.00,179, 1.6
2025-05-17 21:20:55,-96.2289,35.6359,  65.3,19109,-63.6,-88.9,-84.1,  2,  4, 0.00,177, 1.7
2025-05-17 21:20:57,-96.2289,35.6360,  65.2,19119,-63.7,-88.9,-84.1,  2,  4, 0.00,175, 1.9
2025-05-17 21:20:59,-96.2289,35.6360,  65.1,19129,-63.8,-88.9,-84.1,  2,  4, 0.00,174, 2.0
2025-05-17 21:21:00,-96.2289,35.6360,  65.0,19139,-63.8,-88.9,-84.1,  2,  4, 0.00,173, 2.1
2025-05-17 21:21:02,-96.2290,35.6361,  64.9,19144,-63.9,-88.9,-84.1,  2,  4, 0.00,173, 2.2
2025-05-17 21:21:04,-96.2289,35.6361,  64.8,19155,-64.0,-88.9,-84.1,  2,  4, 0.00,172, 2.3
2025-05-17 21:21:06,-96.2289,35.6362,  64.7,19166,-64.1,-88.9,-84.2,  2,  4, 0.00,172, 2.4
2025-05-17 21:21:08,-96.2290,35.6362,  64.6,19176,-64.2,-89.0,-84.2,  2,  4, 0.00,172, 2.4
2025-05-17 21:21:10,-96.2290,35.6363,  64.5,19185,-64.3,-89.0,-84.2,  2,  4, 0.00,171, 2.5
2025-05-17 21:21:11,-96.2290,35.6363,  64.4,19196,-64.4,-89.0,-84.2,  2,  4, 0.00,171, 2.6
2025-05-17 21:21:13,-96.2290,35.6363,  64.3,19202,-64.4,-89.0,-84.2,  2,  5, 0.00,171, 2.6
2025-05-17 21:21:15,-96.2291,35.6364,  64.2,19211,-64.5,-89.0,-84.3,  2,  5, 0.00,170, 2.6
2025-05-17 21:21:18,-96.2290,35.6365,  64.1,19220,-64.6,-89.0,-84.3,  2,  5, 0.00,170, 2.7
2025-05-17 21:21:20,-96.2290,35.6365,  64.0,19232,-64.6,-89.0,-84.2,  3,  5, 0.00,170, 2.7
2025-05-17 21:21:22,-96.2291,35.6366,  63.9,19242,-64.7,-89.0,-84.2,  3,  5, 0.00,169, 2.7
2025-05-17 21:21:23,-96.2291,35.6366,  63.8,19253,-64.8,-89.0,-84.3,  3,  5, 0.00,169, 2.7
2025-05-17 21:21:25,-96.2290,35.6366,  63.7,19259,-64.9,-89.1,-84.3,  3,  5, 0.00,168, 2.7
2025-05-17 21:21:27,-96.2291,35.6367,  63.6,19270,-64.9,-89.1,-84.3,  3,  5, 0.00,168, 2.7
2025-05-17 21:21:29,-96.2291,35.6367,  63.5,19279,-65.0,-89.0,-84.3,  3,  5, 0.00,168, 2.7
2025-05-17 21:21:31,-96.2291,35.6367,  63.4,19287,-65.0,-89.1,-84.3,  3,  5, 0.00,168, 2.8
2025-05-17 21:21:33,-96.2291,35.6368,  63.3,19296,-65.1,-89.1,-84.3,  3,  5, 0.00,168, 2.8
2025-05-17 21:21:35,-96.2291,35.6369,  63.2,19306,-65.2,-89.1,-84.3,  3,  5, 0.00,168, 2.9
2025-05-17 21:21:37,-96.2292,35.6369,  63.1,19317,-65.3,-89.1,-84.3,  3,  5, 0.00,169, 2.9
2025-05-17 21:21:39,-96.2292,35.6370,  63.0,19327,-65.3,-89.1,-84.4,  3,  5, 0.00,170, 3.0
2025-05-17 21:21:41,-96.2292,35.6370,  62.9,19336,-65.4,-89.2,-84.4,  3,  5, 0.00,171, 3.1
2025-05-17 21:21:43,-96.2292,35.6371,  62.8,19345,-65.6,-89.3,-84.5,  3,  5, 0.00,172, 3.1
2025-05-17 21:21:45,-96.2292,35.6371,  62.7,19355,-65.7,-89.3,-84.6,  3,  5, 0.00,173, 3.2
2025-05-17 21:21:48,-96.2292,35.6372,  62.6,19363,-65.8,-89.4,-84.6,  3,  5, 0.00,174, 3.3
2025-05-17 21:21:49,-96.2292,35.6372,  62.5,19378,-65.9,-89.5,-84.7,  3,  5, 0.00,176, 3.5
2025-05-17 21:21:51,-96.2292,35.6373,  62.4,19384,-65.9,-89.5,-84.8,  3,  5, 0.00,177, 3.5
2025-05-17 21:21:52,-96.2292,35.6374,  62.3,19397,-65.9,-89.5,-84.8,  3,  5, 0.00,177, 3.6
2025-05-17 21:21:54,-96.2292,35.6374,  62.2,19403,-65.9,-89.6,-84.8,  3,  5, 0.00,178, 3.6
2025-05-17 21:21:57,-96.2292,35.6375,  62.1,19413,-66.0,-89.6,-84.9,  3,  5, 0.00,179, 3.7
2025-05-17 21:21:59,-96.2292,35.6376,  62.0,19425,-65.9,-89.6,-84.9,  3,  5, 0.00,181, 3.8
2025-05-17 21:22:01,-96.2292,35.6377,  61.9,19435,-65.9,-89.6,-84.9,  3,  5, 0.00,182, 3.9
2025-05-17 21:22:03,-96.2292,35.6377,  61.8,19445,-65.9,-89.6,-84.9,  3,  5, 0.00,183, 3.9
2025-05-17 21:22:05,-96.2293,35.6378,  61.7,19454,-65.8,-89.6,-84.9,  3,  5, 0.00,185, 4.0
2025-05-17 21:22:07,-96.2292,35.6379,  61.6,19464,-65.8,-89.6,-84.9,  3,  5, 0.00,187, 4.0
2025-05-17 21:22:08,-96.2292,35.6379,  61.5,19475,-65.8,-89.6,-84.9,  3,  5, 0.00,190, 4.1
2025-05-17 21:22:10,-96.2292,35.6380,  61.4,19481,-65.7,-89.6,-84.9,  3,  5, 0.00,191, 4.1
2025-05-17 21:22:12,-96.2292,35.6381,  61.3,19491,-65.7,-89.6,-84.9,  3,  5, 0.00,194, 4.2
2025-05-17 21:22:14,-96.2291,35.6381,  61.2,19500,-65.8,-89.7,-84.9,  3,  5, 0.00,198, 4.3
2025-05-17 21:22:16,-96.2291,35.6382,  61.1,19511,-65.8,-89.7,-85.0,  3,  5, 0.00,201, 4.5
2025-05-17 21:22:18,-96.2290,35.6383,  61.0,19523,-65.9,-89.8,-85.1,  3,  5, 0.00,205, 4.6
2025-05-17 21:22:20,-96.2290,35.6383,  60.9,19533,-65.9,-89.9,-85.1,  3,  5, 0.00,208, 4.8
2025-05-17 21:22:22,-96.2290,35.6384,  60.8,19543,-65.9,-89.9,-85.1,  3,  5, 0.00,212, 5.0
2025-05-17 21:22:23,-96.2289,35.6385,  60.7,19555,-65.9,-89.9,-85.2,  3,  5, 0.00,215, 5.2
2025-05-17 21:22:26,-96.2287,35.6386,  60.6,19560,-65.9,-89.9,-85.2,  3,  5, 0.00,216, 5.3
2025-05-17 21:22:28,-96.2287,35.6387,  60.5,19574,-65.9,-89.9,-85.2,  2,  5, 0.00,220, 5.7
2025-05-17 21:22:30,-96.2286,35.6387,  60.4,19584,-65.8,-89.9,-85.2,  2,  5, 0.00,222, 5.9
2025-05-17 21:22:32,-96.2285,35.6388,  60.3,19594,-65.7,-89.9,-85.2,  2,  5, 0.00,224, 6.1
2025-05-17 21:22:33,-96.2284,35.6389,  60.2,19605,-65.7,-90.0,-85.2,  2,  5, 0.00,226, 6.3
2025-05-17 21:22:35,-96.2283,35.6390,  60.1,19611,-65.7,-90.0,-85.3,  2,  5, 0.00,227, 6.4
2025-05-17 21:22:38,-96.2281,35.6391,  60.0,19621,-65.8,-90.1,-85.3,  2,  5, 0.00,228, 6.5
2025-05-17 21:22:40,-96.2280,35.6392,  59.9,19635,-65.8,-90.3,-85.5,  2,  4, 0.00,230, 6.6
2025-05-17 21:22:42,-96.2279,35.6393,  59.8,19645,-65.8,-90.3,-85.6,  2,  4, 0.00,231, 6.7
2025-05-17 21:22:44,-96.2277,35.6393,  59.7,19655,-65.7,-90.4,-85.7,  2,  4, 0.00,232, 6.7
2025-05-17 21:22:46,-96.2276,35.6394,  59.6,19666,-65.6,-90.4,-85.7,  2,  4, 0.00,234, 6.7
2025-05-17 21:22:48,-96.2275,35.6395,  59.5,19676,-65.3,-90.4,-85.7,  2,  4, 0.00,235, 6.7
2025-05-17 21:22:49,-96.2274,35.6395,  59.4,19686,-65.1,-90.4,-85.6,  2,  4, 0.00,236, 6.6
2025-05-17 21:22:52,-96.2273,35.6396,  59.3,19692,-65.0,-90.4,-85.6,  2,  4, 0.00,237, 6.6
2025-05-17 21:22:54,-96.2272,35.6396,  59.2,19707,-64.6,-90.4,-85.6,  2,  4, 0.00,239, 6.5
2025-05-17 21:22:56,-96.2271,35.6398,  59.1,19716,-64.3,-90.3,-85.5,  2,  4, 0.00,241, 6.5
2025-05-17 21:22:59,-96.2269,35.6398,  59.0,19724,-63.9,-90.1,-85.4,  2,  3, 0.00,243, 6.4
2025-05-17 21:23:01,-96.2268,35.6399,  58.9,19737,-63.4,-90.0,-85.2,  2,  3, 0.00,245, 6.3
2025-05-17 21:23:03,-96.2266,35.6400,  58.8,19748,-63.2,-90.0,-85.2,  2,  3, 0.00,247, 6.2
2025-05-17 21:23:05,-96.2264,35.6400,  58.7,19759,-63.2,-90.0,-85.3,  2,  3, 0.00,249, 6.1
2025-05-17 21:23:07,-96.2263,35.6400,  58.6,19770,-63.2,-90.1,-85.4,  2,  3, 0.00,251, 6.0
2025-05-17 21:23:09,-96.2262,35.6400,  58.5,19779,-63.2,-90.2,-85.5,  2,  3, 0.00,252, 5.9
2025-05-17 21:23:11,-96.2261,35.6400,  58.4,19789,-63.1,-90.2,-85.5,  2,  3, 0.00,253, 5.8
2025-05-17 21:23:13,-96.2259,35.6400,  58.3,19800,-62.9,-90.1,-85.4,  2,  3, 0.00,254, 5.6
2025-05-17 21:23:15,-96.2258,35.6400,  58.2,19810,-62.4,-89.8,-85.0,  2,  3, 0.00,254, 5.4
2025-05-17 21:23:17,-96.2257,35.6401,  58.1,19820,-62.0,-89.5,-84.7,  2,  3, 0.00,253, 5.2
2025-05-17 21:23:19,-96.2255,35.6401,  58.0,19831,-61.7,-89.3,-84.5,  2,  3, 0.00,252, 5.0
2025-05-17 21:23:21,-96.2255,35.6401,  57.9,19843,-61.6,-89.2,-84.4,  2,  3, 0.00,250, 4.8
2025-05-17 21:23:23,-96.2255,35.6401,  57.8,19853,-61.5,-89.1,-84.4,  2,  3, 0.00,247, 4.6
2025-05-17 21:23:25,-96.2253,35.6402,  57.7,19863,-61.5,-89.1,-84.3,  2,  3, 0.00,243, 4.4
2025-05-17 21:23:27,-96.2253,35.6402,  57.6,19873,-61.6,-89.0,-84.3,  2,  3, 0.00,239, 4.2
2025-05-17 21:23:29,-96.2252,35.6403,  57.5,19882,-61.6,-89.0,-84.2,  2,  3, 0.00,234, 4.0
2025-05-17 21:23:31,-96.2251,35.6403,  57.4,19892,-61.7,-89.0,-84.2,  2,  3, 0.00,229, 3.9
2025-05-17 21:23:33,-96.2251,35.6404,  57.3,19903,-61.8,-88.9,-84.2,  2,  3, 0.00,224, 3.9
2025-05-17 21:23:36,-96.2251,35.6404,  57.2,19914,-61.9,-88.9,-84.1,  2,  3, 0.00,219, 3.9
2025-05-17 21:23:38,-96.2250,35.6405,  57.1,19929,-62.0,-88.9,-84.1,  2,  3, 0.00,211, 4.0
2025-05-17 21:23:40,-96.2250,35.6406,  57.0,19939,-62.1,-88.8,-84.0,  2,  3, 0.00,207, 4.1
2025-05-17 21:23:42,-96.2250,35.6407,  56.9,19950,-62.2,-88.7,-84.0,  2,  3, 0.00,203, 4.2
2025-05-17 21:23:44,-96.2249,35.6407,  56.8,19960,-62.2,-88.7,-83.9,  2,  4, 0.00,200, 4.3
2025-05-17 21:23:46,-96.2249,35.6408,  56.7,19970,-62.2,-88.6,-83.8,  2,  4, 0.00,197, 4.5
2025-05-17 21:23:49,-96.2249,35.6409,  56.6,19980,-62.3,-88.6,-83.8,  2,  4, 0.00,194, 4.6
2025-05-17 21:23:51,-96.2248,35.6410,  56.5,19994,-62.4,-88.7,-83.9,  2,  4, 0.00,192, 4.9
2025-05-17 21:23:53,-96.2249,35.6411,  56.4,20003,-62.5,-88.7,-84.0,  2,  4, 0.00,190, 5.1
2025-05-17 21:23:55,-96.2249,35.6412,  56.3,20013,-62.6,-88.8,-84.0,  2,  4, 0.00,189, 5.2
2025-05-17 21:23:58,-96.2248,35.6413,  56.2,20023,-62.7,-88.9,-84.1,  2,  4, 0.00,189, 5.4
2025-05-17 21:24:00,-96.2248,35.6415,  56.1,20037,-62.8,-89.0,-84.3,  2,  4, 0.00,189, 5.6
2025-05-17 21:24:02,-96.2248,35.6416,  56.0,20048,-62.8,-89.1,-84.3,  2,  4, 0.00,190, 5.7
2025-05-17 21:24:04,-96.2248,35.6417,  55.9,20059,-62.7,-89.0,-84.3,  2,  4, 0.00,191, 5.7
2025-05-17 21:24:07,-96.2248,35.6419,  55.8,20067,-62.6,-89.0,-84.3,  2,  3, 0.00,192, 5.8
2025-05-17 21:24:09,-96.2248,35.6420,  55.7,20081,-62.3,-89.0,-84.2,  2,  3, 0.00,195, 5.8
2025-05-17 21:24:12,-96.2246,35.6421,  55.6,20090,-62.1,-88.9,-84.2,  2,  3, 0.00,197, 5.8
2025-05-17 21:24:14,-96.2246,35.6422,  55.5,20103,-62.0,-88.9,-84.1,  2,  3, 0.00,201, 5.9
2025-05-17 21:24:16,-96.2246,35.6423,  55.4,20114,-61.9,-88.9,-84.1,  2,  3, 0.00,204, 5.9
2025-05-17 21:24:18,-96.2245,35.6424,  55.3,20126,-61.9,-88.9,-84.2,  2,  3, 0.00,207, 5.9
2025-05-17 21:24:21,-96.2244,35.6425,  55.2,20134,-61.9,-88.9,-84.2,  2,  3, 0.00,210, 5.9
2025-05-17 21:24:23,-96.2243,35.6426,  55.1,20148,-61.9,-89.0,-84.2,  2,  3, 0.00,214, 6.0
2025-05-17 21:24:25,-96.2242,35.6427,  55.0,20159,-61.8,-88.9,-84.2,  2,  3, 0.00,216, 6.0
2025-05-17 21:24:27,-96.2241,35.6428,  54.9,20170,-61.8,-88.9,-84.1,  2,  3, 0.00,219, 6.1
2025-05-17 21:24:29,-96.2240,35.6429,  54.8,20180,-61.8,-88.9,-84.1,  2,  3, 0.00,221, 6.1
2025-05-17 21:24:32,-96.2239,35.6430,  54.7,20189,-61.8,-88.9,-84.1,  2,  3, 0.00,222, 6.1
2025-05-17 21:24:34,-96.2237,35.6431,  54.6,20203,-61.9,-88.9,-84.1,  2,  3, 0.00,224, 6.1
2025-05-17 21:24:36,-96.2236,35.6432,  54.5,20213,-61.9,-88.9,-84.1,  2,  3, 0.00,226, 6.0
2025-05-17 21:24:39,-96.2235,35.6432,  54.4,20224,-62.0,-88.9,-84.2,  2,  3, 0.00,226, 5.9
2025-05-17 21:24:41,-96.2234,35.6433,  54.3,20239,-62.1,-89.0,-84.2,  2,  3, 0.00,227, 5.8
2025-05-17 21:24:43,-96.2233,35.6434,  54.2,20249,-62.1,-88.9,-84.2,  2,  3, 0.00,228, 5.6
2025-05-17 21:24:45,-96.2232,35.6435,  54.1,20259,-62.1,-88.9,-84.2,  2,  3, 0.00,228, 5.4
2025-05-17 21:24:48,-96.2231,35.6435,  54.0,20269,-62.1,-88.9,-84.1,  2,  3, 0.00,229, 5.2
2025-05-17 21:24:50,-96.2230,35.6436,  53.9,20284,-62.1,-88.8,-84.1,  2,  3, 0.00,230, 4.8
2025-05-17 21:24:52,-96.2229,35.6437,  53.8,20294,-62.1,-88.9,-84.1,  2,  3, 0.00,231, 4.5
2025-05-17 21:24:54,-96.2229,35.6437,  53.7,20305,-62.2,-88.9,-84.1,  2,  3, 0.00,232, 4.3
2025-05-17 21:24:57,-96.2228,35.6438,  53.6,20315,-62.3,-88.9,-84.2,  2,  3, 0.00,234, 4.0
2025-05-17 21:24:59,-96.2227,35.6438,  53.5,20331,-62.4,-89.0,-84.2,  2,  3, 0.00,238, 3.5
2025-05-17 21:25:01,-96.2227,35.6439,  53.4,20341,-62.5,-89.0,-84.2,  2,  3, 0.00,241, 3.3
2025-05-17 21:25:03,-96.2226,35.6439,  53.3,20353,-62.5,-89.0,-84.2,  2,  3, 0.00,245, 3.0
2025-05-17 21:25:05,-96.2225,35.6439,  53.2,20366,-62.5,-89.0,-84.2,  2,  3, 0.00,251, 2.8
2025-05-17 21:25:07,-96.2225,35.6439,  53.1,20375,-62.5,-89.0,-84.2,  2,  3, 0.00,257, 2.6
2025-05-17 21:25:10,-96.2225,35.6439,  53.0,20384,-62.5,-88.9,-84.2,  2,  3, 0.00,264, 2.4
2025-05-17 21:25:12,-96.2224,35.6439,  52.9,20400,-62.5,-88.9,-84.2,  2,  4, 0.00,276, 2.2
2025-05-17 21:25:14,-96.2224,35.6439,  52.8,20410,-62.5,-88.9,-84.2,  2,  4, 0.00,285, 2.2
2025-05-17 21:25:16,-96.2223,35.6438,  52.7,20421,-62.6,-89.0,-84.2,  2,  4, 0.00,294, 2.1
2025-05-17 21:25:19,-96.2223,35.6439,  52.6,20431,-62.7,-89.1,-84.3,  2,  4, 0.00,302, 2.1
2025-05-17 21:25:21,-96.2222,35.6438,  52.5,20445,-62.8,-89.2,-84.4,  2,  4, 0.00,315, 2.1
2025-05-17 21:25:23,-96.2222,35.6437,  52.4,20455,-62.9,-89.3,-84.5,  2,  3, 0.00,323, 2.1
2025-05-17 21:25:25,-96.2221,35.6437,  52.3,20467,-62.9,-89.3,-84.6,  2,  3, 0.00,331, 2.1
2025-05-17 21:25:27,-96.2221,35.6437,  52.2,20480,-62.9,-89.4,-84.6,  2,  3, 0.00,339, 2.1
2025-05-17 21:25:30,-96.2221,35.6436,  52.1,20490,-62.8,-89.3,-84.6,  2,  3, 0.00,347, 2.1
2025-05-17 21:25:32,-96.2221,35.6435,  52.0,20504,-62.6,-89.2,-84.4,  2,  3, 0.00,360, 2.1
2025-05-17 21:25:35,-96.2222,35.6435,  51.9,20515,-62.4,-89.1,-84.4,  2,  3, 0.00,  8, 2.1
2025-05-17 21:25:37,-96.2222,35.6434,  51.8,20530,-62.2,-89.1,-84.3,  2,  3, 0.00, 21, 2.1
2025-05-17 21:25:39,-96.2222,35.6434,  51.7,20540,-62.3,-89.1,-84.3,  2,  3, 0.00, 29, 2.2
2025-05-17 21:25:42,-96.2223,35.6434,  51.6,20550,-62.3,-89.1,-84.4,  2,  3, 0.00, 36, 2.2
2025-05-17 21:25:44,-96.2223,35.6434,  51.5,20564,-62.4,-89.2,-84.4,  2,  3, 0.00, 47, 2.3
2025-05-17 21:25:46,-96.2225,35.6433,  51.4,20576,-62.4,-89.2,-84.4,  2,  3, 0.00, 53, 2.3
2025-05-17 21:25:49,-96.2225,35.6433,  51.3,20587,-62.5,-89.2,-84.4,  2,  3, 0.00, 58, 2.4
2025-05-17 21:25:51,-96.2225,35.6433,  51.2,20601,-62.6,-89.2,-84.4,  2,  3, 0.00, 65, 2.4
2025-05-17 21:25:53,-96.2226,35.6433,  51.1,20614,-62.7,-89.2,-84.4,  2,  3, 0.00, 69, 2.4
2025-05-17 21:25:55,-96.2227,35.6432,  51.0,20626,-62.7,-89.2,-84.4,  2,  3, 0.00, 73, 2.4
2025-05-17 21:25:57,-96.2227,35.6433,  50.9,20637,-62.8,-89.2,-84.4,  2,  3, 0.00, 76, 2.4
2025-05-17 21:25:59,-96.2228,35.6433,  50.8,20648,-62.8,-89.1,-84.4,  2,  4, 0.00, 78, 2.3
2025-05-17 21:26:02,-96.2228,35.6433,  50.7,20659,-62.9,-89.2,-84.4,  2,  4, 0.00, 81, 2.2
2025-05-17 21:26:04,-96.2229,35.6432,  50.6,20674,-63.0,-89.2,-84.5,  2,  4, 0.00, 84, 2.1
2025-05-17 21:26:06,-96.2230,35.6433,  50.5,20685,-63.2,-89.3,-84.5,  2,  4, 0.00, 86, 1.9
2025-05-17 21:26:08,-96.2230,35.6433,  50.4,20696,-63.3,-89.3,-84.6,  2,  4, 0.00, 88, 1.8
2025-05-17 21:26:11,-96.2231,35.6433,  50.3,20707,-63.3,-89.4,-84.6,  2,  4, 0.00, 90, 1.6
2025-05-17 21:26:13,-96.2231,35.6433,  50.2,20722,-63.3,-89.3,-84.6,  2,  4, 0.00, 94, 1.4
2025-05-17 21:26:16,-96.2231,35.6433,  50.1,20733,-63.2,-89.3,-84.6,  2,  4, 0.00, 96, 1.2
2025-05-17 21:26:18,-96.2232,35.6433,  50.0,20749,-63.2,-89.3,-84.6,  2,  4, 0.00, 99, 1.1
2025-05-17 21:26:20,-96.2231,35.6433,  49.9,20758,-63.2,-89.4,-84.6,  2,  4, 0.00,104, 0.9
2025-05-17 21:26:22,-96.2231,35.6433,  49.8,20769,-63.2,-89.4,-84.6,  2,  4, 0.00,107, 0.8
2025-05-17 21:26:25,-96.2232,35.6433,  49.7,20780,-63.2,-89.4,-84.6,  2,  4, 0.00,109, 0.7
2025-05-17 21:26:27,-96.2232,35.6433,  49.6,20795,-63.2,-89.5,-84.7,  2,  4, 0.00,111, 0.6
2025-05-17 21:26:30,-96.2232,35.6433,  49.5,20805,-63.2,-89.5,-84.8,  2,  4, 0.00,109, 0.5
2025-05-17 21:26:32,-96.2232,35.6433,  49.4,20821,-63.3,-89.6,-84.8,  2,  3, 0.00,102, 0.5
2025-05-17 21:26:34,-96.2232,35.6433,  49.3,20831,-63.2,-89.6,-84.9,  2,  3, 0.00, 94, 0.5
2025-05-17 21:26:37,-96.2232,35.6433,  49.2,20842,-63.2,-89.6,-84.9,  2,  3, 0.00, 84, 0.5
2025-05-17 21:26:39,-96.2232,35.6433,  49.1,20858,-63.1,-89.6,-84.8,  2,  3, 0.00, 68, 0.5
2025-05-17 21:26:41,-96.2233,35.6433,  49.0,20869,-63.0,-89.6,-84.8,  2,  3, 0.00, 59, 0.6
2025-05-17 21:26:44,-96.2232,35.6433,  48.9,20879,-63.0,-89.6,-84.8,  2,  3, 0.00, 52, 0.6
2025-05-17 21:26:46,-96.2233,35.6433,  48.8,20894,-63.0,-89.6,-84.8,  2,  3, 0.00, 46, 0.8
2025-05-17 21:26:49,-96.2233,35.6432,  48.7,20905,-63.0,-89.6,-84.8,  2,  3, 0.00, 43, 0.8
2025-05-17 21:26:51,-96.2233,35.6432,  48.6,20921,-63.1,-89.6,-84.8,  2,  3, 0.00, 43, 0.9
2025-05-17 21:26:54,-96.2233,35.6432,  48.5,20930,-63.1,-89.6,-84.8,  2,  3, 0.00, 44, 1.0
2025-05-17 21:26:57,-96.2233,35.6432,  48.4,20944,-63.1,-89.6,-84.8,  2,  3, 0.00, 48, 1.1
2025-05-17 21:26:59,-96.2233,35.6431,  48.3,20960,-63.1,-89.6,-84.8,  2,  3, 0.00, 54, 1.2
2025-05-17 21:27:01,-96.2233,35.6431,  48.2,20970,-63.2,-89.6,-84.9,  2,  3, 0.00, 58, 1.3
2025-05-17 21:27:03,-96.2234,35.6432,  48.1,20981,-63.2,-89.7,-84.9,  2,  3, 0.00, 63, 1.4
2025-05-17 21:27:07,-96.2235,35.6431,  48.0,20993,-63.2,-89.7,-84.9,  2,  3, 0.00, 68, 1.5
2025-05-17 21:27:09,-96.2235,35.6431,  47.9,21008,-63.1,-89.7,-84.9,  2,  3, 0.00, 78, 1.8
2025-05-17 21:27:11,-96.2236,35.6431,  47.8,21020,-63.0,-89.6,-84.9,  2,  3, 0.00, 82, 1.9
2025-05-17 21:27:13,-96.2236,35.6431,  47.7,21034,-62.9,-89.6,-84.9,  2,  3, 0.00, 86, 2.1
2025-05-17 21:27:16,-96.2237,35.6431,  47.6,21045,-62.9,-89.6,-84.9,  2,  3, 0.00, 90, 2.2
2025-05-17 21:27:18,-96.2237,35.6431,  47.5,21061,-62.8,-89.7,-84.9,  2,  3, 0.00, 94, 2.5
2025-05-17 21:27:21,-96.2238,35.6432,  47.4,21072,-62.8,-89.7,-85.0,  2,  3, 0.00, 97, 2.7
2025-05-17 21:27:23,-96.2238,35.6431,  47.3,21086,-62.7,-89.7,-85.0,  2,  3, 0.00,100, 2.9
2025-05-17 21:27:26,-96.2240,35.6431,  47.2,21097,-62.6,-89.7,-84.9,  2,  3, 0.00,102, 3.1
2025-05-17 21:27:28,-96.2241,35.6432,  47.1,21113,-62.5,-89.7,-84.9,  2,  3, 0.00,104, 3.3
2025-05-17 21:27:31,-96.2242,35.6432,  47.0,21123,-62.4,-89.6,-84.9,  2,  3, 0.00,106, 3.4
2025-05-17 21:27:34,-96.2244,35.6433,  46.9,21137,-62.3,-89.7,-84.9,  2,  3, 0.00,108, 3.6
2025-05-17 21:27:36,-96.2245,35.6433,  46.8,21154,-62.2,-89.6,-84.9,  2,  3, 0.00,110, 3.7
2025-05-17 21:27:39,-96.2246,35.6433,  46.7,21165,-62.1,-89.6,-84.8,  2,  3, 0.00,112, 3.7
2025-05-17 21:27:41,-96.2246,35.6434,  46.6,21180,-61.9,-89.4,-84.7,  2,  3, 0.00,114, 3.8
2025-05-17 21:27:44,-96.2247,35.6434,  46.5,21190,-61.8,-89.4,-84.7,  2,  3, 0.00,115, 3.9
2025-05-17 21:27:47,-96.2248,35.6434,  46.4,21206,-61.8,-89.4,-84.7,  2,  3, 0.00,116, 4.0
2025-05-17 21:27:49,-96.2249,35.6435,  46.3,21220,-61.9,-89.4,-84.7,  2,  3, 0.00,117, 4.1
2025-05-17 21:27:52,-96.2250,35.6435,  46.2,21230,-61.8,-89.4,-84.6,  2,  3, 0.00,117, 4.3
2025-05-17 21:27:55,-96.2251,35.6436,  46.1,21245,-61.8,-89.4,-84.6,  2,  3, 0.00,117, 4.4
2025-05-17 21:27:57,-96.2253,35.6436,  46.0,21261,-61.9,-89.4,-84.6,  2,  3, 0.00,117, 4.5
2025-05-17 21:27:59,-96.2254,35.6437,  45.9,21272,-61.9,-89.4,-84.7,  2,  3, 0.00,116, 4.6
2025-05-17 21:28:02,-96.2255,35.6438,  45.8,21283,-61.9,-89.5,-84.7,  2,  3, 0.00,116, 4.6
2025-05-17 21:28:04,-96.2257,35.6438,  45.7,21299,-61.9,-89.4,-84.7,  2,  3, 0.00,116, 4.6
2025-05-17 21:28:07,-96.2258,35.6439,  45.6,21309,-61.8,-89.4,-84.6,  2,  3, 0.00,116, 4.5
2025-05-17 21:28:10,-96.2259,35.6439,  45.5,21325,-61.6,-89.3,-84.5,  2,  3, 0.00,116, 4.4
2025-05-17 21:28:13,-96.2261,35.6439,  45.4,21339,-61.4,-89.2,-84.5,  2,  3, 0.00,117, 4.1
2025-05-17 21:28:15,-96.2261,35.6440,  45.3,21354,-61.4,-89.3,-84.5,  2,  3, 0.00,120, 3.9
2025-05-17 21:28:18,-96.2262,35.6440,  45.2,21364,-61.3,-89.3,-84.5,  2,  3, 0.00,122, 3.7
2025-05-17 21:28:21,-96.2263,35.6440,  45.1,21379,-61.1,-89.2,-84.4,  2,  3, 0.00,126, 3.4
2025-05-17 21:28:24,-96.2263,35.6441,  45.0,21393,-61.1,-89.2,-84.4,  2,  3, 0.00,132, 3.2
2025-05-17 21:28:27,-96.2264,35.6442,  44.9,21408,-61.0,-89.2,-84.5,  2,  3, 0.00,138, 3.0
2025-05-17 21:28:30,-96.2264,35.6442,  44.8,21422,-61.0,-89.2,-84.5,  1,  3, 0.00,144, 2.9
2025-05-17 21:28:32,-96.2265,35.6443,  44.7,21438,-61.0,-89.3,-84.5,  1,  3, 0.00,150, 2.9
2025-05-17 21:28:35,-96.2265,35.6444,  44.6,21448,-60.9,-89.3,-84.5,  1,  3, 0.00,153, 2.8
2025-05-17 21:28:38,-96.2265,35.6444,  44.5,21463,-60.8,-89.2,-84.5,  1,  3, 0.00,158, 2.7
2025-05-17 21:28:41,-96.2266,35.6446,  44.4,21477,-60.6,-89.2,-84.4,  1,  3, 0.00,163, 2.5
2025-05-17 21:28:44,-96.2266,35.6446,  44.3,21492,-60.4,-89.1,-84.3,  1,  3, 0.00,168, 2.3
2025-05-17 21:28:47,-96.2265,35.6447,  44.2,21506,-60.3,-89.1,-84.3,  1,  3, 0.00,175, 2.0
2025-05-17 21:28:50,-96.2266,35.6447,  44.1,21521,-60.2,-89.1,-84.3,  1,  3, 0.00,184, 1.7
2025-05-17 21:28:52,-96.2266,35.6447,  44.0,21535,-60.1,-89.1,-84.3,  1,  2, 0.00,197, 1.4
2025-05-17 21:28:54,-96.2265,35.6447,  43.9,21548,-60.1,-89.0,-84.3,  1,  2, 0.00,209, 1.2
2025-05-17 21:29:00,-96.2265,35.6448,  43.8,21561,-60.0,-89.0,-84.2,  1,  2, 0.00,222, 1.2
2025-05-17 21:29:04,-96.2264,35.6447,  43.7,21574,-59.7,-88.8,-84.1,  1,  2, 0.00,258, 1.2
2025-05-17 21:29:06,-96.2263,35.6447,  43.6,21592,-59.6,-88.8,-84.0,  1,  2, 0.00,271, 1.3
2025-05-17 21:29:09,-96.2263,35.6447,  43.5,21604,-59.6,-88.8,-84.0,  1,  2, 0.00,275, 1.3
2025-05-17 21:29:12,-96.2262,35.6446,  43.4,21621,-59.5,-88.7,-84.0,  1,  2, 0.00,279, 1.3
2025-05-17 21:29:15,-96.2262,35.6447,  43.3,21631,-59.5,-88.7,-83.9,  1,  2, 0.00,281, 1.2
2025-05-17 21:29:18,-96.2262,35.6446,  43.2,21647,-59.4,-88.6,-83.8,  1,  2, 0.00,279, 1.0
2025-05-17 21:29:21,-96.2261,35.6447,  43.1,21660,-59.3,-88.6,-83.8,  1,  2, 0.00,271, 0.9
2025-05-17 21:29:23,-96.2262,35.6446,  43.0,21679,-59.3,-88.6,-83.8,  1,  2, 0.00,255, 0.8
2025-05-17 21:29:27,-96.2261,35.6447,  42.9,21689,-59.3,-88.6,-83.8,  1,  2, 0.00,241, 0.8
2025-05-17 21:29:29,-96.2262,35.6447,  42.8,21704,-59.3,-88.6,-83.9,  1,  2, 0.00,218, 1.1
2025-05-17 21:29:33,-96.2261,35.6447,  42.7,21719,-59.3,-88.6,-83.9,  1,  2, 0.00,212, 1.3
2025-05-17 21:29:34,-96.2261,35.6447,  42.6,21740,-59.2,-88.6,-83.8,  1,  2, 0.00,206, 1.8
2025-05-17 21:29:36,-96.2261,35.6447,  42.5,21750,-59.1,-88.6,-83.8,  1,  2, 0.00,205, 2.0
2025-05-17 21:29:42,-96.2260,35.6449,  42.4,21765,-59.1,-88.5,-83.8,  1,  2, 0.00,204, 2.3
2025-05-17 21:29:44,-96.2260,35.6450,  42.3,21779,-59.0,-88.5,-83.8,  1,  2, 0.00,204, 3.0
2025-05-17 21:29:47,-96.2259,35.6451,  42.2,21792,-58.9,-88.5,-83.8,  1,  2, 0.00,204, 3.1
2025-05-17 21:29:50,-96.2259,35.6452,  42.1,21807,-58.9,-88.5,-83.8,  1,  2, 0.00,205, 3.3
2025-05-17 21:29:54,-96.2258,35.6454,  42.0,21823,-58.8,-88.5,-83.7,  1,  2, 0.00,207, 3.3
2025-05-17 21:29:56,-96.2258,35.6454,  41.9,21841,-58.6,-88.4,-83.6,  1,  2, 0.00,210, 3.2
2025-05-17 21:30:00,-96.2257,35.6455,  41.8,21853,-58.6,-88.4,-83.6,  1,  2, 0.00,212, 3.1
2025-05-17 21:30:02,-96.2257,35.6455,  41.7,21871,-58.6,-88.4,-83.6,  1,  2, 0.00,218, 2.8
2025-05-17 21:30:05,-96.2256,35.6456,  41.6,21883,-58.6,-88.4,-83.6,  1,  2, 0.00,221, 2.6
2025-05-17 21:30:07,-96.2256,35.6456,  41.5,21902,-58.5,-88.4,-83.6,  1,  2, 0.00,227, 2.4
2025-05-17 21:30:11,-96.2255,35.6456,  41.4,21913,-58.5,-88.3,-83.6,  1,  2, 0.00,231, 2.2
2025-05-17 21:30:14,-96.2254,35.6457,  41.3,21928,-58.4,-88.2,-83.5,  1,  2, 0.00,241, 1.9
2025-05-17 21:30:16,-96.2254,35.6456,  41.2,21946,-58.3,-88.2,-83.4,  1,  2, 0.00,249, 1.7
2025-05-17 21:30:19,-96.2253,35.6457,  41.1,21958,-58.3,-88.1,-83.4,  1,  2, 0.00,255, 1.6
2025-05-17 21:30:22,-96.2253,35.6457,  41.0,21975,-58.3,-88.1,-83.4,  1,  2, 0.00,264, 1.5
2025-05-17 21:30:24,-96.2253,35.6457,  40.9,21992,-58.4,-88.1,-83.3,  1,  2, 0.00,273, 1.4
2025-05-17 21:30:28,-96.2253,35.6457,  40.8,22004,-58.4,-88.1,-83.3,  1,  2, 0.00,280, 1.3
2025-05-17 21:30:31,-96.2251,35.6457,  40.7,22022,-58.5,-88.1,-83.3,  1,  2, 0.00,291, 1.3
2025-05-17 21:30:33,-96.2252,35.6456,  40.6,22039,-58.6,-88.1,-83.4,  1,  2, 0.00,299, 1.2
2025-05-17 21:30:36,-96.2251,35.6456,  40.5,22051,-58.7,-88.2,-83.4,  1,  2, 0.00,304, 1.2
2025-05-17 21:30:39,-96.2251,35.6456,  40.4,22068,-58.8,-88.2,-83.5,  1,  2, 0.00,309, 1.1
2025-05-17 21:30:42,-96.2251,35.6456,  40.3,22084,-58.9,-88.3,-83.6,  1,  2, 0.00,313, 1.1
2025-05-17 21:30:44,-96.2250,35.6455,  40.2,22101,-59.0,-88.4,-83.7,  1,  2, 0.00,315, 0.9
2025-05-17 21:30:47,-96.2250,35.6455,  40.1,22112,-59.0,-88.4,-83.7,  1,  2, 0.00,316, 0.8
2025-05-17 21:30:50,-96.2250,35.6455,  40.0,22128,-58.8,-88.4,-83.6,  1,  2, 0.00,316, 0.5
2025-05-17 21:30:53,-96.2250,35.6455,  39.9,22144,-58.6,-88.3,-83.5,  1,  2, 0.00,313, 0.2
2025-05-17 21:30:55,-96.2250,35.6455,  39.8,22164,-58.4,-88.2,-83.5,  1,  2, 0.00,145, 0.2
2025-05-17 21:30:58,-96.2250,35.6456,  39.7,22175,-58.4,-88.2,-83.5,  1,  2, 0.00,141, 0.4
2025-05-17 21:31:01,-96.2251,35.6456,  39.6,22192,-58.3,-88.3,-83.5,  1,  2, 0.00,139, 0.8
2025-05-17 21:31:04,-96.2250,35.6456,  39.5,22209,-58.3,-88.3,-83.5,  1,  2, 0.00,137, 1.2
2025-05-17 21:31:07,-96.2252,35.6456,  39.4,22226,-58.3,-88.3,-83.5,  1,  2, 0.00,136, 1.5
2025-05-17 21:31:09,-96.2251,35.6457,  39.3,22243,-58.3,-88.3,-83.5,  1,  2, 0.00,136, 1.8
2025-05-17 21:31:12,-96.2252,35.6457,  39.2,22255,-58.3,-88.3,-83.5,  1,  2, 0.00,135, 2.0
2025-05-17 21:31:15,-96.2253,35.6458,  39.1,22272,-58.2,-88.3,-83.5,  1,  2, 0.00,136, 2.2
2025-05-17 21:31:18,-96.2253,35.6458,  39.0,22289,-58.2,-88.3,-83.5,  1,  2, 0.00,136, 2.3
2025-05-17 21:31:21,-96.2255,35.6459,  38.9,22306,-58.2,-88.2,-83.5,  1,  2, 0.00,138, 2.4
2025-05-17 21:31:24,-96.2255,35.6459,  38.8,22322,-58.1,-88.2,-83.4,  1,  2, 0.00,140, 2.5
2025-05-17 21:31:26,-96.2255,35.6459,  38.7,22338,-58.0,-88.1,-83.3,  1,  2, 0.00,143, 2.5
2025-05-17 21:31:29,-96.2256,35.6460,  38.6,22352,-58.0,-88.1,-83.3,  1,  2, 0.01,145, 2.5
2025-05-17 21:31:32,-96.2256,35.6460,  38.5,22372,-58.0,-88.1,-83.3,  1,  2, 0.01,148, 2.4
2025-05-17 21:31:35,-96.2256,35.6461,  38.4,22387,-58.1,-88.1,-83.3,  1,  2, 0.01,152, 2.4
2025-05-17 21:31:38,-96.2256,35.6461,  38.3,22405,-58.2,-88.1,-83.3,  1,  2, 0.01,154, 2.4
2025-05-17 21:31:40,-96.2257,35.6462,  38.2,22422,-58.3,-88.1,-83.3,  1,  2, 0.01,156, 2.3
2025-05-17 21:31:43,-96.2256,35.6463,  38.1,22434,-58.4,-88.1,-83.4,  1,  2, 0.01,157, 2.3
2025-05-17 21:31:46,-96.2257,35.6464,  38.0,22450,-58.4,-88.1,-83.4,  1,  2, 0.01,156, 2.2
2025-05-17 21:31:49,-96.2257,35.6464,  37.9,22469,-58.5,-88.1,-83.4,  1,  2, 0.01,155, 2.1
2025-05-17 21:31:52,-96.2257,35.6464,  37.8,22486,-58.5,-88.1,-83.4,  1,  2, 0.01,152, 1.9
2025-05-17 21:31:55,-96.2258,35.6465,  37.7,22502,-58.6,-88.1,-83.4,  1,  2, 0.01,147, 1.7
2025-05-17 21:31:59,-96.2259,35.6465,  37.6,22518,-58.7,-88.2,-83.4,  1,  2, 0.01,140, 1.4
2025-05-17 21:32:02,-96.2259,35.6465,  37.5,22537,-58.7,-88.3,-83.5,  1,  2, 0.01,127, 1.2
2025-05-17 21:32:05,-96.2259,35.6465,  37.4,22556,-58.8,-88.3,-83.5,  1,  2, 0.00,113, 1.0
2025-05-17 21:32:08,-96.2259,35.6465,  37.3,22572,-58.8,-88.3,-83.6,  1,  2, 0.00, 99, 1.0
2025-05-17 21:32:11,-96.2259,35.6465,  37.2,22588,-58.7,-88.3,-83.6,  1,  2, 0.00, 85, 1.0
2025-05-17 21:32:14,-96.2260,35.6464,  37.1,22604,-58.7,-88.3,-83.6,  1,  2, 0.00, 74, 1.0
2025-05-17 21:32:17,-96.2260,35.6464,  37.0,22621,-58.6,-88.3,-83.6,  1,  2, 0.00, 66, 1.2
2025-05-17 21:32:19,-96.2261,35.6464,  36.9,22639,-58.6,-88.4,-83.6,  1,  2, 0.01, 62, 1.3
2025-05-17 21:32:22,-96.2260,35.6464,  36.8,22652,-58.6,-88.4,-83.6,  1,  2, 0.01, 60, 1.4
2025-05-17 21:32:25,-96.2261,35.6464,  36.7,22670,-58.6,-88.4,-83.6,  1,  2, 0.01, 59, 1.6
2025-05-17 21:32:29,-96.2261,35.6464,  36.6,22687,-58.6,-88.4,-83.6,  1,  2, 0.01, 58, 1.8
2025-05-17 21:32:32,-96.2263,35.6463,  36.5,22708,-58.6,-88.4,-83.6,  1,  2, 0.01, 58, 2.0
2025-05-17 21:32:35,-96.2263,35.6463,  36.4,22724,-58.6,-88.4,-83.7,  1,  2, 0.00, 58, 2.2
2025-05-17 21:32:38,-96.2264,35.6462,  36.3,22739,-58.6,-88.5,-83.7,  1,  2, 0.00, 58, 2.3
2025-05-17 21:32:41,-96.2265,35.6462,  36.2,22758,-58.6,-88.4,-83.7,  1,  2, 0.01, 58, 2.3
2025-05-17 21:32:44,-96.2266,35.6462,  36.1,22774,-58.4,-88.4,-83.6,  1,  2, 0.01, 58, 2.3
2025-05-17 21:32:48,-96.2267,35.6462,  36.0,22790,-58.4,-88.4,-83.6,  1,  2, 0.01, 59, 2.3
2025-05-17 21:32:51,-96.2267,35.6461,  35.9,22812,-58.3,-88.4,-83.6,  1,  2, 0.01, 61, 2.2
2025-05-17 21:32:54,-96.2267,35.6461,  35.8,22827,-58.3,-88.4,-83.6,  1,  2, 0.01, 63, 2.2
2025-05-17 21:32:58,-96.2268,35.6460,  35.7,22842,-58.3,-88.4,-83.7,  1,  2, 0.01, 65, 2.2
2025-05-17 21:33:01,-96.2269,35.6460,  35.6,22864,-58.3,-88.4,-83.7,  1,  2, 0.01, 69, 2.2
2025-05-17 21:33:04,-96.2270,35.6461,  35.5,22880,-58.3,-88.4,-83.6,  1,  2, 0.01, 72, 2.3
2025-05-17 21:33:08,-96.2271,35.6460,  35.4,22896,-58.2,-88.4,-83.6,  1,  2, 0.01, 74, 2.3
2025-05-17 21:33:11,-96.2272,35.6460,  35.3,22914,-58.2,-88.4,-83.6,  1,  2, 0.01, 77, 2.4
2025-05-17 21:33:15,-96.2273,35.6460,  35.2,22931,-58.2,-88.4,-83.6,  1,  2, 0.01, 78, 2.4
2025-05-17 21:33:18,-96.2274,35.6460,  35.1,22953,-58.1,-88.3,-83.6,  1,  2, 0.01, 81, 2.4
2025-05-17 21:33:21,-96.2275,35.6459,  35.0,22967,-58.1,-88.3,-83.6,  1,  2, 0.01, 83, 2.3
2025-05-17 21:33:25,-96.2275,35.6459,  34.9,22985,-58.0,-88.3,-83.6,  1,  2, 0.01, 87, 2.2
2025-05-17 21:33:29,-96.2276,35.6460,  34.8,23004,-57.9,-88.2,-83.5,  1,  2, 0.01, 94, 2.0
2025-05-17 21:33:32,-96.2277,35.6460,  34.7,23024,-57.8,-88.2,-83.4,  1,  2, 0.01,104, 1.8
2025-05-17 21:33:36,-96.2278,35.6460,  34.6,23040,-57.7,-88.2,-83.4,  1,  2, 0.01,114, 1.7
2025-05-17 21:33:39,-96.2278,35.6460,  34.5,23062,-57.6,-88.2,-83.4,  1,  2, 0.01,129, 1.6
2025-05-17 21:33:42,-96.2278,35.6461,  34.4,23079,-57.6,-88.2,-83.4,  1,  2, 0.01,139, 1.6
2025-05-17 21:33:46,-96.2279,35.6461,  34.3,23094,-57.5,-88.2,-83.5,  1,  2, 0.01,148, 1.6
2025-05-17 21:33:49,-96.2278,35.6462,  34.2,23114,-57.5,-88.3,-83.6,  1,  2, 0.01,157, 1.6
2025-05-17 21:33:53,-96.2279,35.6463,  34.1,23130,-57.4,-88.4,-83.6,  1,  2, 0.01,162, 1.5
2025-05-17 21:33:57,-96.2279,35.6463,  34.0,23151,-57.1,-88.4,-83.6,  1,  2, 0.01,169, 1.4
2025-05-17 21:34:00,-96.2279,35.6463,  33.9,23170,-56.6,-88.2,-83.4,  1,  2, 0.01,175, 1.2
2025-05-17 21:34:04,-96.2279,35.6464,  33.8,23187,-56.2,-88.0,-83.3,  1,  2, 0.01,183, 1.1
2025-05-17 21:34:09,-96.2279,35.6465,  33.7,23207,-56.0,-88.0,-83.2,  1,  2, 0.01,197, 0.9
2025-05-17 21:34:12,-96.2279,35.6464,  33.6,23228,-55.8,-87.8,-83.1,  1,  2, 0.01,224, 0.8
2025-05-17 21:34:16,-96.2278,35.6465,  33.5,23243,-55.6,-87.7,-82.9,  1,  2, 0.01,238, 0.9
2025-05-17 21:34:20,-96.2278,35.6464,  33.4,23263,-55.5,-87.6,-82.8,  1,  2, 0.01,253, 1.0
2025-05-17 21:34:24,-96.2277,35.6465,  33.3,23284,-55.5,-87.5,-82.8,  1,  2, 0.01,262, 1.1
2025-05-17 21:34:28,-96.2276,35.6464,  33.2,23302,-55.6,-87.5,-82.8,  1,  2, 0.01,269, 1.1
2025-05-17 21:34:32,-96.2275,35.6465,  33.1,23322,-55.5,-87.5,-82.7,  1,  2, 0.01,279, 1.0
2025-05-17 21:34:36,-96.2275,35.6465,  33.0,23341,-55.4,-87.4,-82.6,  1,  2, 0.01,296, 0.7
2025-05-17 21:34:40,-96.2276,35.6464,  32.9,23360,-55.2,-87.2,-82.5,  1,  2, 0.01,334, 0.6
2025-05-17 21:34:44,-96.2276,35.6464,  32.8,23379,-55.0,-87.1,-82.4,  1,  2, 0.01, 18, 0.8
2025-05-17 21:34:48,-96.2276,35.6463,  32.7,23397,-54.8,-87.0,-82.2,  1,  2, 0.01, 40, 1.3
2025-05-17 21:34:52,-96.2277,35.6463,  32.6,23417,-54.6,-86.9,-82.2,  1,  2, 0.01, 51, 1.9
2025-05-17 21:34:56,-96.2278,35.6463,  32.5,23437,-54.6,-86.9,-82.1,  1,  2, 0.01, 58, 2.5
2025-05-17 21:35:00,-96.2280,35.6462,  32.4,23457,-54.6,-86.9,-82.1,  1,  2, 0.01, 63, 3.1
2025-05-17 21:35:04,-96.2281,35.6462,  32.3,23478,-54.6,-86.9,-82.1,  1,  2, 0.01, 67, 3.6
2025-05-17 21:35:08,-96.2284,35.6461,  32.2,23497,-54.7,-86.9,-82.1,  1,  2, 0.01, 72, 4.2
2025-05-17 21:35:12,-96.2286,35.6460,  32.1,23517,-54.7,-86.9,-82.1,  1,  2, 0.01, 76, 4.7
2025-05-17 21:35:15,-96.2287,35.6460,  32.0,23538,-54.6,-86.8,-82.0,  1,  2, 0.01, 79, 5.2
2025-05-17 21:35:19,-96.2290,35.6460,  31.9,23555,-54.5,-86.7,-82.0,  1,  2, 0.01, 82, 5.5
2025-05-17 21:35:24,-96.2293,35.6460,  31.8,23575,-54.4,-86.7,-81.9,  1,  2, 0.01, 85, 5.9
2025-05-17 21:35:28,-96.2297,35.6460,  31.7,23599,-54.5,-86.7,-82.0,  1,  2, 0.01, 88, 6.2
2025-05-17 21:35:32,-96.2300,35.6460,  31.6,23619,-54.6,-86.8,-82.0,  1,  2, 0.01, 89, 6.3
2025-05-17 21:35:36,-96.2303,35.6460,  31.5,23638,-54.5,-86.7,-82.0,  1,  2, 0.01, 91, 6.2
2025-05-17 21:35:40,-96.2306,35.6460,  31.4,23658,-54.5,-86.7,-81.9,  1,  2, 0.01, 92, 6.0
2025-05-17 21:35:44,-96.2308,35.6460,  31.3,23677,-54.5,-86.6,-81.9,  1,  2, 0.01, 93, 5.7
2025-05-17 21:35:48,-96.2310,35.6460,  31.2,23697,-54.5,-86.6,-81.8,  1,  2, 0.01, 94, 5.3
2025-05-17 21:35:53,-96.2313,35.6461,  31.1,23717,-54.7,-86.7,-81.9,  1,  2, 0.01, 95, 4.8
2025-05-17 21:35:56,-96.2314,35.6461,  31.0,23742,-54.8,-86.7,-81.9,  1,  2, 0.01, 96, 4.2
2025-05-17 21:36:00,-96.2315,35.6461,  30.9,23758,-54.8,-86.7,-81.9,  1,  2, 0.01, 97, 3.9
2025-05-17 21:36:04,-96.2317,35.6462,  30.8,23780,-54.7,-86.6,-81.9,  1,  2, 0.01, 97, 3.4
2025-05-17 21:36:08,-96.2318,35.6461,  30.7,23801,-54.7,-86.6,-81.9,  1,  2, 0.01, 96, 2.8
2025-05-17 21:36:13,-96.2319,35.6462,  30.6,23821,-54.8,-86.7,-82.0,  1,  2, 0.01, 93, 2.4
2025-05-17 21:36:17,-96.2320,35.6462,  30.5,23845,-54.8,-86.8,-82.0,  1,  2, 0.01, 84, 1.9
2025-05-17 21:36:21,-96.2320,35.6461,  30.4,23865,-54.7,-86.8,-82.1,  1,  2, 0.01, 72, 1.7
2025-05-17 21:36:25,-96.2320,35.6462,  30.3,23886,-54.6,-86.8,-82.0,  1,  2, 0.01, 59, 1.7
2025-05-17 21:36:29,-96.2321,35.6460,  30.2,23907,-54.5,-86.8,-82.0,  1,  2, 0.01, 50, 2.0
2025-05-17 21:36:34,-96.2322,35.6460,  30.1,23930,-54.5,-86.8,-82.0,  1,  2, 0.01, 44, 2.2
2025-05-17 21:36:37,-96.2323,35.6459,  30.0,23957,-54.4,-86.8,-82.0,  1,  2, 0.01, 41, 2.4
2025-05-17 21:36:41,-96.2324,35.6458,  29.9,23972,-54.4,-86.8,-82.0,  1,  2, 0.01, 40, 2.4
2025-05-17 21:36:45,-96.2324,35.6457,  29.8,23993,-54.3,-86.8,-82.0,  1,  2, 0.01, 41, 2.2
2025-05-17 21:36:49,-96.2325,35.6456,  29.7,24014,-54.3,-86.8,-82.0,  1,  2, 0.01, 43, 1.9
2025-05-17 21:36:52,-96.2325,35.6457,  29.6,24037,-54.2,-86.8,-82.1,  1,  2, 0.01, 50, 1.5
2025-05-17 21:36:56,-96.2326,35.6456,  29.5,24054,-54.1,-86.8,-82.1,  1,  2, 0.01, 60, 1.1
2025-05-17 21:37:00,-96.2325,35.6457,  29.4,24078,-53.8,-86.8,-82.0,  1,  2, 0.01, 86, 0.9
2025-05-17 21:37:04,-96.2326,35.6457,  29.3,24101,-53.5,-86.7,-81.9,  1,  2, 0.01,116, 0.8
2025-05-17 21:37:08,-96.2327,35.6458,  29.2,24122,-53.4,-86.6,-81.9,  1,  2, 0.01,132, 1.0
2025-05-17 21:37:12,-96.2326,35.6458,  29.1,24145,-53.3,-86.6,-81.8,  1,  2, 0.01,136, 1.1
2025-05-17 21:37:15,-96.2327,35.6459,  29.0,24169,-53.1,-86.4,-81.7,  1,  2, 0.01,131, 1.2
2025-05-17 21:37:19,-96.2327,35.6459,  28.9,24188,-53.1,-86.4,-81.6,  1,  2, 0.01,124, 1.2
2025-05-17 21:37:23,-96.2328,35.6459,  28.8,24211,-53.0,-86.3,-81.6,  1,  2, 0.01,108, 1.3
2025-05-17 21:37:27,-96.2328,35.6459,  28.7,24233,-53.0,-86.3,-81.5,  1,  2, 0.01, 94, 1.5
2025-05-17 21:37:31,-96.2330,35.6458,  28.6,24257,-53.0,-86.2,-81.5,  1,  2, 0.01, 82, 1.8
2025-05-17 21:37:35,-96.2331,35.6458,  28.5,24276,-52.9,-86.1,-81.4,  1,  2, 0.01, 74, 2.2
2025-05-17 21:37:39,-96.2331,35.6458,  28.4,24302,-52.8,-86.1,-81.3,  1,  2, 0.01, 69, 2.5
2025-05-17 21:37:43,-96.2334,35.6457,  28.3,24324,-52.8,-86.1,-81.3,  1,  2, 0.01, 67, 2.7
2025-05-17 21:37:47,-96.2334,35.6456,  28.2,24348,-53.0,-86.2,-81.4,  1,  2, 0.01, 66, 2.7
2025-05-17 21:37:51,-96.2336,35.6456,  28.1,24371,-53.0,-86.2,-81.4,  1,  2, 0.01, 66, 2.7
2025-05-17 21:37:55,-96.2336,35.6456,  28.0,24395,-52.9,-86.2,-81.4,  1,  2, 0.01, 67, 2.6
2025-05-17 21:38:00,-96.2338,35.6456,  27.9,24418,-52.8,-86.1,-81.3,  1,  2, 0.01, 67, 2.4
2025-05-17 21:38:03,-96.2338,35.6456,  27.8,24441,-52.7,-86.0,-81.2,  1,  2, 0.01, 68, 2.2
2025-05-17 21:38:07,-96.2339,35.6455,  27.7,24463,-52.6,-86.0,-81.3,  1,  2, 0.01, 68, 2.1
2025-05-17 21:38:11,-96.2339,35.6455,  27.6,24485,-52.7,-86.1,-81.3,  1,  2, 0.01, 69, 2.1
2025-05-17 21:38:15,-96.2340,35.6455,  27.5,24507,-52.6,-86.0,-81.3,  1,  2, 0.01, 72, 2.2
2025-05-17 21:38:19,-96.2341,35.6454,  27.4,24530,-52.4,-85.9,-81.1,  1,  2, 0.01, 77, 2.4
2025-05-17 21:38:23,-96.2342,35.6454,  27.3,24554,-52.4,-85.9,-81.1,  1,  2, 0.01, 83, 2.8
2025-05-17 21:38:28,-96.2344,35.6454,  27.2,24578,-52.6,-86.0,-81.2,  1,  2, 0.01, 90, 3.2
2025-05-17 21:38:32,-96.2347,35.6454,  27.1,24605,-52.5,-86.0,-81.2,  1,  2, 0.01, 96, 3.8
2025-05-17 21:38:36,-96.2348,35.6455,  27.0,24630,-52.4,-85.9,-81.1,  1,  2, 0.01,100, 4.3
2025-05-17 21:38:40,-96.2351,35.6455,  26.9,24652,-52.3,-85.9,-81.2,  1,  2, 0.01,103, 4.7
2025-05-17 21:38:45,-96.2354,35.6457,  26.8,24675,-52.3,-86.0,-81.2,  1,  2, 0.01,105, 4.9
2025-05-17 21:38:49,-96.2356,35.6456,  26.7,24702,-52.2,-86.0,-81.2,  1,  1, 0.01,107, 5.1
2025-05-17 21:38:54,-96.2360,35.6457,  26.6,24725,-52.1,-86.0,-81.2,  1,  1, 0.01,109, 5.1
2025-05-17 21:38:58,-96.2360,35.6458,  26.5,24750,-51.9,-85.9,-81.2,  1,  1, 0.01,112, 4.9
2025-05-17 21:39:02,-96.2364,35.6459,  26.4,24773,-51.8,-85.9,-81.1,  1,  1, 0.01,115, 4.7
2025-05-17 21:39:06,-96.2364,35.6460,  26.3,24795,-51.7,-85.9,-81.1,  1,  1, 0.01,117, 4.5
2025-05-17 21:39:11,-96.2366,35.6460,  26.2,24823,-51.6,-85.9,-81.1,  1,  1, 0.01,120, 4.4
2025-05-17 21:39:15,-96.2368,35.6462,  26.1,24847,-51.4,-85.7,-81.0,  1,  1, 0.01,124, 4.4
2025-05-17 21:39:20,-96.2369,35.6463,  26.0,24868,-51.3,-85.7,-80.9,  1,  1, 0.01,126, 4.4
2025-05-17 21:39:24,-96.2371,35.6463,  25.9,24897,-51.2,-85.6,-80.9,  1,  1, 0.01,129, 4.7
2025-05-17 21:39:29,-96.2373,35.6465,  25.8,24920,-51.1,-85.6,-80.8,  1,  1, 0.01,132, 4.9
2025-05-17 21:39:34,-96.2375,35.6468,  25.7,24947,-51.0,-85.5,-80.7,  1,  1, 0.01,135, 5.1
2025-05-17 21:39:38,-96.2378,35.6469,  25.6,24973,-50.9,-85.4,-80.7,  1,  1, 0.01,139, 5.3
2025-05-17 21:39:43,-96.2379,35.6471,  25.5,24996,-50.9,-85.4,-80.7,  1,  1, 0.01,142, 5.4
2025-05-17 21:39:47,-96.2380,35.6473,  25.4,25021,-50.9,-85.4,-80.7,  1,  1, 0.01,145, 5.4
2025-05-17 21:39:52,-96.2382,35.6474,  25.3,25046,-50.9,-85.4,-80.6,  1,  1, 0.01,147, 5.3
2025-05-17 21:39:57,-96.2383,35.6477,  25.2,25071,-50.9,-85.4,-80.6,  1,  1, 0.01,150, 5.2
2025-05-17 21:40:01,-96.2384,35.6479,  25.1,25099,-50.9,-85.3,-80.6,  1,  1, 0.01,152, 5.1
2025-05-17 21:40:06,-96.2385,35.6480,  25.0,25124,-50.8,-85.3,-80.6,  1,  1, 0.01,152, 5.0
2025-05-17 21:40:11,-96.2386,35.6483,  24.9,25150,-50.7,-85.3,-80.5,  1,  1, 0.01,152, 4.9
2025-05-17 21:40:15,-96.2387,35.6484,  24.8,25179,-50.6,-85.2,-80.5,  1,  1, 0.01,150, 4.6
2025-05-17 21:40:20,-96.2389,35.6485,  24.7,25201,-50.5,-85.2,-80.4,  1,  1, 0.01,148, 4.5
2025-05-17 21:40:24,-96.2389,35.6487,  24.6,25232,-50.5,-85.1,-80.4,  1,  1, 0.01,145, 4.3
2025-05-17 21:40:28,-96.2391,35.6487,  24.5,25256,-50.6,-85.1,-80.4,  1,  1, 0.01,143, 4.3
2025-05-17 21:40:33,-96.2392,35.6489,  24.4,25281,-50.7,-85.2,-80.4,  1,  1, 0.01,141, 4.4
2025-05-17 21:40:38,-96.2394,35.6491,  24.3,25308,-50.7,-85.2,-80.4,  1,  1, 0.01,139, 4.5
2025-05-17 21:40:43,-96.2396,35.6493,  24.2,25337,-50.7,-85.2,-80.4,  1,  1, 0.01,137, 4.6
2025-05-17 21:40:47,-96.2398,35.6494,  24.1,25365,-50.6,-85.1,-80.4,  1,  1, 0.01,135, 4.6
2025-05-17 21:40:51,-96.2399,35.6496,  24.0,25391,-50.6,-85.1,-80.4,  1,  1, 0.01,134, 4.5
2025-05-17 21:40:56,-96.2401,35.6496,  23.9,25417,-50.6,-85.1,-80.4,  1,  1, 0.01,133, 4.2
2025-05-17 21:41:00,-96.2402,35.6497,  23.8,25446,-50.6,-85.1,-80.4,  1,  1, 0.01,133, 3.6
2025-05-17 21:41:05,-96.2403,35.6498,  23.7,25471,-50.6,-85.1,-80.4,  1,  1, 0.01,132, 3.2
2025-05-17 21:41:09,-96.2403,35.6498,  23.6,25502,-50.6,-85.2,-80.4,  1,  1, 0.01,132, 2.7
2025-05-17 21:41:13,-96.2404,35.6499,  23.5,25527,-50.7,-85.2,-80.4,  1,  1, 0.01,132, 2.5
2025-05-17 21:41:18,-96.2404,35.6500,  23.4,25554,-50.6,-85.2,-80.4,  1,  1, 0.01,133, 2.5
2025-05-17 21:41:22,-96.2407,35.6500,  23.3,25586,-50.5,-85.2,-80.4,  1,  1, 0.01,134, 2.7
2025-05-17 21:41:27,-96.2407,35.6502,  23.2,25609,-50.5,-85.2,-80.5,  1,  1, 0.01,135, 3.0
2025-05-17 21:41:32,-96.2408,35.6502,  23.1,25639,-50.5,-85.3,-80.5,  1,  1, 0.01,135, 3.4
2025-05-17 21:41:36,-96.2410,35.6503,  23.0,25670,-50.5,-85.3,-80.6,  1,  1, 0.01,135, 3.8
2025-05-17 21:41:41,-96.2411,35.6506,  22.9,25695,-50.5,-85.4,-80.6,  1,  1, 0.01,135, 4.0
2025-05-17 21:41:45,-96.2413,35.6506,  22.8,25726,-50.3,-85.3,-80.6,  1,  1, 0.01,135, 4.2
2025-05-17 21:41:50,-96.2416,35.6508,  22.7,25750,-50.2,-85.3,-80.5,  1,  1, 0.01,135, 4.2
2025-05-17 21:41:55,-96.2417,35.6510,  22.6,25781,-50.0,-85.2,-80.5,  1,  1, 0.01,137, 4.0
2025-05-17 21:42:00,-96.2418,35.6510,  22.5,25811,-49.8,-85.1,-80.4,  1,  1, 0.01,141, 3.7
2025-05-17 21:42:04,-96.2419,35.6512,  22.4,25842,-49.7,-85.0,-80.3,  1,  1, 0.01,145, 3.3
2025-05-17 21:42:10,-96.2419,35.6514,  22.3,25869,-49.7,-85.0,-80.2,  1,  1, 0.01,148, 2.9
2025-05-17 21:42:14,-96.2420,35.6513,  22.2,25901,-49.8,-85.0,-80.2,  1,  1, 0.01,148, 2.4
2025-05-17 21:42:20,-96.2420,35.6514,  22.1,25925,-49.8,-84.9,-80.2,  1,  1, 0.01,144, 2.1
2025-05-17 21:42:26,-96.2421,35.6515,  22.0,25957,-49.8,-84.9,-80.1,  1,  1, 0.02,132, 1.8
2025-05-17 21:42:31,-96.2422,35.6515,  21.9,25989,-49.9,-84.9,-80.2,  1,  1, 0.02,121, 1.7
2025-05-17 21:42:37,-96.2424,35.6515,  21.8,26016,-50.0,-85.0,-80.2,  1,  1, 0.01,120, 1.6
2025-05-17 21:42:43,-96.2424,35.6515,  21.7,26046,-50.0,-85.0,-80.3,  1,  1, 0.01,128, 1.5
2025-05-17 21:42:48,-96.2424,35.6516,  21.6,26079,-50.0,-85.1,-80.3,  1,  1, 0.01,146, 1.5
2025-05-17 21:42:54,-96.2424,35.6518,  21.5,26106,-49.8,-85.0,-80.2,  1,  1, 0.02,161, 1.7
2025-05-17 21:43:01,-96.2424,35.6520,  21.4,26136,-49.7,-84.9,-80.1,  1,  1, 0.02,170, 2.0
2025-05-17 21:43:07,-96.2425,35.6521,  21.3,26169,-49.7,-84.9,-80.1,  1,  1, 0.02,171, 2.1
2025-05-17 21:43:13,-96.2426,35.6521,  21.2,26199,-49.8,-85.0,-80.2,  1,  1, 0.02,165, 2.0
2025-05-17 21:43:19,-96.2426,35.6521,  21.1,26229,-49.9,-85.0,-80.3,  1,  1, 0.02,154, 1.8
2025-05-17 21:43:26,-96.2428,35.6522,  21.0,26258,-49.9,-85.1,-80.3,  1,  1, 0.02,141, 1.6
2025-05-17 21:43:33,-96.2429,35.6522,  20.9,26289,-49.8,-85.0,-80.3,  1,  1, 0.02,131, 1.6
2025-05-17 21:43:40,-96.2430,35.6523,  20.8,26324,-49.7,-85.1,-80.3,  1,  1, 0.02,133, 1.7
2025-05-17 21:43:47,-96.2430,35.6524,  20.7,26352,-49.7,-85.1,-80.4,  1,  1, 0.02,146, 1.9
2025-05-17 21:43:54,-96.2430,35.6526,  20.6,26384,-49.5,-85.1,-80.4,  1,  1, 0.02,160, 2.2
2025-05-17 21:44:01,-96.2430,35.6528,  20.5,26416,-49.3,-85.2,-80.5,  1,  1, 0.02,169, 2.5
2025-05-17 21:44:08,-96.2430,35.6530,  20.4,26450,-48.8,-85.1,-80.3,  1,  1, 0.02,173, 2.4
2025-05-17 21:44:15,-96.2430,35.6531,  20.3,26481,-48.3,-85.0,-80.2,  1,  1, 0.02,171, 2.0
2025-05-17 21:44:21,-96.2431,35.6532,  20.2,26515,-47.8,-84.8,-80.0,  1,  1, 0.02,159, 1.6
2025-05-17 21:44:30,-96.2432,35.6532,  20.1,26548,-47.6,-84.6,-79.8,  1,  1, 0.02,140, 1.4
2025-05-17 21:44:34,-96.2433,35.6533,  20.0,26594,-47.7,-84.4,-79.7,  1,  1, 0.02,105, 1.8
2025-05-17 21:44:40,-96.2436,35.6532,  19.9,26613,-47.8,-84.4,-79.7,  1,  1, 0.02, 99, 2.0
2025-05-17 21:44:46,-96.2437,35.6532,  19.8,26646,-47.9,-84.4,-79.6,  1,  1, 0.02, 95, 2.3
2025-05-17 21:44:52,-96.2438,35.6532,  19.7,26680,-47.8,-84.2,-79.5,  1,  1, 0.02,100, 2.4
2025-05-17 21:44:58,-96.2439,35.6532,  19.6,26714,-47.7,-84.2,-79.4,  1,  1, 0.02,115, 2.3
2025-05-17 21:45:03,-96.2441,35.6534,  19.5,26749,-47.9,-84.3,-79.6,  1,  1, 0.02,137, 2.4
2025-05-17 21:45:09,-96.2442,35.6535,  19.4,26780,-48.0,-84.4,-79.6,  1,  1, 0.02,155, 2.7
2025-05-17 21:45:14,-96.2440,35.6537,  19.3,26816,-47.8,-84.3,-79.6,  1,  1, 0.02,167, 3.1
2025-05-17 21:45:20,-96.2440,35.6540,  19.2,26849,-47.6,-84.3,-79.5,  1,  1, 0.02,173, 3.4
2025-05-17 21:45:25,-96.2442,35.6541,  19.1,26886,-47.3,-84.2,-79.5,  1,  1, 0.02,177, 3.5
2025-05-17 21:45:30,-96.2442,35.6541,  19.0,26918,-47.2,-84.2,-79.5,  1,  1, 0.02,180, 3.5
2025-05-17 21:45:35,-96.2441,35.6543,  18.9,26951,-47.1,-84.2,-79.4,  1,  1, 0.02,184, 3.6
2025-05-17 21:45:40,-96.2441,35.6546,  18.8,26987,-47.1,-84.2,-79.4,  1,  1, 0.02,188, 3.9
2025-05-17 21:45:46,-96.2441,35.6549,  18.7,27020,-47.2,-84.2,-79.4,  1,  1, 0.02,191, 4.2
2025-05-17 21:45:51,-96.2440,35.6550,  18.6,27060,-47.3,-84.1,-79.4,  1,  1, 0.02,195, 4.8
2025-05-17 21:45:56,-96.2438,35.6552,  18.5,27095,-47.5,-84.2,-79.4,  1,  1, 0.02,196, 5.5
2025-05-17 21:46:01,-96.2437,35.6556,  18.4,27132,-47.6,-84.2,-79.5,  1,  1, 0.02,197, 6.2
2025-05-17 21:46:06,-96.2437,35.6559,  18.3,27168,-47.7,-84.3,-79.5,  1,  1, 0.02,197, 6.7
2025-05-17 21:46:11,-96.2435,35.6562,  18.2,27202,-47.6,-84.3,-79.6,  1,  1, 0.02,197, 7.0
2025-05-17 21:46:16,-96.2434,35.6567,  18.1,27238,-47.5,-84.3,-79.6,  1,  1, 0.02,198, 6.9
2025-05-17 21:46:22,-96.2432,35.6570,  18.0,27272,-47.3,-84.3,-79.5,  1,  1, 0.02,199, 6.4
2025-05-17 21:46:27,-96.2432,35.6570,  17.9,27313,-47.2,-84.3,-79.5,  1,  1, 0.02,201, 5.5
2025-05-17 21:46:32,-96.2430,35.6573,  17.8,27347,-47.1,-84.3,-79.5,  1,  1, 0.02,204, 4.9
2025-05-17 21:46:38,-96.2429,35.6574,  17.7,27385,-47.1,-84.3,-79.5,  1,  1, 0.02,206, 4.5
2025-05-17 21:46:43,-96.2429,35.6575,  17.6,27425,-46.9,-84.1,-79.4,  1,  1, 0.02,209, 4.5
2025-05-17 21:46:48,-96.2427,35.6578,  17.5,27459,-46.9,-84.1,-79.4,  1,  1, 0.02,210, 4.8
2025-05-17 21:46:54,-96.2425,35.6581,  17.4,27495,-47.1,-84.2,-79.5,  1,  1, 0.02,210, 5.2
2025-05-17 21:47:00,-96.2422,35.6585,  17.3,27536,-47.3,-84.3,-79.5,  1,  1, 0.02,210, 5.5
2025-05-17 21:47:05,-96.2422,35.6585,  17.2,27578,-47.1,-84.2,-79.5,  1,  1, 0.02,211, 5.5
2025-05-17 21:47:12,-96.2420,35.6588,  17.1,27610,-47.1,-84.3,-79.5,  1,  1, 0.02,214, 5.4
2025-05-17 21:47:18,-96.2418,35.6591,  17.0,27653,-47.0,-84.3,-79.6,  1,  1, 0.02,219, 5.1
2025-05-17 21:47:25,-96.2414,35.6593,  16.9,27689,-46.9,-84.3,-79.5,  1,  1, 0.02,225, 4.9
2025-05-17 21:47:31,-96.2412,35.6595,  16.8,27732,-46.7,-84.2,-79.4,  1,  1, 0.02,231, 4.6
2025-05-17 21:47:38,-96.2409,35.6596,  16.7,27771,-46.8,-84.2,-79.4,  1,  1, 0.02,233, 4.3
2025-05-17 21:47:45,-96.2407,35.6597,  16.6,27809,-46.8,-84.2,-79.4,  1,  1, 0.02,230, 3.8
2025-05-17 21:47:52,-96.2406,35.6598,  16.5,27850,-46.8,-84.2,-79.5,  1,  1, 0.02,223, 3.3
2025-05-17 21:47:58,-96.2404,35.6599,  16.4,27889,-46.9,-84.3,-79.5,  1,  1, 0.02,215, 3.1
2025-05-17 21:48:06,-96.2404,35.6601,  16.3,27928,-47.0,-84.3,-79.5,  1,  1, 0.02,212, 3.1
2025-05-17 21:48:14,-96.2402,35.6604,  16.2,27971,-46.9,-84.2,-79.5,  1,  1, 0.02,213, 3.3
2025-05-17 21:48:21,-96.2399,35.6606,  16.1,28012,-47.1,-84.4,-79.6,  1,  1, 0.02,215, 3.4
2025-05-17 21:48:29,-96.2399,35.6608,  16.0,28050,-46.9,-84.4,-79.6,  1,  1, 0.02,212, 3.2
2025-05-17 21:48:38,-96.2398,35.6610,  15.9,28092,-46.6,-84.4,-79.6,  1,  1, 0.02,204, 2.6
2025-05-17 21:48:47,-96.2397,35.6611,  15.8,28135,-46.1,-84.3,-79.5,  1,  1, 0.02,196, 2.0
2025-05-17 21:48:55,-96.2397,35.6611,  15.7,28180,-45.7,-84.2,-79.4,  1,  1, 0.02,196, 1.5
2025-05-17 21:49:03,-96.2396,35.6612,  15.6,28221,-45.6,-84.2,-79.4,  1,  1, 0.02,196, 1.4
2025-05-17 21:49:11,-96.2397,35.6614,  15.5,28264,-45.4,-84.1,-79.3,  1,  1, 0.02,194, 1.7
2025-05-17 21:49:18,-96.2397,35.6615,  15.4,28306,-45.2,-83.9,-79.1,  1,  1, 0.03,196, 2.0
2025-05-17 21:49:26,-96.2396,35.6616,  15.3,28346,-45.1,-83.8,-79.1,  1,  1, 0.03,204, 2.0
2025-05-17 21:49:34,-96.2395,35.6618,  15.2,28390,-45.1,-83.9,-79.1,  1,  1, 0.03,221, 2.1
2025-05-17 21:49:42,-96.2393,35.6619,  15.1,28436,-44.9,-83.8,-79.0,  1,  1, 0.03,239, 2.2
2025-05-17 21:49:49,-96.2391,35.6619,  15.0,28483,-44.7,-83.7,-78.9,  1,  1, 0.03,249, 2.3
2025-05-17 21:49:56,-96.2389,35.6620,  14.9,28524,-44.6,-83.7,-79.0,  1,  1, 0.03,254, 2.0
2025-05-17 21:50:04,-96.2388,35.6620,  14.8,28569,-44.4,-83.6,-78.9,  1,  1, 0.03,259, 1.2
2025-05-17 21:50:11,-96.2388,35.6619,  14.7,28617,-44.3,-83.6,-78.8,  1,  1, 0.03, 10, 0.2
2025-05-17 21:50:19,-96.2390,35.6618,  14.6,28659,-44.3,-83.6,-78.8,  1,  1, 0.03, 63, 1.4
2025-05-17 21:50:26,-96.2392,35.6618,  14.5,28710,-44.2,-83.6,-78.8,  1,  1, 0.03, 75, 2.6
2025-05-17 21:50:33,-96.2395,35.6618,  14.4,28755,-44.0,-83.6,-78.8,  1,  1, 0.03, 86, 3.8
2025-05-17 21:50:40,-96.2401,35.6619,  14.3,28797,-43.8,-83.6,-78.8,  1,  1, 0.03, 95, 5.2
2025-05-17 21:50:47,-96.2407,35.6620,  14.2,28848,-43.4,-83.5,-78.8,  1,  1, 0.03,101, 6.6
2025-05-17 21:50:54,-96.2413,35.6621,  14.1,28893,-43.0,-83.2,-78.5,  1,  1, 0.03,106, 7.5
2025-05-17 21:51:01,-96.2419,35.6624,  14.0,28939,-42.8,-83.1,-78.4,  1,  1, 0.03,110, 7.6
2025-05-17 21:51:09,-96.2423,35.6625,  13.9,28987,-42.4,-82.9,-78.1,  1,  1, 0.03,117, 7.1
2025-05-17 21:51:16,-96.2426,35.6628,  13.8,29039,-42.2,-82.7,-78.0,  1,  1, 0.03,127, 6.4
2025-05-17 21:51:24,-96.2430,35.6631,  13.7,29085,-42.5,-82.9,-78.1,  1,  1, 0.03,136, 6.1
2025-05-17 21:51:31,-96.2433,35.6634,  13.6,29137,-42.6,-82.9,-78.2,  1,  1, 0.03,143, 6.1
2025-05-17 21:51:39,-96.2435,35.6638,  13.5,29184,-42.8,-82.9,-78.2,  1,  1, 0.03,150, 6.2
2025-05-17 21:51:47,-96.2437,35.6643,  13.4,29237,-43.0,-83.0,-78.3,  1,  1, 0.03,159, 6.6
2025-05-17 21:51:54,-96.2438,35.6647,  13.3,29290,-43.1,-83.1,-78.3,  1,  1, 0.03,169, 7.0
2025-05-17 21:52:02,-96.2437,35.6653,  13.2,29336,-43.1,-83.2,-78.4,  1,  1, 0.03,177, 7.5
2025-05-17 21:52:11,-96.2437,35.6659,  13.1,29386,-43.1,-83.2,-78.5,  1,  1, 0.03,182, 7.6
2025-05-17 21:52:20,-96.2438,35.6665,  13.0,29438,-42.9,-83.2,-78.4,  1,  1, 0.03,182, 7.0
2025-05-17 21:52:28,-96.2438,35.6670,  12.9,29493,-42.4,-82.9,-78.1,  1,  1, 0.04,178, 5.8
2025-05-17 21:52:37,-96.2438,35.6672,  12.8,29544,-42.1,-82.7,-77.9,  1,  1, 0.04,177, 4.9
2025-05-17 21:52:46,-96.2439,35.6674,  12.7,29597,-41.7,-82.4,-77.6,  1,  1, 0.04,189, 4.6
2025-05-17 21:52:56,-96.2436,35.6679,  12.6,29648,-41.6,-82.3,-77.5,  1,  1, 0.04,204, 5.2
2025-05-17 21:53:06,-96.2431,35.6683,  12.5,29704,-41.2,-82.1,-77.3,  1,  1, 0.04,212, 6.0
2025-05-17 21:53:16,-96.2429,35.6687,  12.4,29759,-40.7,-81.7,-77.0,  1,  1, 0.04,216, 5.9
2025-05-17 21:53:27,-96.2425,35.6691,  12.3,29813,-40.6,-81.7,-76.9,  1,  1, 0.05,218, 4.9
2025-05-17 21:53:37,-96.2424,35.6692,  12.2,29869,-40.0,-81.3,-76.5,  1,  1, 0.05,217, 3.7
2025-05-17 21:53:49,-96.2420,35.6697,  12.1,29922,-39.7,-81.1,-76.4,  1,  1, 0.05,215, 3.6
2025-05-17 21:53:59,-96.2418,35.6699,  12.0,29980,-39.5,-81.0,-76.2,  1,  1, 0.05,216, 4.6
2025-05-17 21:54:10,-96.2415,35.6705,  11.9,30039,-39.5,-80.9,-76.2,  1,  1, 0.05,214, 4.9
2025-05-17 21:54:21,-96.2413,35.6706,  11.8,30096,-38.8,-80.5,-75.8,  1,  1, 0.06,205, 3.7
2025-05-17 21:54:31,-96.2414,35.6707,  11.7,30153,-38.3,-80.2,-75.4,  1,  1, 0.06,190, 2.2
2025-05-17 21:54:41,-96.2413,35.6709,  11.6,30211,-38.1,-80.0,-75.3,  1,  1, 0.06,202, 2.0
2025-05-17 21:54:51,-96.2411,35.6712,  11.5,30273,-37.7,-79.8,-75.0,  1,  1, 0.07,226, 3.3
2025-05-17 21:55:00,-96.2405,35.6715,  11.4,30333,-37.4,-79.6,-74.8,  1,  1, 0.07,238, 4.9
2025-05-17 21:55:09,-96.2398,35.6716,  11.3,30392,-37.3,-79.5,-74.8,  1,  1, 0.07,245, 5.6
2025-05-17 21:55:18,-96.2394,35.6716,  11.2,30455,-37.3,-79.5,-74.8,  1,  1, 0.07,253, 5.5
2025-05-17 21:55:26,-96.2391,35.6717,  11.1,30518,-37.4,-79.6,-74.8,  1,  1, 0.07,260, 4.8
2025-05-17 21:55:35,-96.2387,35.6719,  11.0,30575,-37.3,-79.5,-74.8,  1,  1, 0.07,262, 3.7
2025-05-17 21:55:43,-96.2385,35.6719,  10.9,30641,-37.1,-79.4,-74.6,  1,  1, 0.07,254, 2.4
2025-05-17 21:55:52,-96.2385,35.6720,  10.8,30702,-37.2,-79.4,-74.7,  1,  1, 0.07,218, 1.4
2025-05-17 21:56:01,-96.2388,35.6721,  10.7,30766,-37.3,-79.5,-74.8,  1,  1, 0.07,164, 1.7
2025-05-17 21:56:10,-96.2390,35.6723,  10.6,30832,-37.4,-79.6,-74.8,  1,  1, 0.07,152, 2.5
2025-05-17 21:56:18,-96.2390,35.6726,  10.5,30901,-37.3,-79.5,-74.8,  1,  1, 0.07,168, 2.6
2025-05-17 21:56:27,-96.2388,35.6728,  10.4,30962,-37.7,-79.8,-75.0,  1,  1, 0.07,188, 2.7
2025-05-17 21:56:36,-96.2389,35.6731,  10.3,31033,-38.0,-80.0,-75.2,  1,  1, 0.07,191, 3.1
2025-05-17 21:56:45,-96.2390,35.6734,  10.2,31101,-38.0,-80.0,-75.2,  1,  1, 0.07,175, 3.8
2025-05-17 21:56:58,-96.2393,35.6737,  10.1,31166,-38.2,-80.1,-75.3,  1,  1, 0.07,163, 4.6
2025-05-17 21:57:04,-96.2395,35.6741,  10.0,31262,-38.8,-80.5,-75.7,  1,  1, 0.07,161, 5.2
2025-05-17 21:57:14,-96.2396,35.6745,   9.9,31301,-38.8,-80.5,-75.8,  1,  1, 0.07,166, 5.0
2025-05-17 21:57:25,-96.2393,35.6749,   9.8,31369,-38.7,-80.4,-75.7,  1,  1, 0.07,183, 4.2
2025-05-17 21:57:36,-96.2392,35.6752,   9.7,31439,-39.1,-80.7,-75.9,  1,  1, 0.07,211, 3.3
2025-05-17 21:57:49,-96.2385,35.6752,   9.6,31510,-39.4,-80.9,-76.2,  1,  1, 0.07,243, 3.0
2025-05-17 21:58:01,-96.2382,35.6748,   9.5,31582,-39.9,-81.2,-76.4,  1,  1, 0.06,286, 3.7
2025-05-17 21:58:17,-96.2377,35.6745,   9.4,31652,-39.8,-81.1,-76.4,  1,  1, 0.06,305, 4.3
2025-05-17 21:58:32,-96.2372,35.6746,   9.3,31726,-39.4,-80.9,-76.2,  1,  1, 0.07,296, 2.9
2025-05-17 21:58:48,-96.2372,35.6748,   9.2,31797,-39.5,-80.9,-76.2,  1,  1, 0.07,237, 1.9
2025-05-17 21:59:03,-96.2374,35.6753,   9.1,31873,-39.3,-80.8,-76.1,  1,  1, 0.07,178, 3.2
2025-05-17 21:59:20,-96.2371,35.6762,   9.0,31947,-38.6,-80.3,-75.6,  1,  1, 0.08,178, 5.1
2025-05-17 21:59:35,-96.2367,35.6767,   8.9,32023,-37.7,-79.8,-75.1,  1,  1, 0.08,211, 4.1
2025-05-17 21:59:50,-96.2362,35.6765,   8.8,32102,-38.0,-79.9,-75.2,  1,  1, 0.08,267, 3.1
2025-05-17 22:00:03,-96.2355,35.6761,   8.7,32182,-38.0,-80.0,-75.2,  1,  1, 0.08,299, 3.7
2025-05-17 22:00:15,-96.2355,35.6761,   8.6,32263,-37.5,-79.6,-74.9,  1,  1, 0.09,286, 3.1
2025-05-17 22:00:27,-96.2351,35.6764,   8.5,32340,-37.5,-79.6,-74.9,  1,  1, 0.09,239, 2.7
2025-05-17 22:00:38,-96.2352,35.6768,   8.4,32423,-37.3,-79.5,-74.8,  1,  1, 0.09,197, 3.8
2025-05-17 22:00:49,-96.2351,35.6775,   8.3,32503,-37.3,-79.5,-74.8,  1,  1, 0.09,181, 5.2
2025-05-17 22:01:00,-96.2354,35.6781,   8.2,32588,-37.4,-79.6,-74.8,  1,  1, 0.09,177, 6.4
2025-05-17 22:01:12,-96.2352,35.6789,   8.1,32670,-37.4,-79.6,-74.8,  1,  1, 0.10,178, 6.8
2025-05-17 22:01:22,-96.2352,35.6795,   8.0,32760,-37.6,-79.7,-75.0,  1,  1, 0.09,186, 6.0
2025-05-17 22:01:33,-96.2349,35.6796,   7.9,32843,-38.1,-80.1,-75.3,  1,  1, 0.09,196, 5.0
2025-05-17 22:01:45,-96.2347,35.6799,   7.8,32928,-38.4,-80.2,-75.5,  1,  1, 0.09,206, 3.5
2025-05-17 22:01:56,-96.2346,35.6798,   7.7,33018,-38.6,-80.4,-75.6,  1,  1, 0.09,224, 1.2
2025-05-17 22:02:08,-96.2349,35.6796,   7.6,33107,-38.7,-80.4,-75.7,  1,  1, 0.09, 12, 1.7
2025-05-17 22:02:22,-96.2350,35.6787,   7.5,33196,-38.1,-80.1,-75.3,  1,  1, 0.10, 20, 4.6
2025-05-17 22:02:36,-96.2358,35.6782,   7.4,33290,-37.6,-79.7,-75.0,  1,  1, 0.10, 28, 6.2
2025-05-17 22:02:53,-96.2366,35.6777,   7.3,33379,-37.4,-79.6,-74.8,  1,  1, 0.11, 48, 6.0
2025-05-17 22:03:12,-96.2377,35.6776,   7.2,33474,-37.0,-79.3,-74.6,  1,  1, 0.11, 72, 5.6
2025-05-17 22:03:43,-96.2395,35.6774,   7.1,33571,-36.7,-79.1,-74.4,  1,  1, 0.12, 93, 5.4
2025-05-17 22:03:53,-96.2400,35.6771,   7.0,33716,-36.3,-78.8,-74.1,  1,  1, 0.12, 61, 5.1
2025-05-17 22:04:14,-96.2407,35.6763,   6.9,33768,-36.0,-78.7,-73.9,  1,  1, 0.13, 45, 5.1